time_str,kernel,confidence_mode,physics_constraint_mode,localization_policy,localization_candidate_grid,adaptive_selected_radius_xy,adaptive_selected_sigma_xy,adaptive_selected_radius_z,adaptive_selected_sigma_z,adaptive_score,adaptive_reasons,adaptive_current_support,adaptive_context_support,adaptive_context_time_conf_mean,adaptive_obs_error_weight_mean,adaptive_role_gap_mps,adaptive_no_holdout_inputs_used,localization_radius_xy,localization_sigma_xy,localization_radius_z,localization_sigma_z,wind_records_total,holdout_wind_records,fusion_current_wind_records,context_wind_records,trajectory_records,rmse_vector,mae_vector,bias_u,bias_v,effective_reconstructed_voxels,effective_reconstructed_fraction,support_pre_refine_voxels,low_conf_fill_voxels,low_conf_fill_fraction,mask_conf_positive_mismatch_voxels,speed_active_mean_mps,speed_active_max_mps,confidence_active_mean,field_smoothness_proxy,field_horizontal_divergence_proxy,field_vertical_shear_proxy,field_vertical_jump_mean_mps,field_vertical_jump_p95_mps,field_vertical_jump_p99_mps,strong_wind_voxels,rapid_vertical_change_voxels,strong_rapid_vertical_voxels,strong_layer_vertical_jump_mean_mps,vertical_oversmoothing_candidate_voxels,vertical_oversmoothing_candidate_fraction,vertical_context_mismatch_candidate_voxels,vertical_context_mismatch_candidate_fraction,strong_vertical_isolated_voxels,strong_vertical_isolated_fraction,speed_plausibility_violation_voxels,density_conf_factor_mean,speed_qc_conf_mean,local_consistency_conf_mean,obs_error_sigma_vector_mps_mean,obs_error_weight_factor_mean,representation_error_soft_weight_factor_mean,representation_error_soft_weight_factor_min,representation_error_soft_weight_factor_max,representation_error_soft_weight_score_mean,representation_error_soft_weight_current_factor_mean,representation_error_soft_weight_context_factor_mean,representation_error_soft_weight_changes_reconstruction,representation_error_soft_weight_uses_holdout_truth,diffusion_fill_new_voxels,observation_anchor_weight,speed_limit_mps,vertical_risk_mode,vertical_localization_policy,vertical_gradient_preserve_weight,vertical_context_mismatch_damping,vertical_localization_sigma_factor_mean,vertical_localization_sigma_factor_min,vertical_localization_sigma_factor_max,vertical_localization_reason_counts,guarded_vertical_dynamic_seed_source,guarded_vertical_dynamic_seed_truth_used,guard_active_fraction,guarded_fallback_fraction,dynamic_vertical_active_fraction,guard_active_count,guarded_fallback_count,dynamic_vertical_active_count,guard_12km_plus_fallback_count,guard_role_gap_fallback_count,guard_remote_support_fallback_count,guard_light_moderate_protected_count,guard_low_reliability_fallback_count,guard_high_tail_risk_fallback_count,guard_no_claim_fallback_count,guard_near_zero_confidence_fallback_count,guard_context_extreme_fallback_count,guard_strong_vertical_isolated_fallback_count,srha_horizontal_sigma_factor_mean,srha_horizontal_sigma_factor_min,srha_horizontal_sigma_factor_max,srha_horizontal_reason_counts,srha_high_altitude_gate_count,srha_high_speed_gate_count,srha_role_gap_gate_count,srha_stale_context_gate_count,srha_sparse_fresh_widen_gate_count,srha_dense_current_gate_count,point_regime_localization_enabled,point_regime_localization_uses_holdout_truth,point_regime_xy_sigma_factor_mean,point_regime_xy_sigma_factor_min,point_regime_xy_sigma_factor_max,point_regime_z_sigma_factor_mean,point_regime_z_sigma_factor_min,point_regime_z_sigma_factor_max,point_regime_remote_current_fraction,point_regime_role_gap_fraction,point_regime_vertical_gap_fraction,point_regime_stable_sparse_widen_fraction,point_regime_reason_counts,vertical_risk_refine_enabled,vertical_risk_candidate_voxels_last,vertical_oversmooth_preserve_voxels_last,vertical_context_mismatch_damped_voxels_last,current_weight_boost,context_weight_scale,context_time_conf_power,role_conflict_mode,conflict_speed_threshold_mps,conflict_context_factor,cma_fusion_mode,cma_proxy_npz,cma_background_weight,cma_background_weight_mode,cma_confidence_source,cma_confidence_cap,cma_time_confidence,cma_space_confidence,cma_pseudo_source,cma_qc_gating,background_independent_of_holdout,cma_temporal_conf_mean,cma_temporal_change_speed_mean_mps,cma_rapid_change_fraction,cma_effective_conf_mean,cma_background_active_voxels,cma_background_gate_mean,cma_background_gate_active_fraction,cma_background_no_current_gate_voxels,cma_background_localized_support_gate_voxels,cma_background_localized_support_gate_fraction,cma_background_sparse_current_gate_fraction,cma_strict_temporal_gate_active_fraction,cma_used_as_background_not_truth,role_conflict_voxels,role_overlap_voxels,role_conflict_fraction_of_overlap,role_conflict_context_weight_sum,role_conflict_context_weight_removed_sum,role_conflict_component_gap_mean_mps,role_conflict_component_gap_max_mps,role_conflict_threshold_mean_mps,role_conflict_threshold_min_mps,role_conflict_threshold_max_mps,role_conflict_context_factor_mean,role_conflict_context_factor_min,role_conflict_context_factor_max,role_conflict_current_density_mean,role_conflict_context_time_conf_mean,role_conflict_altitude_mean_m,qc_calibration_path,strict_holdout_no_leakage,motion_used_as_wind
20260124000000,gaussian,diagnostic_weighted,pydda_3dvar_proxy,diagnostic_adaptive_v3,"8:4,10:5",8,4.0,2,1.0,8.0,default_timepower15_8_4_conservative_v2;moderate_current_support_fresh_context_prefers_10_5;v3_low_error_guard_prefers_8_4,4,496,0.5560974995540949,1.0,28.11245295332496,True,8,4.0,2,1.0,5,1,4,496,3368,2.826490060845044,2.826490060845044,-1.7671548013416896,-2.205948769158258,206423,0.016365730142212973,104651,101772,0.00806873792180764,0,14.211461067199707,116.97500610351562,0.13618408143520355,1.6371418237686157,1.9916828870773315,4.005143642425537,6.811303615570068,35.65169906616211,72.14244079589844,13883,14587,4126,21.188129425048828,5478,0.3945833033206079,3101,0.2233667074839732,100,0.007203054094936253,0,0.3427658529913513,0.9984000000000001,0.9880173923309507,8.0,1.0,0.8433691906836982,0.7030634248350869,0.9253273286809366,0.34806846514733747,0.8529641220950729,0.8432918122045742,False,False,101772,0.1,120.0,preserve_strong_layers,fixed,0.12,0.35,1.0,1.0,1.0,"{""fixed"": 500}",,False,0.0,0.0,0.0,0,0,0,0,0,0,0,0,0,0,0,0,0,1.0,1.0,1.0,"{""fixed"": 500}",0,0,0,0,0,0,False,False,,,,,,,0.0,0.0,0.0,0.0,,1.0,8720,5488,3232,2.0,0.5,2.6,current_priority_adaptive,11.0,0.25,off,,0.1,fixed,dense,0.35,0.7,0.7,reanalysis,off,unknown,0.0,0.0,0.0,0.0,0,0.0,0.0,0,0,0.0,0.0,0.0,False,781,2198,0.35532302092811646,54.50759506225586,42.392364501953125,33.48517990112305,81.03137969970703,13.383230209350586,10.282183647155762,16.146394729614258,0.21967869997024536,0.05000000074505806,0.3913595974445343,0.3157230615615845,0.5758931636810303,12619.71875,,True,False
20260127152400,gaussian,diagnostic_weighted,pydda_3dvar_proxy,diagnostic_adaptive_v3,"8:4,10:5",10,5.0,2,1.0,10.0,default_timepower15_8_4_conservative_v2;moderate_current_support_fresh_context_prefers_10_5,11,765,0.5789363388802587,1.0,13.810526543336428,True,10,5.0,2,1.0,13,2,11,765,3808,6.2302509464603695,6.226143249244829,1.3462901900133066,4.7494074952610905,283783,0.022499023834299588,175805,107978,0.008560765076061643,0,18.98636817932129,98.22846221923828,0.16041436791419983,1.4809836149215698,1.9033143520355225,3.7647600173950195,6.107670307159424,26.71076011657715,64.98888397216797,18805,15994,4021,15.293068885803223,8640,0.45945227333156075,3390,0.1802712044668971,14,0.0007444828503057698,0,0.334429004342631,0.9913659793814432,0.9852962058007771,8.0,1.0,0.8408041372058872,0.6835817734855955,0.9509355506665015,0.35376858398691696,0.9213524337833845,0.8396459264054267,False,False,107978,0.1,120.0,preserve_strong_layers,fixed,0.12,0.35,1.0,1.0,1.0,"{""fixed"": 776}",,False,0.0,0.0,0.0,0,0,0,0,0,0,0,0,0,0,0,0,0,1.0,1.0,1.0,"{""fixed"": 776}",0,0,0,0,0,0,False,False,,,,,,,0.0,0.0,0.0,0.0,,1.0,12142,8652,3490,2.0,0.5,2.6,current_priority_adaptive,11.0,0.25,off,,0.1,fixed,dense,0.35,0.7,0.7,reanalysis,off,unknown,0.0,0.0,0.0,0.0,0,0.0,0.0,0,0,0.0,0.0,0.0,False,826,9616,0.08589850249584026,51.29505920410156,41.281063079833984,17.525318145751953,42.65058517456055,11.771617889404297,8.85152816772461,15.420757293701172,0.1677478551864624,0.05000000074505806,0.4346722960472107,0.2997549772262573,0.5929792523384094,7700.36328125,,True,False
20260201042400,gaussian,diagnostic_weighted,pydda_3dvar_proxy,diagnostic_adaptive_v3,"8:4,10:5",8,4.0,2,1.0,8.0,default_timepower15_8_4_conservative_v2,25,1202,0.5844536953097501,1.0,1.520095375070263,True,8,4.0,2,1.0,29,4,25,1202,4837,2.7619904953417005,2.228676129117966,-1.1334557499931937,-1.067603449249622,285893,0.022666309895446213,169408,116485,0.009235221247708241,0,15.404146194458008,157.35647583007812,0.13583770394325256,1.4708387851715088,1.8659605979919434,3.3987152576446533,5.61332893371582,25.423547744750977,59.79337692260742,9232,14557,2791,23.962160110473633,3696,0.4003466204506066,2027,0.2195623916811092,1,0.00010831889081455805,1911,0.33950860317573556,0.9936430317848411,0.977756912965883,8.0,1.0,0.8521622439967945,0.6798485573904745,0.9768235952061991,0.3285283466737901,0.9116025502765288,0.8509259647480479,False,False,116485,0.1,120.0,preserve_strong_layers,fixed,0.12,0.35,1.0,1.0,1.0,"{""fixed"": 1227}",,False,0.0,0.0,0.0,0,0,0,0,0,0,0,0,0,0,0,0,0,1.0,1.0,1.0,"{""fixed"": 1227}",0,0,0,0,0,0,False,False,,,,,,,0.0,0.0,0.0,0.0,,1.0,5784,3696,2088,2.0,0.5,2.6,current_priority_adaptive,11.0,0.25,off,,0.1,fixed,dense,0.35,0.7,0.7,reanalysis,off,unknown,0.0,0.0,0.0,0.0,0,0.0,0.0,0,0,0.0,0.0,0.0,False,4184,14641,0.2857728297247456,1898.990234375,1543.08154296875,16.441768646240234,59.5187873840332,11.531785011291504,8.140344619750977,16.390527725219727,0.21272122859954834,0.05000000074505806,0.4757879674434662,0.3653672933578491,0.7000130414962769,6995.33935546875,,True,False
20260203124800,gaussian,diagnostic_weighted,pydda_3dvar_proxy,diagnostic_adaptive_v3,"8:4,10:5",10,5.0,2,1.0,10.0,default_timepower15_8_4_conservative_v2;moderate_current_support_fresh_context_prefers_10_5,9,591,0.5691889307643541,1.0,39.21942272183798,True,10,5.0,2,1.0,11,2,9,591,4862,25.219406939625173,19.640486654724175,16.727783004150524,-9.53821924850751,184609,0.014636261830434568,108580,76029,0.006027768693325405,0,19.86788558959961,106.0001449584961,0.1441994309425354,1.8622968196868896,1.968317985534668,4.53780460357666,7.709338188171387,39.17253494262695,71.21710205078125,11063,15457,3851,23.06273651123047,5362,0.48467865859170206,2764,0.24984181505920636,34,0.0030733074211335082,0,0.33122005071944716,0.9990000000000001,0.9829528529431779,8.0,1.0,0.8443044330236265,0.6867036671586666,0.9509355506665015,0.3459901488363856,0.9014355506665015,0.8434344160036842,False,False,76029,0.1,120.0,preserve_strong_layers,fixed,0.12,0.35,1.0,1.0,1.0,"{""fixed"": 600}",,False,0.0,0.0,0.0,0,0,0,0,0,0,0,0,0,0,0,0,0,1.0,1.0,1.0,"{""fixed"": 600}",0,0,0,0,0,0,False,False,,,,,,,0.0,0.0,0.0,0.0,,1.0,8175,5364,2811,2.0,0.5,2.6,current_priority_adaptive,11.0,0.25,off,,0.1,fixed,dense,0.35,0.7,0.7,reanalysis,off,unknown,0.0,0.0,0.0,0.0,0,0.0,0.0,0,0,0.0,0.0,0.0,False,7371,7371,1.0,3658.6484375,2972.06298828125,33.10538864135742,73.40756225585938,12.556541442871094,8.562660217285156,16.948959350585938,0.25583159923553467,0.05000000074505806,0.5170617699623108,0.3566107749938965,0.7593633532524109,10763.533203125,,True,False
20260207024800,gaussian,diagnostic_weighted,pydda_3dvar_proxy,diagnostic_adaptive_v3,"8:4,10:5",8,4.0,2,1.0,8.0,default_timepower15_8_4_conservative_v2,46,957,0.6121176841937707,1.0,25.217463576197527,True,8,4.0,2,1.0,53,7,46,957,4999,5.515103481033908,4.798145530649745,-0.24504272855969741,-1.9021719459018234,238357,0.018897537287547693,134664,103693,0.00822103959169516,0,21.38612174987793,146.92529296875,0.12830334901809692,2.0184223651885986,2.514054536819458,4.3741655349731445,7.294626712799072,35.17201614379883,68.72498321533203,15263,21911,3851,19.68180274963379,4390,0.2876236650723973,2942,0.1927537181419118,66,0.004324182663958592,582,0.3449046303097282,0.9916251246261215,0.9726481856325536,8.0,1.0,0.8449762092815659,0.6700440523833708,0.970240907177316,0.3444973127076313,0.8835736227910388,0.8431209522058755,False,False,103693,0.1,120.0,preserve_strong_layers,fixed,0.12,0.35,1.0,1.0,1.0,"{""fixed"": 1003}",,False,0.0,0.0,0.0,0,0,0,0,0,0,0,0,0,0,0,0,0,1.0,1.0,1.0,"{""fixed"": 1003}",0,0,0,0,0,0,False,False,,,,,,,0.0,0.0,0.0,0.0,,1.0,7374,4403,2971,2.0,0.5,2.6,current_priority_adaptive,11.0,0.25,off,,0.1,fixed,dense,0.35,0.7,0.7,reanalysis,off,unknown,0.0,0.0,0.0,0.0,0,0.0,0.0,0,0,0.0,0.0,0.0,False,8392,13159,0.6377384299718823,2860.080322265625,2222.621826171875,43.77408218383789,136.95079040527344,11.776723861694336,8.36087417602539,15.998417854309082,0.23158130049705505,0.05000000074505806,0.475824773311615,0.339547723531723,0.7454800009727478,7401.93017578125,,True,False
20260211005400,gaussian,diagnostic_weighted,pydda_3dvar_proxy,diagnostic_adaptive_v3,"8:4,10:5",8,4.0,2,1.0,8.0,default_timepower15_8_4_conservative_v2,44,866,0.5876399871463502,1.0,12.256280983261723,True,8,4.0,2,1.0,51,7,44,866,4797,6.569753737281176,5.3038265872533525,2.3346337041770844,-1.170823802027522,232984,0.01847155245032456,131036,101948,0.008082691640652099,0,15.002607345581055,129.78599548339844,0.13046741485595703,1.5822741985321045,1.9000511169433594,3.9385290145874023,6.375140190124512,27.17393684387207,53.10421371459961,4726,13559,1500,25.16936492919922,2015,0.4263647905205248,1160,0.24545069826491747,0,0.0,35,0.3359064560423024,0.9982417582417583,0.9839733214488745,8.0,1.0,0.8487346032016608,0.7169355506665015,0.9617885684381041,0.33614532621853166,0.8923064670587174,0.8465207902574223,False,False,101948,0.1,120.0,preserve_strong_layers,fixed,0.12,0.35,1.0,1.0,1.0,"{""fixed"": 910}",,False,0.0,0.0,0.0,0,0,0,0,0,0,0,0,0,0,0,0,0,1.0,1.0,1.0,"{""fixed"": 910}",0,0,0,0,0,0,False,False,,,,,,,0.0,0.0,0.0,0.0,,1.0,3211,2020,1191,2.0,0.5,2.6,current_priority_adaptive,11.0,0.25,off,,0.1,fixed,dense,0.35,0.7,0.7,reanalysis,off,unknown,0.0,0.0,0.0,0.0,0,0.0,0.0,0,0,0.0,0.0,0.0,False,4344,13901,0.31249550392058123,1120.3660888671875,958.82275390625,38.145877838134766,145.8118438720703,12.235243797302246,8.431422233581543,17.29169464111328,0.20457421243190765,0.05000000074505806,0.5236780643463135,0.4574996829032898,0.7199292182922363,10767.265625,,True,False
20260215091800,gaussian,diagnostic_weighted,pydda_3dvar_proxy,diagnostic_adaptive_v3,"8:4,10:5",8,4.0,2,1.0,8.0,default_timepower15_8_4_conservative_v2,35,726,0.5447837372923162,0.9994086727989487,1.250712424846139,True,8,4.0,2,1.0,40,5,35,726,5497,3.9975293558785894,3.5514116222869205,-1.8977274447676606,1.9541151325139445,134209,0.010640424161339875,79337,54872,0.004350388979733413,0,18.177152633666992,150.95164489746094,0.14502273499965668,1.6166621446609497,2.144948720932007,3.8823065757751465,6.2519330978393555,28.903989791870117,56.71969985961914,3506,9041,1761,32.1971321105957,224,0.0638904734740445,513,0.14632059326868227,3,0.0008556759840273817,280,0.3530508096974296,0.9961892247043362,0.9783853123814275,8.0,0.9994086727989487,0.8480591304956568,0.669213623056474,0.9617885684381041,0.3376463766763182,0.8980663353554911,0.8456483148343701,False,False,54872,0.1,120.0,preserve_strong_layers,fixed,0.12,0.35,1.0,1.0,1.0,"{""fixed"": 761}",,False,0.0,0.0,0.0,0,0,0,0,0,0,0,0,0,0,0,0,0,1.0,1.0,1.0,"{""fixed"": 761}",0,0,0,0,0,0,False,False,,,,,,,0.0,0.0,0.0,0.0,,1.0,738,224,514,2.0,0.5,2.6,current_priority_adaptive,11.0,0.25,off,,0.1,fixed,dense,0.35,0.7,0.7,reanalysis,off,unknown,0.0,0.0,0.0,0.0,0,0.0,0.0,0,0,0.0,0.0,0.0,False,1985,16787,0.11824626198844344,253.4335479736328,207.3513946533203,23.232206344604492,78.7250747680664,12.47864055633545,8.30241584777832,16.509126663208008,0.18141692876815796,0.05000000074505806,0.4204046428203583,0.30273401737213135,0.5433831214904785,9979.3447265625,,True,False
20260220025400,gaussian,diagnostic_weighted,pydda_3dvar_proxy,diagnostic_adaptive_v3,"8:4,10:5",10,5.0,2,1.0,10.0,default_timepower15_8_4_conservative_v2;moderate_current_support_fresh_context_prefers_10_5,17,480,0.5961575263955241,1.0,1.9791004136978585,True,10,5.0,2,1.0,20,3,17,480,4997,3.615040674941131,3.529543515785921,0.8273522525705429,0.660309048828894,185729,0.014725058223081115,105275,80454,0.006378593726772707,0,16.49064064025879,120.90763854980469,0.14176711440086365,1.281882643699646,1.5185092687606812,3.07142972946167,5.070569038391113,23.3083553314209,36.23795700073242,5420,7444,2016,19.217899322509766,1452,0.26789667896678965,602,0.111070110701107,0,0.0,4,0.30892915054604236,0.997887323943662,0.9843702466902083,8.0,1.0,0.8276056915183212,0.6966855506665015,0.8831699720709951,0.3830984632926195,0.8691036178933921,0.8261359732925374,False,False,80454,0.1,120.0,preserve_strong_layers,fixed,0.12,0.35,1.0,1.0,1.0,"{""fixed"": 497}",,False,0.0,0.0,0.0,0,0,0,0,0,0,0,0,0,0,0,0,0,1.0,1.0,1.0,"{""fixed"": 497}",0,0,0,0,0,0,False,False,,,,,,,0.0,0.0,0.0,0.0,,1.0,2054,1452,602,2.0,0.5,2.6,current_priority_adaptive,11.0,0.25,off,,0.1,fixed,dense,0.35,0.7,0.7,reanalysis,off,unknown,0.0,0.0,0.0,0.0,0,0.0,0.0,0,0,0.0,0.0,0.0,False,132,11886,0.01110550227158001,8.812600135803223,4.724516868591309,17.848604202270508,21.859785079956055,16.36255645751953,15.204981803894043,17.06049346923828,0.45877605676651,0.35938161611557007,0.5038741230964661,0.021375088021159172,0.8114757537841797,14446.9697265625,,True,False
20260124004200,gaussian,diagnostic_weighted,pydda_3dvar_proxy,diagnostic_adaptive_v3,"8:4,10:5",10,5.0,2,1.0,10.0,default_timepower15_8_4_conservative_v2;moderate_current_support_fresh_context_prefers_10_5,14,519,0.5777192432766717,1.0,9.355600322028433,True,10,5.0,2,1.0,17,3,14,519,4442,4.399135354264431,4.225330617456656,0.03393693645217984,-1.3954088966291334,251099,0.019907754818889054,138994,112105,0.008887963926465488,0,14.71508502960205,117.02254486083984,0.1444060057401657,1.595454216003418,1.7691171169281006,4.091212272644043,6.943925380706787,32.8519172668457,72.08814239501953,15977,17165,4620,21.1807804107666,5968,0.37353695937910747,3361,0.2103648995430932,104,0.006509357200976403,0,0.3409719648894242,0.99812382739212,0.9847361150102821,8.0,1.0,0.84331214641425,0.6978390129184523,0.9265238876246751,0.34819523019055565,0.8838947343399707,0.842217433059799,False,False,112105,0.1,120.0,preserve_strong_layers,fixed,0.12,0.35,1.0,1.0,1.0,"{""fixed"": 533}",,False,0.0,0.0,0.0,0,0,0,0,0,0,0,0,0,0,0,0,0,1.0,1.0,1.0,"{""fixed"": 533}",0,0,0,0,0,0,False,False,,,,,,,0.0,0.0,0.0,0.0,,1.0,9472,5971,3501,2.0,0.5,2.6,current_priority_adaptive,11.0,0.25,off,,0.1,fixed,dense,0.35,0.7,0.7,reanalysis,off,unknown,0.0,0.0,0.0,0.0,0,0.0,0.0,0,0,0.0,0.0,0.0,False,5282,13743,0.3843411191151859,1684.2564697265625,1242.4613037109375,34.931236267089844,117.57816314697266,13.703380584716797,8.759980201721191,16.900671005249023,0.276179701089859,0.05000000074505806,0.48952481150627136,0.25693479180336,0.677349865436554,12451.6279296875,,True,False
20260128002400,gaussian,diagnostic_weighted,pydda_3dvar_proxy,diagnostic_adaptive_v3,"8:4,10:5",8,4.0,2,1.0,8.0,default_timepower15_8_4_conservative_v2,24,664,0.53927099945516,1.0,11.454870947451344,True,8,4.0,2,1.0,28,4,24,664,3791,3.9062308580090073,3.5082703987179755,0.02784119302386101,-0.08888357283207071,199719,0.015834220306228632,108719,91000,0.007214706902532084,0,16.5433292388916,98.37107849121094,0.1287805289030075,1.642799973487854,1.970779538154602,3.8138575553894043,6.365400314331055,33.56950759887695,64.94923400878906,12015,13988,3269,18.192405700683594,5310,0.4419475655430712,2354,0.1959217644610903,21,0.0017478152309612985,0,0.3273533046602445,0.997093023255814,0.9873935470030722,8.0,1.0,0.8367489377098175,0.709470803496268,0.9509355506665015,0.3627801384226279,0.8974332954546039,0.8345555271889216,False,False,91000,0.1,120.0,preserve_strong_layers,fixed,0.12,0.35,1.0,1.0,1.0,"{""fixed"": 688}",,False,0.0,0.0,0.0,0,0,0,0,0,0,0,0,0,0,0,0,0,1.0,1.0,1.0,"{""fixed"": 688}",0,0,0,0,0,0,False,False,,,,,,,0.0,0.0,0.0,0.0,,1.0,7764,5318,2446,2.0,0.5,2.6,current_priority_adaptive,11.0,0.25,off,,0.1,fixed,dense,0.35,0.7,0.7,reanalysis,off,unknown,0.0,0.0,0.0,0.0,0,0.0,0.0,0,0,0.0,0.0,0.0,False,2187,15444,0.14160839160839161,275.2108459472656,222.19654846191406,25.63631248474121,103.46975708007812,13.066744804382324,7.9626569747924805,16.458572387695312,0.22711944580078125,0.05000000074505806,0.492434024810791,0.3472563922405243,0.6325804591178894,12010.0595703125,,True,False
20260201043000,gaussian,diagnostic_weighted,pydda_3dvar_proxy,diagnostic_adaptive_v3,"8:4,10:5",8,4.0,2,1.0,8.0,default_timepower15_8_4_conservative_v2,27,1205,0.5811045553442163,1.0,14.416472062362809,True,8,4.0,2,1.0,31,4,27,1205,4730,23.047389766302587,19.993410994744966,14.183663279892448,-14.044435597853727,286520,0.02271602001882959,169421,117099,0.009283900698676973,0,15.225385665893555,157.35647583007812,0.13795515894889832,1.4807027578353882,1.9093577861785889,3.412013530731201,5.631397247314453,25.399822235107422,59.79874038696289,9268,14564,2803,24.002466201782227,3695,0.3986836426413466,2031,0.2191411307725507,1,0.00010789814415192059,1927,0.340283608629773,0.993668831168831,0.9790503013347016,8.0,1.0,0.8525001252062868,0.680927566523887,0.9509355506665015,0.327777499541585,0.9140784078093587,0.8511203628575044,False,False,117099,0.1,120.0,preserve_strong_layers,fixed,0.12,0.35,1.0,1.0,1.0,"{""fixed"": 1232}",,False,0.0,0.0,0.0,0,0,0,0,0,0,0,0,0,0,0,0,0,1.0,1.0,1.0,"{""fixed"": 1232}",0,0,0,0,0,0,False,False,,,,,,,0.0,0.0,0.0,0.0,,1.0,5786,3693,2093,2.0,0.5,2.6,current_priority_adaptive,11.0,0.25,off,,0.1,fixed,dense,0.35,0.7,0.7,reanalysis,off,unknown,0.0,0.0,0.0,0.0,0,0.0,0.0,0,0,0.0,0.0,0.0,False,6464,13337,0.48466671665292044,3042.330810546875,2526.818359375,34.033363342285156,71.69042205810547,12.083723068237305,8.312904357910156,17.243499755859375,0.22059552371501923,0.05000000074505806,0.5369663238525391,0.4272539019584656,0.7376161217689514,9861.154296875,,True,False
20260203134200,gaussian,diagnostic_weighted,pydda_3dvar_proxy,diagnostic_adaptive_v3,"8:4,10:5",10,5.0,2,1.0,10.0,default_timepower15_8_4_conservative_v2;moderate_current_support_fresh_context_prefers_10_5,4,545,0.5792533843396146,1.0,2.7575565045143464,True,10,5.0,2,1.0,5,1,4,545,5021,1.3599006318063842,1.3599006318063842,-0.1357574890386566,1.3531073987519697,182548,0.01447286061146623,105277,77271,0.006126237550170953,0,20.090471267700195,91.03709411621094,0.1426374912261963,1.8742694854736328,1.840155005455017,4.437952041625977,7.750765323638916,48.7287712097168,70.60968780517578,14071,16071,4248,19.522584915161133,8152,0.5793475943429749,3827,0.27197782673583965,17,0.0012081586241205315,0,0.33191599289212836,0.9996357012750454,0.9839995624936302,8.0,1.0,0.8473310472541471,0.7188809555306799,0.928804985876835,0.33926433943522877,0.8901855506665015,0.8470165187887353,False,False,77271,0.1,120.0,preserve_strong_layers,fixed,0.12,0.35,1.0,1.0,1.0,"{""fixed"": 549}",,False,0.0,0.0,0.0,0,0,0,0,0,0,0,0,0,0,0,0,0,1.0,1.0,1.0,"{""fixed"": 549}",0,0,0,0,0,0,False,False,,,,,,,0.0,0.0,0.0,0.0,,1.0,12056,8157,3899,2.0,0.5,2.6,current_priority_adaptive,11.0,0.25,off,,0.1,fixed,dense,0.35,0.7,0.7,reanalysis,off,unknown,0.0,0.0,0.0,0.0,0,0.0,0.0,0,0,0.0,0.0,0.0,False,550,5281,0.10414694186707063,103.4988021850586,77.70306396484375,15.23963451385498,20.999834060668945,14.073410987854004,11.426466941833496,16.68025016784668,0.27913016080856323,0.05056867003440857,0.4820168912410736,0.3707071542739868,0.7274696230888367,13550.0,,True,False
20260207081800,gaussian,diagnostic_weighted,pydda_3dvar_proxy,diagnostic_adaptive_v3,"8:4,10:5",10,5.0,2,1.0,10.0,default_timepower15_8_4_conservative_v2;moderate_current_support_fresh_context_prefers_10_5,4,1239,0.5087802166198833,1.0,20.91325812527839,True,10,5.0,2,1.0,5,1,4,1239,4914,7.3941914858911835,7.3941914858911835,2.6995491628289514,6.883785444615134,300590,0.02383152470145186,186634,113956,0.009034715821812596,0,21.114585876464844,141.17523193359375,0.1558961719274521,1.6683577299118042,2.1810290813446045,3.984189748764038,6.394747257232666,31.55904197692871,63.0267219543457,10408,22695,4807,28.25843048095703,1321,0.12692159877017678,1430,0.13739431206764027,1,9.607993850883935e-05,2236,0.34772339959303783,0.9948511665325824,0.9627157934052661,8.0,1.0,0.8414242944315704,0.6711815635010575,0.9354111334268702,0.35239045681873254,0.8564998363807872,0.8413756244010644,False,False,113956,0.1,120.0,preserve_strong_layers,fixed,0.12,0.35,1.0,1.0,1.0,"{""fixed"": 1243}",,False,0.0,0.0,0.0,0,0,0,0,0,0,0,0,0,0,0,0,0,1.0,1.0,1.0,"{""fixed"": 1243}",0,0,0,0,0,0,False,False,,,,,,,0.0,0.0,0.0,0.0,,1.0,2768,1330,1438,2.0,0.5,2.6,current_priority_adaptive,11.0,0.25,off,,0.1,fixed,dense,0.35,0.7,0.7,reanalysis,off,unknown,0.0,0.0,0.0,0.0,0,0.0,0.0,0,0,0.0,0.0,0.0,False,261,4929,0.05295191722458917,1.0518786907196045,0.8816520571708679,13.384504318237305,16.700265884399414,12.857917785644531,11.369601249694824,15.719371795654297,0.09840899705886841,0.05000000074505806,0.33671194314956665,0.5913249850273132,0.3095453381538391,14386.9736328125,,True,False
20260211031200,gaussian,diagnostic_weighted,pydda_3dvar_proxy,diagnostic_adaptive_v3,"8:4,10:5",10,5.0,2,1.0,10.0,default_timepower15_8_4_conservative_v2;moderate_current_support_fresh_context_prefers_10_5,12,981,0.6049973733733024,1.0,11.27366711580985,True,10,5.0,2,1.0,14,2,12,981,4863,10.072477282304998,7.379093129678718,6.372918356068996,-2.5435327181249416,287894,0.022824954164808484,176037,111857,0.008868301868093752,0,15.945754051208496,129.77537536621094,0.1509242206811905,1.4529825448989868,1.614864706993103,3.9649219512939453,6.334947109222412,26.205018997192383,62.326576232910156,5455,16274,1981,27.080900192260742,2304,0.4223648029330889,1288,0.23611365719523372,11,0.0020164986251145736,3,0.34080409953577917,0.9987411883182276,0.9754515384806371,8.0,1.0,0.8467435667329685,0.7105123852007781,0.9509355506665015,0.3405698517045146,0.8969676935236442,0.846129204325743,False,False,111857,0.1,120.0,preserve_strong_layers,fixed,0.12,0.35,1.0,1.0,1.0,"{""fixed"": 993}",,False,0.0,0.0,0.0,0,0,0,0,0,0,0,0,0,0,0,0,0,1.0,1.0,1.0,"{""fixed"": 993}",0,0,0,0,0,0,False,False,,,,,,,0.0,0.0,0.0,0.0,,1.0,3631,2305,1326,2.0,0.5,2.6,current_priority_adaptive,11.0,0.25,off,,0.1,fixed,dense,0.35,0.7,0.7,reanalysis,off,unknown,0.0,0.0,0.0,0.0,0,0.0,0.0,0,0,0.0,0.0,0.0,False,5204,15466,0.336480020690547,210.55775451660156,170.3223419189453,40.25680923461914,156.42300415039062,13.105111122131348,9.052886009216309,17.171133041381836,0.21973076462745667,0.05000000074505806,0.5442408919334412,0.32625359296798706,0.6373910307884216,11144.1201171875,,True,False
20260215142400,gaussian,diagnostic_weighted,pydda_3dvar_proxy,diagnostic_adaptive_v3,"8:4,10:5",8,4.0,2,1.0,8.0,default_timepower15_8_4_conservative_v2,28,577,0.5732188754689044,0.9988429752066117,28.634389667763614,True,8,4.0,2,1.0,32,4,28,577,4997,4.267871793209877,3.432977386562679,-0.41954347698657735,0.682362117332612,136860,0.010850602051434517,80875,55985,0.004438630394925921,0,17.4263916015625,151.0381622314453,0.14293834567070007,1.5206049680709839,2.0096592903137207,3.568087577819824,5.750645637512207,27.964075088500977,43.513404846191406,3646,8088,1187,26.719829559326172,118,0.03236423477783873,519,0.14234777838727372,0,0.0,1127,0.33236422630771195,0.996694214876033,0.9866776755090559,8.0,0.9988429752066117,0.8507378392684423,0.7169355506665015,0.970240907177316,0.33170518325531456,0.9164323186902361,0.8475498922601057,False,False,55985,0.1,120.0,preserve_strong_layers,fixed,0.12,0.35,1.0,1.0,1.0,"{""fixed"": 605}",,False,0.0,0.0,0.0,0,0,0,0,0,0,0,0,0,0,0,0,0,1.0,1.0,1.0,"{""fixed"": 605}",0,0,0,0,0,0,False,False,,,,,,,0.0,0.0,0.0,0.0,,1.0,637,118,519,2.0,0.5,2.6,current_priority_adaptive,11.0,0.25,off,,0.1,fixed,dense,0.35,0.7,0.7,reanalysis,off,unknown,0.0,0.0,0.0,0.0,0,0.0,0.0,0,0,0.0,0.0,0.0,False,2234,13924,0.16044240160873313,260.2102355957031,207.59268188476562,47.111793518066406,179.4691925048828,14.248061180114746,8.1781587600708,17.21785545349121,0.3604448139667511,0.05000000074505806,0.5457754731178284,0.2880612909793854,0.8547415733337402,11702.103515625,,True,False
20260220050600,gaussian,diagnostic_weighted,pydda_3dvar_proxy,diagnostic_adaptive_v3,"8:4,10:5",8,4.0,2,1.0,8.0,default_timepower15_8_4_conservative_v2,0,603,0.5364690618462316,1.0,0.0,True,8,4.0,2,1.0,1,1,0,603,5267,2.775321142989615,2.775321142989615,0.2128920254110227,2.7671437317641407,160916,0.012757821713492889,86257,74659,0.005919151677320252,0,15.5158109664917,120.56407928466797,0.14018914103507996,1.2947628498077393,1.6015572547912598,2.854527235031128,4.786555767059326,23.399723052978516,31.565471649169922,3111,6617,1021,18.300704956054688,954,0.30665380906460943,406,0.13050466088074575,71,0.022822243651558983,4,0.31769479250368315,0.9982587064676618,0.9797957472953864,8.0,1.0,0.8224250509346787,0.6966855506665015,0.8762885684381041,0.3946109979229363,,0.8224250509346787,False,False,74659,0.1,120.0,preserve_strong_layers,fixed,0.12,0.35,1.0,1.0,1.0,"{""fixed"": 603}",,False,0.0,0.0,0.0,0,0,0,0,0,0,0,0,0,0,0,0,0,1.0,1.0,1.0,"{""fixed"": 603}",0,0,0,0,0,0,False,False,,,,,,,0.0,0.0,0.0,0.0,,1.0,1360,954,406,2.0,0.5,2.6,current_priority_adaptive,11.0,0.25,off,,0.1,fixed,dense,0.35,0.7,0.7,reanalysis,off,unknown,0.0,0.0,0.0,0.0,0,0.0,0.0,0,0,0.0,0.0,0.0,False,0,0,0.0,0.0,0.0,0.0,0.0,0.0,0.0,0.0,0.0,0.0,0.0,0.0,0.0,0.0,,True,False
20260124031800,gaussian,diagnostic_weighted,pydda_3dvar_proxy,diagnostic_adaptive_v3,"8:4,10:5",10,5.0,2,1.0,10.0,default_timepower15_8_4_conservative_v2;low_current_but_stable_context_prefers_10_5,2,522,0.6453614547244741,1.0,5.9441449547005,True,10,5.0,2,1.0,3,1,2,522,4719,1.6159501411212607,1.6159501411212607,-0.8447221186962057,1.3775846256311137,251221,0.019917427283088054,138634,112587,0.008926178088300877,0,12.852214813232422,116.70501708984375,0.1360095590353012,1.360958456993103,1.5218095779418945,3.5139832496643066,5.910942077636719,25.357084274291992,62.20531463623047,10808,12657,3436,22.349021911621094,3979,0.36815321983715765,2165,0.20031458179126574,90,0.008327165062916359,0,0.35762965469474434,0.9988549618320612,0.9710430069081566,8.0,1.0,0.8442363537681306,0.7169355506665015,0.9318235952061992,0.3461414360708212,0.8699355506665014,0.844137889412198,False,False,112587,0.1,120.0,preserve_strong_layers,fixed,0.12,0.35,1.0,1.0,1.0,"{""fixed"": 524}",,False,0.0,0.0,0.0,0,0,0,0,0,0,0,0,0,0,0,0,0,1.0,1.0,1.0,"{""fixed"": 524}",0,0,0,0,0,0,False,False,,,,,,,0.0,0.0,0.0,0.0,,1.0,6214,3984,2230,2.0,0.5,2.6,current_priority_adaptive,11.0,0.25,off,,0.1,fixed,dense,0.35,0.7,0.7,reanalysis,off,unknown,0.0,0.0,0.0,0.0,0,0.0,0.0,0,0,0.0,0.0,0.0,False,329,3512,0.09367881548974943,18.07205581665039,13.24123477935791,19.95610809326172,38.843955993652344,14.711758613586426,12.431995391845703,16.737594604492188,0.25760871171951294,0.05000000074505806,0.45866310596466064,0.4054538607597351,0.669113278388977,14694.529296875,,True,False
20260128063600,gaussian,diagnostic_weighted,pydda_3dvar_proxy,diagnostic_adaptive_v3,"8:4,10:5",10,5.0,2,1.0,10.0,default_timepower15_8_4_conservative_v2;moderate_current_support_fresh_context_prefers_10_5,10,989,0.5395389533800701,1.0,8.954993393731302,True,10,5.0,2,1.0,12,2,10,989,4839,2.3920158984379216,2.0184792805559715,-1.9832817986046951,0.33597378706090275,248895,0.019733016203359596,148908,99987,0.007927218671027204,0,14.772802352905273,80.03163146972656,0.13362377882003784,1.2835968732833862,1.4911593198776245,3.357530355453491,5.446340560913086,27.457162857055664,52.03327178955078,6355,15335,1891,16.457801818847656,3469,0.5458693941778128,1336,0.21022816679779702,0,0.0,0,0.3531671241730473,0.9997997997997997,0.9691120242138078,8.0,1.0,0.8415380609659335,0.6851036574888408,0.9768235952061991,0.3521376422979256,0.9368539426119172,0.8405743007875109,False,False,99987,0.1,120.0,preserve_strong_layers,fixed,0.12,0.35,1.0,1.0,1.0,"{""fixed"": 999}",,False,0.0,0.0,0.0,0,0,0,0,0,0,0,0,0,0,0,0,0,1.0,1.0,1.0,"{""fixed"": 999}",0,0,0,0,0,0,False,False,,,,,,,0.0,0.0,0.0,0.0,,1.0,4881,3471,1410,2.0,0.5,2.6,current_priority_adaptive,11.0,0.25,off,,0.1,fixed,dense,0.35,0.7,0.7,reanalysis,off,unknown,0.0,0.0,0.0,0.0,0,0.0,0.0,0,0,0.0,0.0,0.0,False,63,11423,0.0055151886544690535,5.166289329528809,3.6833252906799316,15.241215705871582,35.71928405761719,12.675085067749023,11.694164276123047,15.206855773925781,0.285749614238739,0.19847272336483002,0.33177897334098816,0.045469578355550766,0.6796544194221497,6047.619140625,,True,False
20260201061200,gaussian,diagnostic_weighted,pydda_3dvar_proxy,diagnostic_adaptive_v3,"8:4,10:5",10,5.0,2,1.0,10.0,default_timepower15_8_4_conservative_v2;moderate_current_support_fresh_context_prefers_10_5,15,1312,0.5457337548629064,1.0,13.177051389908549,True,10,5.0,2,1.0,18,3,15,1312,5030,14.83665122535395,13.069173249444205,-5.741971918273524,6.56817722045878,340962,0.027032317526386206,217756,123206,0.009768078886080967,0,15.767641067504883,157.11886596679688,0.14836385846138,1.2941522598266602,1.591930866241455,3.2764461040496826,5.3134541511535645,22.17011070251465,56.40078353881836,10163,15075,2946,22.13165283203125,3538,0.34812555347830365,1963,0.19315162845616451,14,0.0013775460001967923,1955,0.34535439920831545,0.992991710625471,0.9702076485484415,8.0,1.0,0.8499047527667231,0.6737183260543552,0.9369501977978081,0.33354499385172653,0.8951111458624607,0.8493879113822442,False,False,123206,0.1,120.0,preserve_strong_layers,fixed,0.12,0.35,1.0,1.0,1.0,"{""fixed"": 1327}",,False,0.0,0.0,0.0,0,0,0,0,0,0,0,0,0,0,0,0,0,1.0,1.0,1.0,"{""fixed"": 1327}",0,0,0,0,0,0,False,False,,,,,,,0.0,0.0,0.0,0.0,,1.0,5572,3538,2034,2.0,0.5,2.6,current_priority_adaptive,11.0,0.25,off,,0.1,fixed,dense,0.35,0.7,0.7,reanalysis,off,unknown,0.0,0.0,0.0,0.0,0,0.0,0.0,0,0,0.0,0.0,0.0,False,3595,10427,0.34477798024359835,2256.50048828125,1789.8822021484375,27.508440017700195,71.70392608642578,12.580363273620605,9.188863754272461,16.662778854370117,0.22952508926391602,0.05000000074505806,0.505451500415802,0.41829773783683777,0.7202399969100952,11514.7431640625,,True,False
20260203150600,gaussian,diagnostic_weighted,pydda_3dvar_proxy,diagnostic_adaptive_v3,"8:4,10:5",10,5.0,2,1.0,10.0,default_timepower15_8_4_conservative_v2;moderate_current_support_fresh_context_prefers_10_5,6,506,0.5607033673362312,1.0,9.47173530259349,True,10,5.0,2,1.0,7,1,6,506,4500,2.130751660567544,2.130751660567544,-0.24058624475778956,-2.1171256216494783,173707,0.013771924087012536,99879,73828,0.00585326792527625,0,20.039642333984375,91.03707885742188,0.14050160348415375,1.842409610748291,1.8143011331558228,4.434871673583984,7.708859443664551,47.57980728149414,71.14852905273438,14594,14708,4699,20.38063621520996,7917,0.5424832122790187,4111,0.2816911059339455,0,0.0,0,0.3329243689962528,0.999609375,0.9799817927826909,8.0,1.0,0.8463569081410067,0.7296641220950729,0.9252409071773161,0.34142909301998525,0.888064122095073,0.8458623561968872,False,False,73828,0.1,120.0,preserve_strong_layers,fixed,0.12,0.35,1.0,1.0,1.0,"{""fixed"": 512}",,False,0.0,0.0,0.0,0,0,0,0,0,0,0,0,0,0,0,0,0,1.0,1.0,1.0,"{""fixed"": 512}",0,0,0,0,0,0,False,False,,,,,,,0.0,0.0,0.0,0.0,,1.0,12058,7916,4142,2.0,0.5,2.6,current_priority_adaptive,11.0,0.25,off,,0.1,fixed,dense,0.35,0.7,0.7,reanalysis,off,unknown,0.0,0.0,0.0,0.0,0,0.0,0.0,0,0,0.0,0.0,0.0,False,581,6353,0.0914528569179915,43.2681884765625,37.407012939453125,18.877796173095703,50.56304931640625,13.144014358520508,9.632951736450195,16.424121856689453,0.22473055124282837,0.05000000074505806,0.4077816307544708,0.3566560745239258,0.6445169448852539,11795.1806640625,,True,False
20260207082400,gaussian,diagnostic_weighted,pydda_3dvar_proxy,diagnostic_adaptive_v3,"8:4,10:5",10,5.0,2,1.0,10.0,default_timepower15_8_4_conservative_v2;moderate_current_support_fresh_context_prefers_10_5,16,1201,0.5139017376763673,1.0,8.140180115260307,True,10,5.0,2,1.0,19,3,16,1201,4886,3.56144700997879,3.554534877934501,2.5533355521552905,-0.5264616695289637,298002,0.023626341608443586,184428,113574,0.009004429909320648,0,21.301593780517578,141.1752166748047,0.15405432879924774,1.6822923421859741,2.188082456588745,3.9881367683410645,6.407146453857422,32.45036697387695,61.067787170410156,10319,23446,4811,28.2840518951416,1328,0.12869464095358077,1442,0.13974222308363213,1,9.690861517588914e-05,2234,0.34561217749576323,0.9947411668036154,0.9651361093606811,8.0,1.0,0.84257278079947,0.6720579912553621,0.9509355506665015,0.3498382648900664,0.8849656499915124,0.8420080131832564,False,False,113574,0.1,120.0,preserve_strong_layers,fixed,0.12,0.35,1.0,1.0,1.0,"{""fixed"": 1217}",,False,0.0,0.0,0.0,0,0,0,0,0,0,0,0,0,0,0,0,0,1.0,1.0,1.0,"{""fixed"": 1217}",0,0,0,0,0,0,False,False,,,,,,,0.0,0.0,0.0,0.0,,1.0,2787,1336,1451,2.0,0.5,2.6,current_priority_adaptive,11.0,0.25,off,,0.1,fixed,dense,0.35,0.7,0.7,reanalysis,off,unknown,0.0,0.0,0.0,0.0,0,0.0,0.0,0,0,0.0,0.0,0.0,False,2743,14377,0.190790846490923,561.5443725585938,435.2130126953125,50.99019241333008,97.41324615478516,13.413888931274414,10.2164888381958,16.75216293334961,0.2346324920654297,0.05000000074505806,0.44810640811920166,0.4104994535446167,0.6885077357292175,12784.3603515625,,True,False
20260211092400,gaussian,diagnostic_weighted,pydda_3dvar_proxy,diagnostic_adaptive_v3,"8:4,10:5",10,5.0,2,1.0,10.0,default_timepower15_8_4_conservative_v2;moderate_current_support_fresh_context_prefers_10_5,13,863,0.5486677395219136,1.0,3.2392862092095673,True,10,5.0,2,1.0,15,2,13,863,5006,5.014629039716314,4.161350210082906,-3.190713522896581,-0.3493844262251018,239402,0.01898038749318666,147528,91874,0.007283999801793766,0,14.801877975463867,94.54571533203125,0.14447960257530212,1.2825942039489746,1.4305970668792725,3.2766616344451904,5.341595649719238,24.205923080444336,36.73820114135742,705,10669,30,9.428461074829102,230,0.3262411347517731,16,0.02269503546099291,0,0.0,0,0.3538963219068673,0.9997716894977169,0.9591443240634382,8.0,1.0,0.8389370228005484,0.6988620473944818,0.921288568438104,0.35791772710989245,0.8935950382841239,0.8381136691489997,False,False,91874,0.1,120.0,preserve_strong_layers,fixed,0.12,0.35,1.0,1.0,1.0,"{""fixed"": 876}",,False,0.0,0.0,0.0,0,0,0,0,0,0,0,0,0,0,0,0,0,1.0,1.0,1.0,"{""fixed"": 876}",0,0,0,0,0,0,False,False,,,,,,,0.0,0.0,0.0,0.0,,1.0,246,230,16,2.0,0.5,2.6,current_priority_adaptive,11.0,0.25,off,,0.1,fixed,dense,0.35,0.7,0.7,reanalysis,off,unknown,0.0,0.0,0.0,0.0,0,0.0,0.0,0,0,0.0,0.0,0.0,False,1968,12053,0.16327885173815648,298.03875732421875,211.29312133789062,23.30475616455078,36.58943176269531,13.456827163696289,10.249454498291016,16.237346649169922,0.2614388167858124,0.05000000074505806,0.48749950528144836,0.3094632625579834,0.699036180973053,11956.5546875,,True,False
20260215181200,gaussian,diagnostic_weighted,pydda_3dvar_proxy,diagnostic_adaptive_v3,"8:4,10:5",8,4.0,2,1.0,8.0,default_timepower15_8_4_conservative_v2,7,377,0.46043889786443676,0.9989583333333334,6.901418640642509,True,8,4.0,2,1.0,8,1,7,377,996,1.3774424318183358,1.3774424318183358,-1.3057105423993605,-0.43871133156185804,122068,0.009677855408552599,69776,52292,0.004145840146672613,0,16.82408905029297,150.95574951171875,0.14445997774600983,1.4747257232666016,1.9357848167419434,3.4114203453063965,5.474348545074463,28.610536575317383,40.977142333984375,3537,7991,1324,26.526165008544922,117,0.03307888040712468,546,0.15436810856658184,0,0.0,731,0.32901128919913825,0.9940104166666668,0.9906465940124033,8.0,0.9989583333333334,0.8463903800307424,0.6811098376344749,0.9369501977978081,0.3413547110427945,0.8846078414583881,0.8456807719936243,False,False,52292,0.1,120.0,preserve_strong_layers,fixed,0.12,0.35,1.0,1.0,1.0,"{""fixed"": 384}",,False,0.0,0.0,0.0,0,0,0,0,0,0,0,0,0,0,0,0,0,1.0,1.0,1.0,"{""fixed"": 384}",0,0,0,0,0,0,False,False,,,,,,,0.0,0.0,0.0,0.0,,1.0,663,117,546,2.0,0.5,2.6,current_priority_adaptive,11.0,0.25,off,,0.1,fixed,dense,0.35,0.7,0.7,reanalysis,off,unknown,0.0,0.0,0.0,0.0,0,0.0,0.0,0,0,0.0,0.0,0.0,False,431,3324,0.1296630565583634,28.932241439819336,23.52249526977539,15.323869705200195,19.192338943481445,12.40034294128418,9.56511402130127,15.781049728393555,0.21123890578746796,0.05000000074505806,0.40113565325737,0.23983801901340485,0.5835556983947754,10537.123046875,,True,False
20260220054200,gaussian,diagnostic_weighted,pydda_3dvar_proxy,diagnostic_adaptive_v3,"8:4,10:5",8,4.0,2,1.0,8.0,default_timepower15_8_4_conservative_v2;moderate_current_support_fresh_context_prefers_10_5;v3_low_error_guard_prefers_8_4,7,596,0.5258038864282444,1.0,5.710188722541904,True,8,4.0,2,1.0,8,1,7,596,5516,2.5414080737436837,2.5414080737436837,-2.4295471384548506,-0.7456914236568828,161534,0.01280681829443536,87232,74302,0.005890847827164165,0,15.739588737487793,120.36104583740234,0.13749319314956665,1.348988652229309,1.645859718322754,2.9192562103271484,4.895628929138184,23.872753143310547,32.646751403808594,3359,6726,1185,19.48800277709961,954,0.2840130991366478,459,0.1366478118487645,68,0.02024412027389104,4,0.31909253946332805,0.9979270315091211,0.9805540267664946,8.0,1.0,0.8227361172992679,0.6859552423436353,0.9104355506665015,0.3939197393349602,0.8737008567889506,0.8221375381441877,False,False,74302,0.1,120.0,preserve_strong_layers,fixed,0.12,0.35,1.0,1.0,1.0,"{""fixed"": 603}",,False,0.0,0.0,0.0,0,0,0,0,0,0,0,0,0,0,0,0,0,1.0,1.0,1.0,"{""fixed"": 603}",0,0,0,0,0,0,False,False,,,,,,,0.0,0.0,0.0,0.0,,1.0,1413,954,459,2.0,0.5,2.6,current_priority_adaptive,11.0,0.25,off,,0.1,fixed,dense,0.35,0.7,0.7,reanalysis,off,unknown,0.0,0.0,0.0,0.0,0,0.0,0.0,0,0,0.0,0.0,0.0,False,61,5083,0.012000786936848317,10.718289375305176,6.513791084289551,15.137866973876953,16.17043113708496,14.53383731842041,14.26070499420166,14.841765403747559,0.3835136592388153,0.3056768774986267,0.42310118675231934,0.02668124996125698,0.7314184904098511,12500.0,,True,False
20260124070600,gaussian,diagnostic_weighted,pydda_3dvar_proxy,diagnostic_adaptive_v3,"8:4,10:5",8,4.0,2,1.0,8.0,default_timepower15_8_4_conservative_v2,14,547,0.46895746572769464,1.0,8.508878541031647,True,8,4.0,2,1.0,17,3,14,547,4428,6.883227854682982,5.5658513380955315,0.7496406333906981,4.125236429398228,198482,0.015736147861850257,97301,101181,0.0080218819681879,0,9.708553314208984,116.6299057006836,0.12327758222818375,1.1200509071350098,1.3853874206542969,2.6469221115112305,4.396917819976807,17.48563003540039,41.618656158447266,2618,4149,735,19.875436782836914,1034,0.3949579831932773,540,0.20626432391138275,48,0.01833460656990069,0,0.35521368165549544,0.9989304812834227,0.9700288170928514,8.0,1.0,0.8368882054286917,0.6832412575736819,0.9402906706160625,0.36247065460290745,0.8814450861757634,0.8357478099433919,False,False,101181,0.1,120.0,preserve_strong_layers,fixed,0.12,0.35,1.0,1.0,1.0,"{""fixed"": 561}",,False,0.0,0.0,0.0,0,0,0,0,0,0,0,0,0,0,0,0,0,1.0,1.0,1.0,"{""fixed"": 561}",0,0,0,0,0,0,False,False,,,,,,,0.0,0.0,0.0,0.0,,1.0,1591,1035,556,2.0,0.5,2.6,current_priority_adaptive,11.0,0.25,off,,0.1,fixed,dense,0.35,0.7,0.7,reanalysis,off,unknown,0.0,0.0,0.0,0.0,0,0.0,0.0,0,0,0.0,0.0,0.0,False,1892,3353,0.5642708022666268,719.5145263671875,617.276611328125,23.08081817626953,57.74887466430664,13.038453102111816,10.31822681427002,16.34200668334961,0.22316470742225647,0.05000000074505806,0.4846395254135132,0.358673095703125,0.6345274448394775,12412.791015625,,True,False
20260128091200,gaussian,diagnostic_weighted,pydda_3dvar_proxy,diagnostic_adaptive_v3,"8:4,10:5",8,4.0,2,1.0,8.0,default_timepower15_8_4_conservative_v2,37,975,0.5191025534529891,1.0,12.739570846924979,True,8,4.0,2,1.0,43,6,37,975,4475,3.421226369759455,3.185592693436025,-0.667267284623447,-0.8965543205151422,189177,0.014998424260442992,105209,83968,0.0066571924087012535,0,14.835199356079102,80.03163146972656,0.13011860847473145,1.3930399417877197,1.7236405611038208,3.326845645904541,5.435492992401123,27.42496681213379,53.220890045166016,3925,11569,1269,18.525840759277344,2141,0.5454777070063694,1028,0.2619108280254777,1,0.00025477707006369424,0,0.3581082590901991,1.0,0.9647460760383669,8.0,1.0,0.8409710024407859,0.7542212649522158,0.9617885684381041,0.35339777235380904,0.9045462160426356,0.8385584045912798,False,False,83968,0.1,120.0,preserve_strong_layers,fixed,0.12,0.35,1.0,1.0,1.0,"{""fixed"": 1012}",,False,0.0,0.0,0.0,0,0,0,0,0,0,0,0,0,0,0,0,0,1.0,1.0,1.0,"{""fixed"": 1012}",0,0,0,0,0,0,False,False,,,,,,,0.0,0.0,0.0,0.0,,1.0,3237,2144,1093,2.0,0.5,2.6,current_priority_adaptive,11.0,0.25,off,,0.1,fixed,dense,0.35,0.7,0.7,reanalysis,off,unknown,0.0,0.0,0.0,0.0,0,0.0,0.0,0,0,0.0,0.0,0.0,False,5666,15243,0.37171160532703534,1893.1409912109375,1542.656494140625,36.28276824951172,74.18953704833984,12.716567039489746,8.076061248779297,17.45611000061035,0.21934957802295685,0.05000000074505806,0.5543328523635864,0.4325193762779236,0.6786094903945923,11856.865234375,,True,False
20260201075400,gaussian,diagnostic_weighted,pydda_3dvar_proxy,diagnostic_adaptive_v3,"8:4,10:5",8,4.0,2,1.0,8.0,default_timepower15_8_4_conservative_v2,1,1297,0.5444158618494598,1.0,10.915340490320135,True,8,4.0,2,1.0,2,1,1,1297,4673,1.8948513491073884,1.8948513491073884,-1.0987710728070303,1.5437499035713582,262013,0.020773043952232298,156065,105948,0.008399821614389772,0,15.877705574035645,157.30116271972656,0.14953529834747314,1.4511324167251587,1.8376392126083374,3.372736930847168,5.569225788116455,27.1988525390625,60.516387939453125,8479,14354,2470,22.187448501586914,3261,0.3845972402405944,1729,0.2039155560797264,0,0.0,1688,0.3459080390067487,0.9921802773497688,0.9750260314066048,8.0,1.0,0.8484344229084252,0.682782251502632,0.9354544004031455,0.3368123935368327,0.9104355506665015,0.8483866194174784,False,False,105948,0.1,120.0,preserve_strong_layers,fixed,0.12,0.35,1.0,1.0,1.0,"{""fixed"": 1298}",,False,0.0,0.0,0.0,0,0,0,0,0,0,0,0,0,0,0,0,0,1.0,1.0,1.0,"{""fixed"": 1298}",0,0,0,0,0,0,False,False,,,,,,,0.0,0.0,0.0,0.0,,1.0,5071,3265,1806,2.0,0.5,2.6,current_priority_adaptive,11.0,0.25,off,,0.1,fixed,dense,0.35,0.7,0.7,reanalysis,off,unknown,0.0,0.0,0.0,0.0,0,0.0,0.0,0,0,0.0,0.0,0.0,False,571,1419,0.4023960535588443,157.90548706054688,136.0749053955078,13.408781051635742,26.022451400756836,10.697622299194336,8.513519287109375,13.641837120056152,0.12693999707698822,0.05000000074505806,0.299768328666687,0.5006567239761353,0.5834501385688782,9186.5146484375,,True,False
20260203170000,gaussian,diagnostic_weighted,pydda_3dvar_proxy,diagnostic_adaptive_v3,"8:4,10:5",10,5.0,2,1.0,10.0,default_timepower15_8_4_conservative_v2;moderate_current_support_fresh_context_prefers_10_5,14,421,0.5473198737741996,1.0,37.28691536863964,True,10,5.0,2,1.0,17,3,14,421,2207,4.212628611869625,3.4866477235259734,3.0517367308534418,-1.6242185362299886,191629,0.015192824934344186,108698,82931,0.006574976463009761,0,21.20917510986328,91.03704833984375,0.14104340970516205,1.9540324211120605,1.9912855625152588,4.554385185241699,7.943732261657715,47.045494079589844,71.20477294921875,17668,17623,4963,18.16190528869629,9001,0.5094521168213719,3809,0.2155875028299751,0,0.0,0,0.3298973023780891,0.9995402298850575,0.9817960679538313,8.0,1.0,0.8438305569122448,0.7296641220950729,0.970240907177316,0.34704320686167794,0.9336149358132175,0.8408448531008111,False,False,82931,0.1,120.0,preserve_strong_layers,fixed,0.12,0.35,1.0,1.0,1.0,"{""fixed"": 435}",,False,0.0,0.0,0.0,0,0,0,0,0,0,0,0,0,0,0,0,0,1.0,1.0,1.0,"{""fixed"": 435}",0,0,0,0,0,0,False,False,,,,,,,0.0,0.0,0.0,0.0,,1.0,13274,9005,4269,2.0,0.5,2.6,current_priority_adaptive,11.0,0.25,off,,0.1,fixed,dense,0.35,0.7,0.7,reanalysis,off,unknown,0.0,0.0,0.0,0.0,0,0.0,0.0,0,0,0.0,0.0,0.0,False,6427,7014,0.916310236669518,2248.234619140625,1744.8172607421875,35.61437225341797,103.16754150390625,11.841358184814453,8.230220794677734,15.20154857635498,0.24625644087791443,0.05000000074505806,0.4644087553024292,0.3255736231803894,0.7598810791969299,9033.685546875,,True,False
20260207131800,gaussian,diagnostic_weighted,pydda_3dvar_proxy,diagnostic_adaptive_v3,"8:4,10:5",8,4.0,2,1.0,8.0,default_timepower15_8_4_conservative_v2,21,1049,0.5640623762882042,1.0,2.80141953187127,True,8,4.0,2,1.0,24,3,21,1049,5147,5.35471908890356,4.966558295504094,-1.7935793658567494,3.8882654256992204,250055,0.019824983895743522,145894,104161,0.008258143798622468,0,21.2034854888916,141.18035888671875,0.1464599221944809,1.793561577796936,2.192275285720825,4.048331260681152,6.726563930511475,37.467891693115234,72.50276947021484,13382,20152,4773,22.54935646057129,5236,0.3912718577193245,2679,0.2001942908384397,4,0.00029890898221491554,911,0.33799297094847597,0.9919158878504672,0.9749675511301583,8.0,1.0,0.8448683374879846,0.6657052423436353,0.9509355506665015,0.34473702780447857,0.9048947343399709,0.8436666651010525,False,False,104161,0.1,120.0,preserve_strong_layers,fixed,0.12,0.35,1.0,1.0,1.0,"{""fixed"": 1070}",,False,0.0,0.0,0.0,0,0,0,0,0,0,0,0,0,0,0,0,0,1.0,1.0,1.0,"{""fixed"": 1070}",0,0,0,0,0,0,False,False,,,,,,,0.0,0.0,0.0,0.0,,1.0,7941,5243,2698,2.0,0.5,2.6,current_priority_adaptive,11.0,0.25,off,,0.1,fixed,dense,0.35,0.7,0.7,reanalysis,off,unknown,0.0,0.0,0.0,0.0,0,0.0,0.0,0,0,0.0,0.0,0.0,False,1319,13876,0.09505621216488902,27.243562698364258,21.824525833129883,33.30414962768555,54.550357818603516,12.943487167358398,8.47655200958252,16.37436866760254,0.1249835267663002,0.05000000074505806,0.4206632971763611,0.5667129755020142,0.43266957998275757,13761.1826171875,,True,False
20260211102400,gaussian,diagnostic_weighted,pydda_3dvar_proxy,diagnostic_adaptive_v3,"8:4,10:5",8,4.0,2,1.0,8.0,default_timepower15_8_4_conservative_v2,21,819,0.5629026862695614,1.0,3.4169862285693364,True,8,4.0,2,1.0,24,3,21,819,4915,3.4180990094355455,3.154711766924993,-1.2850844826217227,1.860838335211039,194023,0.015382627223626183,110930,83093,0.0065878202269461375,0,13.680472373962402,94.66632080078125,0.12656983733177185,1.3202168941497803,1.5720373392105103,3.1213555335998535,5.13339900970459,24.955062866210938,36.97700500488281,598,9296,37,10.16552448272705,186,0.3110367892976589,14,0.023411371237458192,0,0.0,0,0.34336485698988733,0.9997619047619047,0.9631972849537622,8.0,1.0,0.8400195013942235,0.709068979081283,0.9509355506665015,0.3555122191239477,0.8872926935236443,0.8388073682626999,False,False,83093,0.1,120.0,preserve_strong_layers,fixed,0.12,0.35,1.0,1.0,1.0,"{""fixed"": 840}",,False,0.0,0.0,0.0,0,0,0,0,0,0,0,0,0,0,0,0,0,1.0,1.0,1.0,"{""fixed"": 840}",0,0,0,0,0,0,False,False,,,,,,,0.0,0.0,0.0,0.0,,1.0,200,186,14,2.0,0.5,2.6,current_priority_adaptive,11.0,0.25,off,,0.1,fixed,dense,0.35,0.7,0.7,reanalysis,off,unknown,0.0,0.0,0.0,0.0,0,0.0,0.0,0,0,0.0,0.0,0.0,False,3,11353,0.00026424733550603366,0.0027507967315614223,0.0023130858317017555,14.416089057922363,14.444753646850586,12.696995735168457,12.689870834350586,12.703506469726562,0.15925933420658112,0.15867245197296143,0.15979406237602234,0.0036358681973069906,0.35249224305152893,10000.0,,True,False
20260216015400,gaussian,diagnostic_weighted,pydda_3dvar_proxy,diagnostic_adaptive_v3,"8:4,10:5",10,5.0,2,1.0,10.0,default_timepower15_8_4_conservative_v2;moderate_current_support_fresh_context_prefers_10_5,14,533,0.6410524058245137,1.0,22.627977310626914,True,10,5.0,2,1.0,17,3,14,533,5100,29.00541123866669,26.92174805069419,-1.4422610303303536,5.410789355679223,230618,0.01828397007085873,124454,106164,0.008416946632971607,0,14.660335540771484,123.26031494140625,0.14006966352462769,1.415592074394226,1.6835136413574219,3.388132333755493,5.588465213775635,25.6166934967041,65.37759399414062,10677,12357,3282,23.715795516967773,2543,0.2381755174674534,1559,0.14601479816427834,0,0.0,1764,0.33570848781145063,0.9957038391224863,0.9788864032342083,8.0,1.0,0.85890914529606,0.6932067608846888,0.9509355506665015,0.3135352326754224,0.8883488159726239,0.8581358706441427,False,False,106164,0.1,120.0,preserve_strong_layers,fixed,0.12,0.35,1.0,1.0,1.0,"{""fixed"": 547}",,False,0.0,0.0,0.0,0,0,0,0,0,0,0,0,0,0,0,0,0,1.0,1.0,1.0,"{""fixed"": 547}",0,0,0,0,0,0,False,False,,,,,,,0.0,0.0,0.0,0.0,,1.0,4157,2556,1601,2.0,0.5,2.6,current_priority_adaptive,11.0,0.25,off,,0.1,fixed,dense,0.35,0.7,0.7,reanalysis,off,unknown,0.0,0.0,0.0,0.0,0,0.0,0.0,0,0,0.0,0.0,0.0,False,2251,9809,0.22948312773983076,129.86293029785156,92.37882995605469,43.28852462768555,103.1653060913086,12.590292930603027,9.274627685546875,16.240535736083984,0.2728142738342285,0.05000000074505806,0.43734976649284363,0.3782058358192444,0.852033793926239,6792.09228515625,,True,False
20260220060600,gaussian,diagnostic_weighted,pydda_3dvar_proxy,diagnostic_adaptive_v3,"8:4,10:5",10,5.0,2,1.0,10.0,default_timepower15_8_4_conservative_v2;moderate_current_support_fresh_context_prefers_10_5,3,606,0.5221298664382561,1.0,5.332786255826582,True,10,5.0,2,1.0,4,1,3,606,5416,1.932191372663722,1.932191372663722,1.9299585354180735,-0.09286308288573863,193130,0.015311827956989247,110988,82142,0.0065124225756900056,0,16.741275787353516,120.21356201171875,0.14406949281692505,1.2956360578536987,1.4861869812011719,2.9882078170776367,5.016376972198486,23.707048416137695,33.74282455444336,4891,7869,1633,18.67783546447754,1452,0.29687180535677776,647,0.13228378654671846,101,0.02065017378859129,3,0.3198188206846361,0.9979474548440066,0.9797312898854922,8.0,1.0,0.8220212251333359,0.689055548340102,0.8801976466627908,0.3955083885925872,0.8689926935236443,0.8217886931116015,False,False,82142,0.1,120.0,preserve_strong_layers,fixed,0.12,0.35,1.0,1.0,1.0,"{""fixed"": 609}",,False,0.0,0.0,0.0,0,0,0,0,0,0,0,0,0,0,0,0,0,1.0,1.0,1.0,"{""fixed"": 609}",0,0,0,0,0,0,False,False,,,,,,,0.0,0.0,0.0,0.0,,1.0,2099,1452,647,2.0,0.5,2.6,current_priority_adaptive,11.0,0.25,off,,0.1,fixed,dense,0.35,0.7,0.7,reanalysis,off,unknown,0.0,0.0,0.0,0.0,0,0.0,0.0,0,0,0.0,0.0,0.0,False,22,4977,0.004420333534257585,0.467826247215271,0.3186611533164978,15.807326316833496,16.55733871459961,14.73763370513916,14.628021240234375,14.826026916503906,0.3186209201812744,0.30727046728134155,0.33250442147254944,0.019154878333210945,0.5963645577430725,12500.0,,True,False
20260124121200,gaussian,diagnostic_weighted,pydda_3dvar_proxy,diagnostic_adaptive_v3,"8:4,10:5",10,5.0,2,1.0,10.0,default_timepower15_8_4_conservative_v2;moderate_current_support_fresh_context_prefers_10_5,7,435,0.5381140281120512,1.0,19.318017640702436,True,10,5.0,2,1.0,9,2,7,435,4418,16.196957810013163,15.0539699728404,-2.1511021462626196,13.935281557698904,220602,0.017489876616619594,124299,96303,0.007635141965214806,0,18.365707397460938,116.29061126708984,0.13097965717315674,1.7786940336227417,1.8629637956619263,4.4644856452941895,7.5626115798950195,35.18276596069336,81.08856201171875,11335,17538,3634,20.878700256347656,5506,0.4857520952801059,2404,0.2120864578738421,110,0.009704455227172474,0,0.34089610228663414,0.9932126696832579,0.978207111502256,8.0,1.0,0.8348468018355286,0.6830164226154876,0.9252409071773161,0.36700710703215866,0.85450697923793,0.8345304311646854,False,False,96303,0.1,120.0,preserve_strong_layers,fixed,0.12,0.35,1.0,1.0,1.0,"{""fixed"": 442}",,False,0.0,0.0,0.0,0,0,0,0,0,0,0,0,0,0,0,0,0,1.0,1.0,1.0,"{""fixed"": 442}",0,0,0,0,0,0,False,False,,,,,,,0.0,0.0,0.0,0.0,,1.0,7957,5512,2445,2.0,0.5,2.6,current_priority_adaptive,11.0,0.25,off,,0.1,fixed,dense,0.35,0.7,0.7,reanalysis,off,unknown,0.0,0.0,0.0,0.0,0,0.0,0.0,0,0,0.0,0.0,0.0,False,1857,5393,0.344335249397367,425.186767578125,270.64154052734375,107.01286315917969,153.85305786132812,15.103824615478516,11.674800872802734,16.610158920288086,0.37010523676872253,0.05000000074505806,0.4519469141960144,0.13299527764320374,0.7234129905700684,14112.81640625,,True,False
20260129073000,gaussian,diagnostic_weighted,pydda_3dvar_proxy,diagnostic_adaptive_v3,"8:4,10:5",10,5.0,2,1.0,10.0,default_timepower15_8_4_conservative_v2;moderate_current_support_fresh_context_prefers_10_5,12,742,0.5162620919668254,1.0,29.830841062568517,True,10,5.0,2,1.0,14,2,12,742,4440,9.669699581255486,7.522714883988568,-4.097633174042824,6.250231453478333,206829,0.016397918834547345,124508,82321,0.006526614142014766,0,21.314876556396484,206.33767700195312,0.1402638703584671,1.8813397884368896,2.4353878498077393,4.672921657562256,7.465440273284912,34.934242248535156,86.0479507446289,9811,19799,5002,32.328372955322266,1604,0.16348996024870044,818,0.08337580267047191,0,0.0,3107,0.35258722070603377,0.9918435013262599,0.9708076541833829,8.0,1.0,0.8496077985748975,0.6665800944686893,0.970240907177316,0.3342048920557831,0.956418808026382,0.8478803968047928,False,False,82321,0.1,120.0,preserve_strong_layers,fixed,0.12,0.35,1.0,1.0,1.0,"{""fixed"": 754}",,False,0.0,0.0,0.0,0,0,0,0,0,0,0,0,0,0,0,0,0,1.0,1.0,1.0,"{""fixed"": 754}",0,0,0,0,0,0,False,False,,,,,,,0.0,0.0,0.0,0.0,,1.0,2448,1611,837,2.0,0.5,2.6,current_priority_adaptive,11.0,0.25,off,,0.1,fixed,dense,0.35,0.7,0.7,reanalysis,off,unknown,0.0,0.0,0.0,0.0,0,0.0,0.0,0,0,0.0,0.0,0.0,False,1045,7140,0.14635854341736695,357.5822448730469,287.5339660644531,14.687786102294922,39.35076141357422,11.03875732421875,7.908762454986572,12.67699146270752,0.18863694369792938,0.05000000074505806,0.34734612703323364,0.21990887820720673,0.6062888503074646,6786.12451171875,,True,False
20260201110600,gaussian,diagnostic_weighted,pydda_3dvar_proxy,diagnostic_adaptive_v3,"8:4,10:5",8,4.0,2,1.0,8.0,default_timepower15_8_4_conservative_v2,20,1079,0.545225606587661,1.0,4.822737091186532,True,8,4.0,2,1.0,23,3,20,1079,4903,4.037262795444012,3.6487314782574223,-0.47978486588435015,2.7410181050367384,216853,0.017192646548733957,130848,86005,0.006818690847827164,0,17.324424743652344,157.3011474609375,0.14548440277576447,1.5215352773666382,1.967653751373291,3.355386972427368,5.533045768737793,27.459423065185547,69.59294128417969,5731,12105,1946,27.134946823120117,2497,0.43570057581573896,1713,0.29890071540743324,66,0.011516314779270634,1498,0.33444691805113586,0.9927206551410374,0.9775122017917002,8.0,1.0,0.8489152948787979,0.6668344143320537,0.9509355506665015,0.33574378915822684,0.9114924872693674,0.8477553839911136,False,False,86005,0.1,120.0,preserve_strong_layers,fixed,0.12,0.35,1.0,1.0,1.0,"{""fixed"": 1099}",,False,0.0,0.0,0.0,0,0,0,0,0,0,0,0,0,0,0,0,0,1.0,1.0,1.0,"{""fixed"": 1099}",0,0,0,0,0,0,False,False,,,,,,,0.0,0.0,0.0,0.0,,1.0,4229,2497,1732,2.0,0.5,2.6,current_priority_adaptive,11.0,0.25,off,,0.1,fixed,dense,0.35,0.7,0.7,reanalysis,off,unknown,0.0,0.0,0.0,0.0,0,0.0,0.0,0,0,0.0,0.0,0.0,False,2058,11955,0.17214554579673777,959.6490478515625,810.7156982421875,15.890454292297363,40.7244758605957,11.280555725097656,8.126138687133789,15.998983383178711,0.19797077775001526,0.05000000074505806,0.4967426359653473,0.4447830319404602,0.724043607711792,8294.2177734375,,True,False
20260203231200,gaussian,diagnostic_weighted,pydda_3dvar_proxy,diagnostic_adaptive_v3,"8:4,10:5",10,5.0,2,1.0,10.0,default_timepower15_8_4_conservative_v2;moderate_current_support_fresh_context_prefers_10_5,10,492,0.5438181119743823,1.0,9.409161962504195,True,10,5.0,2,1.0,12,2,10,492,1836,3.7868348255101196,3.784642803047276,-2.065356480449319,-2.0721159028436453,217768,0.01726519003022645,125830,91938,0.007289073881373569,0,21.424341201782227,131.42124938964844,0.13568547368049622,2.050696611404419,2.0556046962738037,4.810856819152832,8.324620246887207,45.914451599121094,58.649871826171875,23464,23067,5777,17.118934631347656,9564,0.4076031367200818,3445,0.14682066143879988,35,0.0014916467780429594,108,0.32619040494696344,0.9979083665338645,0.9914749306952619,8.0,1.0,0.8372281319656308,0.6779339750077296,0.9509355506665015,0.361715262298598,0.9023355506665014,0.8359048104473205,False,False,91938,0.1,120.0,preserve_strong_layers,fixed,0.12,0.35,1.0,1.0,1.0,"{""fixed"": 502}",,False,0.0,0.0,0.0,0,0,0,0,0,0,0,0,0,0,0,0,0,1.0,1.0,1.0,"{""fixed"": 502}",0,0,0,0,0,0,False,False,,,,,,,0.0,0.0,0.0,0.0,,1.0,13598,9579,4019,2.0,0.5,2.6,current_priority_adaptive,11.0,0.25,off,,0.1,fixed,dense,0.35,0.7,0.7,reanalysis,off,unknown,0.0,0.0,0.0,0.0,0,0.0,0.0,0,0,0.0,0.0,0.0,False,3841,8182,0.4694451234417013,1066.3809814453125,903.43701171875,20.554697036743164,57.82770919799805,12.21034049987793,8.02416706085205,16.94832992553711,0.1889425367116928,0.05000000074505806,0.4730374813079834,0.4532887935638428,0.6543818116188049,11195.3916015625,,True,False
20260208014200,gaussian,diagnostic_weighted,pydda_3dvar_proxy,diagnostic_adaptive_v3,"8:4,10:5",8,4.0,2,1.0,8.0,default_timepower15_8_4_conservative_v2,2,1217,0.6315101298793676,1.0,22.535605886164124,True,8,4.0,2,1.0,3,1,2,1217,5054,2.6234559276487297,2.6234559276487297,0.3324076142059793,-2.602311699688019,296358,0.023496001189237403,174538,121820,0.009658193350180862,0,14.810158729553223,220.2464599609375,0.15019096434116364,1.4027087688446045,1.8734606504440308,3.4413206577301025,5.543618202209473,27.551584243774414,51.997764587402344,6096,16374,2140,22.254594802856445,2463,0.40403543307086615,1428,0.234251968503937,1,0.00016404199475065617,52,0.33280992296095685,0.9933141919606235,0.9822928136742616,8.0,1.0,0.8499698371899171,0.6966855506665015,0.942298957602912,0.3334003618001841,0.8692284078093586,0.8499381879366394,False,False,121820,0.1,120.0,preserve_strong_layers,fixed,0.12,0.35,1.0,1.0,1.0,"{""fixed"": 1219}",,False,0.0,0.0,0.0,0,0,0,0,0,0,0,0,0,0,0,0,0,1.0,1.0,1.0,"{""fixed"": 1219}",0,0,0,0,0,0,False,False,,,,,,,0.0,0.0,0.0,0.0,,1.0,3926,2468,1458,2.0,0.5,2.6,current_priority_adaptive,11.0,0.25,off,,0.1,fixed,dense,0.35,0.7,0.7,reanalysis,off,unknown,0.0,0.0,0.0,0.0,0,0.0,0.0,0,0,0.0,0.0,0.0,False,59,2149,0.027454630060493253,1.0520644187927246,0.7542760968208313,25.9306640625,44.283607482910156,14.858833312988281,13.488435745239258,16.36778450012207,0.2778847813606262,0.13626587390899658,0.3870971202850342,0.052011888474226,0.5068026185035706,13406.779296875,,True,False
20260211120600,gaussian,diagnostic_weighted,pydda_3dvar_proxy,diagnostic_adaptive_v3,"8:4,10:5",10,5.0,2,1.0,10.0,default_timepower15_8_4_conservative_v2;moderate_current_support_fresh_context_prefers_10_5,4,730,0.5602679096305909,1.0,4.807289284553202,True,10,5.0,2,1.0,5,1,4,730,4798,4.106237070498563,4.106237070498563,4.047124765478673,0.6942362795085114,213313,0.016911986521976115,127818,85495,0.006778256776175611,0,13.960881233215332,100.43765258789062,0.14154377579689026,1.2268463373184204,1.2869499921798706,3.1187260150909424,5.101680278778076,24.1406307220459,41.918495178222656,2496,9690,663,20.72908592224121,1268,0.5080128205128205,457,0.1830929487179487,0,0.0,0,0.34169355041834937,0.9967302452316075,0.9646181651450814,8.0,1.0,0.8376966201837102,0.6923079912553621,0.9176510741747168,0.3606741773695333,0.895714122095073,0.8373787160636478,False,False,85495,0.1,120.0,preserve_strong_layers,fixed,0.12,0.35,1.0,1.0,1.0,"{""fixed"": 734}",,False,0.0,0.0,0.0,0,0,0,0,0,0,0,0,0,0,0,0,0,1.0,1.0,1.0,"{""fixed"": 734}",0,0,0,0,0,0,False,False,,,,,,,0.0,0.0,0.0,0.0,,1.0,1726,1269,457,2.0,0.5,2.6,current_priority_adaptive,11.0,0.25,off,,0.1,fixed,dense,0.35,0.7,0.7,reanalysis,off,unknown,0.0,0.0,0.0,0.0,0,0.0,0.0,0,0,0.0,0.0,0.0,False,0,6731,0.0,0.0,0.0,5.10324764251709,11.507691383361816,13.157273292541504,9.638877868652344,16.6260929107666,0.23103196918964386,0.05000000074505806,0.4742180109024048,0.3348579704761505,0.6537792086601257,0.0,,True,False
20260216073600,gaussian,diagnostic_weighted,pydda_3dvar_proxy,diagnostic_adaptive_v3,"8:4,10:5",8,4.0,2,1.0,8.0,default_timepower15_8_4_conservative_v2,23,764,0.5475145525289898,1.0,13.476116687019008,True,8,4.0,2,1.0,27,4,23,764,4438,2.0301050945880346,2.0061947406696468,0.5420412238620984,-0.4982349247530852,189867,0.01505312918091274,106545,83322,0.0066059759179426195,0,16.170419692993164,123.26070404052734,0.12514401972293854,1.4976682662963867,1.9813165664672852,3.2633063793182373,5.332034587860107,25.324356079101562,58.903541564941406,6768,9871,1941,22.91689109802246,1696,0.25059101654846333,815,0.12041962174940898,1,0.00014775413711583924,1156,0.3442931333000545,0.9989199491740789,0.9766066099036546,8.0,1.0,0.8559549517007995,0.6929779963046895,0.970240907177316,0.3201001073315567,0.9119726919359309,0.8542685537617838,False,False,83322,0.1,120.0,preserve_strong_layers,fixed,0.12,0.35,1.0,1.0,1.0,"{""fixed"": 787}",,False,0.0,0.0,0.0,0,0,0,0,0,0,0,0,0,0,0,0,0,1.0,1.0,1.0,"{""fixed"": 787}",0,0,0,0,0,0,False,False,,,,,,,0.0,0.0,0.0,0.0,,1.0,2545,1696,849,2.0,0.5,2.6,current_priority_adaptive,11.0,0.25,off,,0.1,fixed,dense,0.35,0.7,0.7,reanalysis,off,unknown,0.0,0.0,0.0,0.0,0,0.0,0.0,0,0,0.0,0.0,0.0,False,2980,11712,0.25443989071038253,274.68621826171875,226.65509033203125,21.279918670654297,39.06071090698242,13.028733253479004,8.378519058227539,15.873361587524414,0.16497665643692017,0.05000000074505806,0.43195050954818726,0.4417899549007416,0.5290888547897339,12782.7177734375,,True,False
20260220071800,gaussian,diagnostic_weighted,pydda_3dvar_proxy,diagnostic_adaptive_v3,"8:4,10:5",8,4.0,2,1.0,8.0,default_timepower15_8_4_conservative_v2,1,594,0.5357165346911045,1.0,15.247872345237258,True,8,4.0,2,1.0,2,1,1,594,4986,4.802323336400812,4.802323336400812,-4.656768885889534,-1.1733767386270184,161645,0.01281561865120658,87947,73698,0.005842961201129776,0,16.121538162231445,118.11486053466797,0.13777580857276917,1.3548139333724976,1.651868462562561,2.967984437942505,5.00120735168457,24.206266403198242,32.17376708984375,3301,7386,1111,18.99650001525879,954,0.2890033323235383,454,0.13753408058164193,82,0.024840957285671008,0,0.317961440902439,0.9978991596638656,0.9834092744650258,8.0,1.0,0.8207989241729216,0.6798485573904745,0.8844554056868904,0.3982246129490633,0.8586212649522158,0.8207352501985457,False,False,73698,0.1,120.0,preserve_strong_layers,fixed,0.12,0.35,1.0,1.0,1.0,"{""fixed"": 595}",,False,0.0,0.0,0.0,0,0,0,0,0,0,0,0,0,0,0,0,0,1.0,1.0,1.0,"{""fixed"": 595}",0,0,0,0,0,0,False,False,,,,,,,0.0,0.0,0.0,0.0,,1.0,1408,954,454,2.0,0.5,2.6,current_priority_adaptive,11.0,0.25,off,,0.1,fixed,dense,0.35,0.7,0.7,reanalysis,off,unknown,0.0,0.0,0.0,0.0,0,0.0,0.0,0,0,0.0,0.0,0.0,False,151,1445,0.10449826989619378,44.231040954589844,32.35078811645508,16.03917694091797,19.10300636291504,14.005936622619629,11.673314094543457,15.241171836853027,0.28589877486228943,0.055200330913066864,0.3722507655620575,0.15143431723117828,0.5991071462631226,13211.9208984375,,True,False
20260124121800,gaussian,diagnostic_weighted,pydda_3dvar_proxy,diagnostic_adaptive_v3,"8:4,10:5",10,5.0,2,1.0,10.0,default_timepower15_8_4_conservative_v2;moderate_current_support_fresh_context_prefers_10_5,10,431,0.5376117722264616,1.0,3.797307003112907,True,10,5.0,2,1.0,12,2,10,431,4481,1.9253668312167904,1.882592431663364,0.31000208153697295,-0.5525462156108873,222143,0.017612050939002033,125092,97051,0.007694445270303751,0,18.00425148010254,116.30182647705078,0.12995976209640503,1.7383558750152588,1.8095790147781372,4.3080339431762695,7.33860969543457,34.090213775634766,81.0561752319336,10306,16089,3357,21.212684631347656,5346,0.5187269551717446,2397,0.23258296138171938,110,0.010673394139336309,0,0.34148689957552675,0.9936507936507938,0.9775011059661777,8.0,1.0,0.8353236661297381,0.6836961557755952,0.9509355506665015,0.3659474086005819,0.8848626935236442,0.8341742687424085,False,False,97051,0.1,120.0,preserve_strong_layers,fixed,0.12,0.35,1.0,1.0,1.0,"{""fixed"": 441}",,False,0.0,0.0,0.0,0,0,0,0,0,0,0,0,0,0,0,0,0,1.0,1.0,1.0,"{""fixed"": 441}",0,0,0,0,0,0,False,False,,,,,,,0.0,0.0,0.0,0.0,,1.0,7771,5351,2420,2.0,0.5,2.6,current_priority_adaptive,11.0,0.25,off,,0.1,fixed,dense,0.35,0.7,0.7,reanalysis,off,unknown,0.0,0.0,0.0,0.0,0,0.0,0.0,0,0,0.0,0.0,0.0,False,1389,9367,0.14828653784562826,126.42797088623047,84.25360107421875,31.279727935791016,60.19154739379883,14.25466251373291,9.33952522277832,17.02147102355957,0.3165415823459625,0.05000000074505806,0.4877732992172241,0.2195122390985489,0.7306706309318542,11964.72265625,,True,False
20260129084200,gaussian,diagnostic_weighted,pydda_3dvar_proxy,diagnostic_adaptive_v3,"8:4,10:5",8,4.0,2,1.0,8.0,default_timepower15_8_4_conservative_v2,29,727,0.4972630033913064,1.0,3.9458489733178252,True,8,4.0,2,1.0,34,5,29,727,4574,6.078200446178097,5.903676589741325,-1.4898082449170187,0.6326032889002402,152596,0.012098191368118528,88789,63807,0.005058778058569942,0,20.172893524169922,206.33767700195312,0.14180105924606323,1.8234529495239258,2.5067858695983887,4.179714202880859,6.632290840148926,33.384490966796875,55.76542282104492,5647,13235,3171,33.76636505126953,647,0.1145741101469807,464,0.08216752257836019,0,0.0,1644,0.34948378679148023,0.9935185185185186,0.9659417182827746,8.0,1.0,0.8499424238912257,0.676923339599041,0.9509355506665015,0.3334612802417204,0.8999591959866985,0.8479472569163031,False,False,63807,0.1,120.0,preserve_strong_layers,fixed,0.12,0.35,1.0,1.0,1.0,"{""fixed"": 756}",,False,0.0,0.0,0.0,0,0,0,0,0,0,0,0,0,0,0,0,0,1.0,1.0,1.0,"{""fixed"": 756}",0,0,0,0,0,0,False,False,,,,,,,0.0,0.0,0.0,0.0,,1.0,1137,648,489,2.0,0.5,2.6,current_priority_adaptive,11.0,0.25,off,,0.1,fixed,dense,0.35,0.7,0.7,reanalysis,off,unknown,0.0,0.0,0.0,0.0,0,0.0,0.0,0,0,0.0,0.0,0.0,False,1984,9987,0.1986582557324522,533.931640625,447.9552001953125,23.094633102416992,70.43415069580078,11.997218132019043,8.110214233398438,15.569615364074707,0.20827947556972504,0.05000000074505806,0.4461645185947418,0.3182355463504791,0.629492461681366,10049.6474609375,,True,False
20260201120000,gaussian,diagnostic_weighted,pydda_3dvar_proxy,diagnostic_adaptive_v3,"8:4,10:5",8,4.0,2,1.0,8.0,default_timepower15_8_4_conservative_v2,27,1075,0.5266180387876436,1.0,4.480583782482439,True,8,4.0,2,1.0,31,4,27,1075,4518,4.760806578902042,4.675580918436799,-3.023223306043175,2.2744398293138937,216696,0.017180199197264753,132549,84147,0.006671383975026014,0,18.85758399963379,150.9510955810547,0.14855599403381348,1.6835905313491821,2.184399127960205,3.5834455490112305,5.95224666595459,29.21597671508789,69.57807159423828,9022,13486,2550,21.796525955200195,4366,0.48392817557082685,2178,0.24140988694302815,1,0.00011084016847705608,1318,0.329194543071763,0.9933756805807621,0.9831291240277328,8.0,1.0,0.8470963104090478,0.675611641050399,0.9509355506665015,0.33978597686878287,0.8994260268569776,0.8457819826470997,False,False,84147,0.1,120.0,preserve_strong_layers,fixed,0.12,0.35,1.0,1.0,1.0,"{""fixed"": 1102}",,False,0.0,0.0,0.0,0,0,0,0,0,0,0,0,0,0,0,0,0,1.0,1.0,1.0,"{""fixed"": 1102}",0,0,0,0,0,0,False,False,,,,,,,0.0,0.0,0.0,0.0,,1.0,6601,4365,2236,2.0,0.5,2.6,current_priority_adaptive,11.0,0.25,off,,0.1,fixed,dense,0.35,0.7,0.7,reanalysis,off,unknown,0.0,0.0,0.0,0.0,0,0.0,0.0,0,0,0.0,0.0,0.0,False,3050,15615,0.19532500800512329,730.3245239257812,610.7686157226562,23.84787368774414,74.17137145996094,12.777280807495117,9.661428451538086,16.993322372436523,0.208797425031662,0.05000000074505806,0.49186545610427856,0.4106656610965729,0.6545112133026123,11941.966796875,,True,False
20260203233000,gaussian,diagnostic_weighted,pydda_3dvar_proxy,diagnostic_adaptive_v3,"8:4,10:5",8,4.0,2,1.0,8.0,default_timepower15_8_4_conservative_v2,2,471,0.589098807609981,1.0,42.597681108905164,True,8,4.0,2,1.0,3,1,2,471,2505,36.16461303717595,36.16461303717595,-33.867394085496194,12.683802820383706,173382,0.01374615727664635,91444,81938,0.006496248947029384,0,19.605390548706055,131.44656372070312,0.12801070511341095,2.0918335914611816,2.182779550552368,4.5996413230896,8.02283763885498,47.3105583190918,58.058929443359375,17734,17927,4659,17.958662033081055,7999,0.45105447163640466,3065,0.17283184842675087,20,0.001127777151234916,217,0.3247589902789929,0.9977801268498943,0.9906852096889232,8.0,1.0,0.8392933853361921,0.6811098376344749,0.9250333628872272,0.35712581036401764,0.83785697923793,0.8392994847251444,False,False,81938,0.1,120.0,preserve_strong_layers,fixed,0.12,0.35,1.0,1.0,1.0,"{""fixed"": 473}",,False,0.0,0.0,0.0,0,0,0,0,0,0,0,0,0,0,0,0,0,1.0,1.0,1.0,"{""fixed"": 473}",0,0,0,0,0,0,False,False,,,,,,,0.0,0.0,0.0,0.0,,1.0,11498,8006,3492,2.0,0.5,2.6,current_priority_adaptive,11.0,0.25,off,,0.1,fixed,dense,0.35,0.7,0.7,reanalysis,off,unknown,0.0,0.0,0.0,0.0,0,0.0,0.0,0,0,0.0,0.0,0.0,False,1287,1810,0.7110497237569061,52.773677825927734,38.50545883178711,39.97500228881836,67.66304016113281,13.375700950622559,9.48122787475586,15.576200485229492,0.2384195625782013,0.05000000074505806,0.4334847033023834,0.2874632179737091,0.645451545715332,11631.3134765625,,True,False
20260208051200,gaussian,diagnostic_weighted,pydda_3dvar_proxy,diagnostic_adaptive_v3,"8:4,10:5",8,4.0,2,1.0,8.0,default_timepower15_8_4_conservative_v2,18,1614,0.49570201055242746,1.0,5.914108447220414,True,8,4.0,2,1.0,21,3,18,1614,5210,4.698027530931185,4.081932176565935,-0.20682954288982222,1.1226524855374196,310756,0.02463751052970616,188798,121958,0.009669134334274814,0,13.627899169921875,220.2950897216797,0.14273007214069366,1.3221086263656616,1.7683608531951904,3.1035938262939453,5.00855827331543,23.37551498413086,49.09383010864258,5820,14808,2608,27.090694427490234,1950,0.33505154639175255,1208,0.20756013745704469,1,0.0001718213058419244,1281,0.3399882347188391,0.9932904411764706,0.971621622329183,8.0,1.0,0.8447021474814331,0.6694883037016945,0.9509355506665015,0.3451063389301488,0.8881437847583721,0.8442176682552961,False,False,121958,0.1,120.0,preserve_strong_layers,fixed,0.12,0.35,1.0,1.0,1.0,"{""fixed"": 1632}",,False,0.0,0.0,0.0,0,0,0,0,0,0,0,0,0,0,0,0,0,1.0,1.0,1.0,"{""fixed"": 1632}",0,0,0,0,0,0,False,False,,,,,,,0.0,0.0,0.0,0.0,,1.0,3164,1953,1211,2.0,0.5,2.6,current_priority_adaptive,11.0,0.25,off,,0.1,fixed,dense,0.35,0.7,0.7,reanalysis,off,unknown,0.0,0.0,0.0,0.0,0,0.0,0.0,0,0,0.0,0.0,0.0,False,1174,11390,0.10307287093942054,283.35272216796875,212.2911376953125,15.747275352478027,23.865413665771484,12.982993125915527,8.377973556518555,16.71445083618164,0.2665615379810333,0.05000000074505806,0.47820234298706055,0.23884351551532745,0.6657810211181641,11316.865234375,,True,False
20260211154800,gaussian,diagnostic_weighted,pydda_3dvar_proxy,diagnostic_adaptive_v3,"8:4,10:5",8,4.0,2,1.0,8.0,default_timepower15_8_4_conservative_v2,1,498,0.5134523830058553,1.0,2.243515175100291,True,8,4.0,2,1.0,2,1,1,498,3835,2.065830936689441,2.065830936689441,0.6723390954417123,1.9533605913204544,151394,0.012002893811010357,78540,72854,0.005776046776671127,0,12.789265632629395,100.42311096191406,0.12604506313800812,1.3416022062301636,1.464779019355774,3.073655605316162,5.273919582366943,26.65047264099121,44.10492706298828,2158,8010,552,21.279207229614258,1561,0.7233549582947173,546,0.25301204819277107,7,0.003243744207599629,0,0.331921474261795,0.9951903807615231,0.9824967352955881,8.0,1.0,0.8303327105068932,0.7169355506665015,0.9059355506665014,0.37703842109579283,0.8699355506665014,0.8302531867314723,False,False,72854,0.1,120.0,preserve_strong_layers,fixed,0.12,0.35,1.0,1.0,1.0,"{""fixed"": 499}",,False,0.0,0.0,0.0,0,0,0,0,0,0,0,0,0,0,0,0,0,1.0,1.0,1.0,"{""fixed"": 499}",0,0,0,0,0,0,False,False,,,,,,,0.0,0.0,0.0,0.0,,1.0,2107,1561,546,2.0,0.5,2.6,current_priority_adaptive,11.0,0.25,off,,0.1,fixed,dense,0.35,0.7,0.7,reanalysis,off,unknown,0.0,0.0,0.0,0.0,0,0.0,0.0,0,0,0.0,0.0,0.0,False,69,1445,0.04775086505190312,0.8393124938011169,0.5733311176300049,18.886932373046875,20.019147872924805,14.330377578735352,13.197295188903809,15.51672649383545,0.31703394651412964,0.19292478263378143,0.39199191331863403,0.09092129021883011,0.6695139408111572,11739.130859375,,True,False
20260217051800,gaussian,diagnostic_weighted,pydda_3dvar_proxy,diagnostic_adaptive_v3,"8:4,10:5",10,5.0,2,1.0,10.0,default_timepower15_8_4_conservative_v2;moderate_current_support_fresh_context_prefers_10_5,6,991,0.5171757948881198,1.0,6.16311183322711,True,10,5.0,2,1.0,7,1,6,991,5097,4.118138819577757,4.118138819577757,3.7986424975547273,1.5904032548647722,302088,0.02395028987661662,181228,120860,0.009582082156483821,0,15.014740943908691,102.03935241699219,0.15138642489910126,0.9921181797981262,1.254517674446106,2.467895984649658,3.8917288780212402,18.532665252685547,29.96220588684082,958,5902,390,27.88041114807129,97,0.10125260960334029,230,0.24008350730688935,9,0.009394572025052192,0,0.33596543531405215,0.9978936810431294,0.9723864828855241,8.0,1.0,0.8374846362754828,0.6786208217278609,0.9225695135015171,0.3611452527211493,0.8680498363807873,0.8372995795644517,False,False,120860,0.1,120.0,preserve_strong_layers,fixed,0.12,0.35,1.0,1.0,1.0,"{""fixed"": 997}",,False,0.0,0.0,0.0,0,0,0,0,0,0,0,0,0,0,0,0,0,1.0,1.0,1.0,"{""fixed"": 997}",0,0,0,0,0,0,False,False,,,,,,,0.0,0.0,0.0,0.0,,1.0,328,98,230,2.0,0.5,2.6,current_priority_adaptive,11.0,0.25,off,,0.1,fixed,dense,0.35,0.7,0.7,reanalysis,off,unknown,0.0,0.0,0.0,0.0,0,0.0,0.0,0,0,0.0,0.0,0.0,False,549,3766,0.1457780138077536,133.26300048828125,84.53549194335938,22.830364227294922,49.948341369628906,14.886979103088379,12.077476501464844,16.95738410949707,0.3505469560623169,0.11611109972000122,0.5263810157775879,0.13634498417377472,0.7049350142478943,13588.3427734375,,True,False
20260220114200,gaussian,diagnostic_weighted,pydda_3dvar_proxy,diagnostic_adaptive_v3,"8:4,10:5",10,5.0,2,1.0,10.0,default_timepower15_8_4_conservative_v2;moderate_current_support_fresh_context_prefers_10_5,8,461,0.5771914419860672,1.0,4.096066192964529,True,10,5.0,2,1.0,10,2,8,461,4986,3.6299333737117387,3.4180575735175296,-1.3505544929290032,1.05791948578212,174416,0.01382813537485754,99495,74921,0.005939923690600069,0,16.100696563720703,105.96864318847656,0.1434033066034317,1.1730858087539673,1.3330817222595215,2.81170654296875,4.752615928649902,24.189699172973633,30.04830551147461,426,7183,280,36.00662612915039,0,0.0,120,0.28169014084507044,29,0.06807511737089202,0,0.31835078431842345,0.9995735607675906,0.9846018296437077,8.0,1.0,0.8241552595854494,0.7169355506665015,0.8845575021249732,0.39076608981011224,0.8699355506665014,0.8233608076794877,False,False,74921,0.1,120.0,preserve_strong_layers,fixed,0.12,0.35,1.0,1.0,1.0,"{""fixed"": 469}",,False,0.0,0.0,0.0,0,0,0,0,0,0,0,0,0,0,0,0,0,1.0,1.0,1.0,"{""fixed"": 469}",0,0,0,0,0,0,False,False,,,,,,,0.0,0.0,0.0,0.0,,1.0,120,0,120,2.0,0.5,2.6,current_priority_adaptive,11.0,0.25,off,,0.1,fixed,dense,0.35,0.7,0.7,reanalysis,off,unknown,0.0,0.0,0.0,0.0,0,0.0,0.0,0,0,0.0,0.0,0.0,False,10,9014,0.0011093854004881295,0.018886370584368706,0.014869904145598412,15.22607707977295,17.35553550720215,14.063984870910645,13.92487621307373,14.207720756530762,0.20827063918113708,0.19150565564632416,0.22691158950328827,0.05662425607442856,0.40017834305763245,12550.0,,True,False
20260124133600,gaussian,diagnostic_weighted,pydda_3dvar_proxy,diagnostic_adaptive_v3,"8:4,10:5",10,5.0,2,1.0,10.0,default_timepower15_8_4_conservative_v2;moderate_current_support_fresh_context_prefers_10_5,5,414,0.5867538902143138,1.0,2.0113965431165504,True,10,5.0,2,1.0,6,1,5,414,4662,14.711078032611102,14.711078032611102,-14.686619056813695,-0.8479608255159476,222079,0.017606976859422228,123729,98350,0.007797433229275061,0,18.63665771484375,116.50043487548828,0.13761241734027863,1.7421293258666992,1.8409701585769653,4.342555522918701,7.378078937530518,34.12325668334961,81.08927154541016,10626,16488,3325,20.550416946411133,5476,0.5153397327310371,2402,0.22604931300583475,110,0.010351966873706004,0,0.32703414374061457,0.9914081145584726,0.9878064755022672,8.0,1.0,0.8366050863671907,0.6941227821734989,0.9305902335016484,0.36309980807291,0.8679555506665014,0.8362264575713052,False,False,98350,0.1,120.0,preserve_strong_layers,fixed,0.12,0.35,1.0,1.0,1.0,"{""fixed"": 419}",,False,0.0,0.0,0.0,0,0,0,0,0,0,0,0,0,0,0,0,0,1.0,1.0,1.0,"{""fixed"": 419}",0,0,0,0,0,0,False,False,,,,,,,0.0,0.0,0.0,0.0,,1.0,7901,5481,2420,2.0,0.5,2.6,current_priority_adaptive,11.0,0.25,off,,0.1,fixed,dense,0.35,0.7,0.7,reanalysis,off,unknown,0.0,0.0,0.0,0.0,0,0.0,0.0,0,0,0.0,0.0,0.0,False,2862,6398,0.44732728977805564,573.8751220703125,470.0736083984375,25.914592742919922,92.2223129272461,13.865730285644531,10.96208381652832,17.109607696533203,0.2583235502243042,0.05000000074505806,0.5029637217521667,0.5053327083587646,0.7704006433486938,13821.453125,,True,False
20260129115400,gaussian,diagnostic_weighted,pydda_3dvar_proxy,diagnostic_adaptive_v3,"8:4,10:5",8,4.0,2,1.0,8.0,default_timepower15_8_4_conservative_v2,20,715,0.5327178665908584,1.0,4.90186154430996,True,8,4.0,2,1.0,23,3,20,715,4605,2.4949654548725775,2.233421095657936,0.18712807738297244,-1.5723097329267108,180437,0.014305495267826172,106334,74103,0.0058750706109707155,0,20.70699119567871,191.67803955078125,0.14110524952411652,1.8754863739013672,2.393843412399292,4.08725643157959,6.722607612609863,33.382633209228516,55.76500701904297,7958,15316,1817,18.570711135864258,3300,0.41467705453631565,1185,0.14890676049258608,6,0.0007539582809751194,195,0.33920822319283567,0.9921768707482993,0.9823082009319861,8.0,1.0,0.8458969760748101,0.6642592844242129,0.9509355506665015,0.3424511642781999,0.9026097766363549,0.8443106040311306,False,False,74103,0.1,120.0,preserve_strong_layers,fixed,0.12,0.35,1.0,1.0,1.0,"{""fixed"": 735}",,False,0.0,0.0,0.0,0,0,0,0,0,0,0,0,0,0,0,0,0,1.0,1.0,1.0,"{""fixed"": 735}",0,0,0,0,0,0,False,False,,,,,,,0.0,0.0,0.0,0.0,,1.0,4522,3312,1210,2.0,0.5,2.6,current_priority_adaptive,11.0,0.25,off,,0.1,fixed,dense,0.35,0.7,0.7,reanalysis,off,unknown,0.0,0.0,0.0,0.0,0,0.0,0.0,0,0,0.0,0.0,0.0,False,476,10471,0.04545888644828574,66.8770523071289,53.2260856628418,17.40177345275879,54.16801834106445,13.349648475646973,11.046514511108398,16.39188003540039,0.22896091639995575,0.05000000074505806,0.43412673473358154,0.2794528305530548,0.6042547225952148,12029.412109375,,True,False
20260201133000,gaussian,diagnostic_weighted,pydda_3dvar_proxy,diagnostic_adaptive_v3,"8:4,10:5",10,5.0,2,1.0,10.0,default_timepower15_8_4_conservative_v2;moderate_current_support_fresh_context_prefers_10_5,9,966,0.5438511745081831,1.0,16.682567285018706,True,10,5.0,2,1.0,11,2,9,966,4733,7.964474697328503,6.710961850015505,0.05796072527122864,6.564948329783892,242332,0.019212685198949506,156371,85961,0.00681520241811605,0,19.684913635253906,150.95115661621094,0.1700834035873413,1.6287726163864136,2.021120548248291,3.853266477584839,6.339230537414551,31.72395896911621,69.61383056640625,10630,16937,3340,23.44430160522461,4721,0.44412041392285984,2555,0.24035747883349012,1,9.407337723424271e-05,1233,0.32746971866312735,0.9925128205128205,0.9860965763186256,8.0,1.0,0.843830262770355,0.6633317734855955,0.929971062721622,0.34704386051032227,0.8811212649522157,0.8434828310730085,False,False,85961,0.1,120.0,preserve_strong_layers,fixed,0.12,0.35,1.0,1.0,1.0,"{""fixed"": 975}",,False,0.0,0.0,0.0,0,0,0,0,0,0,0,0,0,0,0,0,0,1.0,1.0,1.0,"{""fixed"": 975}",0,0,0,0,0,0,False,False,,,,,,,0.0,0.0,0.0,0.0,,1.0,7331,4716,2615,2.0,0.5,2.6,current_priority_adaptive,11.0,0.25,off,,0.1,fixed,dense,0.35,0.7,0.7,reanalysis,off,unknown,0.0,0.0,0.0,0.0,0,0.0,0.0,0,0,0.0,0.0,0.0,False,1921,9535,0.20146827477713686,4.8537702560424805,4.575751304626465,39.70711898803711,47.52457809448242,11.714900970458984,8.817289352416992,15.815503120422363,0.07937216758728027,0.05000000074505806,0.4885845184326172,0.2722703516483307,0.299743115901947,10284.4873046875,,True,False
20260204061800,gaussian,diagnostic_weighted,pydda_3dvar_proxy,diagnostic_adaptive_v3,"8:4,10:5",8,4.0,2,1.0,8.0,default_timepower15_8_4_conservative_v2,12,509,0.47772665934637576,1.0,12.401848195569803,True,8,4.0,2,1.0,14,2,12,509,4997,27.93246359811882,25.710751171995224,-8.742460558319681,6.835186210968214,150265,0.011913383875922898,80087,70178,0.0055638868242406225,0,16.0861873626709,131.40414428710938,0.1108185276389122,1.7492172718048096,1.8817888498306274,3.9171950817108154,6.622920989990234,37.448062896728516,58.3665885925293,10358,10263,2629,16.870866775512695,5357,0.5171847847074725,2139,0.20650704769260475,0,0.0,51,0.34388395410995914,0.9979846449136277,0.9680267328989831,8.0,1.0,0.8395504654103926,0.6855874648167252,0.9768235952061991,0.35655452131023885,0.9344942834252125,0.8373121042784125,False,False,70178,0.1,120.0,preserve_strong_layers,fixed,0.12,0.35,1.0,1.0,1.0,"{""fixed"": 521}",,False,0.0,0.0,0.0,0,0,0,0,0,0,0,0,0,0,0,0,0,1.0,1.0,1.0,"{""fixed"": 521}",0,0,0,0,0,0,False,False,,,,,,,0.0,0.0,0.0,0.0,,1.0,7576,5358,2218,2.0,0.5,2.6,current_priority_adaptive,11.0,0.25,off,,0.1,fixed,dense,0.35,0.7,0.7,reanalysis,off,unknown,0.0,0.0,0.0,0.0,0,0.0,0.0,0,0,0.0,0.0,0.0,False,3947,6734,0.5861300861300861,705.6629638671875,581.729248046875,21.27687644958496,56.22300720214844,11.360689163208008,7.8748884201049805,14.907732963562012,0.1673455834388733,0.05000000074505806,0.39679861068725586,0.291479229927063,0.5566320419311523,8778.3125,,True,False
20260208063600,gaussian,diagnostic_weighted,pydda_3dvar_proxy,diagnostic_adaptive_v3,"8:4,10:5",8,4.0,2,1.0,8.0,default_timepower15_8_4_conservative_v2,21,1543,0.4859017322831848,1.0,2.6713105475959322,True,8,4.0,2,1.0,24,3,21,1543,5100,5.664978470236009,5.113828058186987,2.4941909595651004,-3.340254987003472,294954,0.023384688568455478,181299,113655,0.009010851791288837,0,11.970719337463379,147.69546508789062,0.1526549756526947,1.0606145858764648,1.5110063552856445,2.4238526821136475,3.8197057247161865,15.99032974243164,32.85787582397461,3914,5620,1562,26.496002197265625,1094,0.2795094532447624,552,0.14103219213081247,0,0.0,877,0.3452052682907702,0.9974104859335039,0.9700086442410827,8.0,1.0,0.8469075098766539,0.6839298324853738,0.9617885684381041,0.3402055336074357,0.9179931773631083,0.8459400445382121,False,False,113655,0.1,120.0,preserve_strong_layers,fixed,0.12,0.35,1.0,1.0,1.0,"{""fixed"": 1564}",,False,0.0,0.0,0.0,0,0,0,0,0,0,0,0,0,0,0,0,0,1.0,1.0,1.0,"{""fixed"": 1564}",0,0,0,0,0,0,False,False,,,,,,,0.0,0.0,0.0,0.0,,1.0,1647,1094,553,2.0,0.5,2.6,current_priority_adaptive,11.0,0.25,off,,0.1,fixed,dense,0.35,0.7,0.7,reanalysis,off,unknown,0.0,0.0,0.0,0.0,0,0.0,0.0,0,0,0.0,0.0,0.0,False,417,12353,0.033756982109609,32.07380676269531,27.48476791381836,13.800725936889648,26.35466194152832,11.73056697845459,7.665186882019043,15.502572059631348,0.16440171003341675,0.05000000074505806,0.32362061738967896,0.1812189817428589,0.49010393023490906,6529.97607421875,,True,False
20260211200000,gaussian,diagnostic_weighted,pydda_3dvar_proxy,diagnostic_adaptive_v3,"8:4,10:5",8,4.0,2,1.0,8.0,default_timepower15_8_4_conservative_v2,4,385,0.3946237449760825,1.0,41.03384769201641,True,8,4.0,2,1.0,5,1,4,385,1069,3.0706048967872186,3.0706048967872186,-2.8483369915067627,1.146992072765915,168901,0.013390892423566721,86084,82817,0.006565938258758238,0,12.750179290771484,131.404052734375,0.11752354353666306,1.4313888549804688,1.4901028871536255,3.5020244121551514,5.934898853302002,29.71180534362793,48.077754974365234,2906,12172,910,20.487327575683594,1129,0.3885065381968341,470,0.16173434273916035,33,0.011355815554026153,4,0.32470657112825274,0.989974293059126,0.9890990719934761,8.0,1.0,0.8191619185936162,0.6885617956777448,0.9297409071773161,0.4018624031252969,0.9276278224925131,0.81803500011155,False,False,82817,0.1,120.0,preserve_strong_layers,fixed,0.12,0.35,1.0,1.0,1.0,"{""fixed"": 389}",,False,0.0,0.0,0.0,0,0,0,0,0,0,0,0,0,0,0,0,0,1.0,1.0,1.0,"{""fixed"": 389}",0,0,0,0,0,0,False,False,,,,,,,0.0,0.0,0.0,0.0,,1.0,1604,1132,472,2.0,0.5,2.6,current_priority_adaptive,11.0,0.25,off,,0.1,fixed,dense,0.35,0.7,0.7,reanalysis,off,unknown,0.0,0.0,0.0,0.0,0,0.0,0.0,0,0,0.0,0.0,0.0,False,1700,1700,1.0,38.46689224243164,34.2352294921875,52.55973815917969,58.18980407714844,11.691337585449219,8.622737884521484,13.636574745178223,0.12135971337556839,0.05000000074505806,0.2509356439113617,0.29781192541122437,0.39449721574783325,10500.0,,True,False
20260217074800,gaussian,diagnostic_weighted,pydda_3dvar_proxy,diagnostic_adaptive_v3,"8:4,10:5",8,4.0,2,1.0,8.0,default_timepower15_8_4_conservative_v2,23,1019,0.5376261884243202,0.9999040307101729,8.46622174045152,True,8,4.0,2,1.0,27,4,23,1019,4648,2.822165419748401,2.6094205881743395,1.447461203881815,-0.7144740231932243,247100,0.019590704127644815,142378,104722,0.008302621277439175,0,15.20972728729248,102.03936004638672,0.13732211291790009,1.0902950763702393,1.4791615009307861,2.4432637691497803,3.8900210857391357,19.98150634765625,29.088010787963867,1163,4669,302,21.060367584228516,151,0.1298366294067068,144,0.12381771281169389,0,0.0,0,0.3408505680155436,0.999232245681382,0.9675782502058695,8.0,0.9999040307101729,0.8370764938788889,0.7169355506665015,0.9252409071773161,0.3620522358246912,0.8758716323137368,0.8362008430604381,False,False,104722,0.1,120.0,preserve_strong_layers,fixed,0.12,0.35,1.0,1.0,1.0,"{""fixed"": 1042}",,False,0.0,0.0,0.0,0,0,0,0,0,0,0,0,0,0,0,0,0,1.0,1.0,1.0,"{""fixed"": 1042}",0,0,0,0,0,0,False,False,,,,,,,0.0,0.0,0.0,0.0,,1.0,297,153,144,2.0,0.5,2.6,current_priority_adaptive,11.0,0.25,off,,0.1,fixed,dense,0.35,0.7,0.7,reanalysis,off,unknown,0.0,0.0,0.0,0.0,0,0.0,0.0,0,0,0.0,0.0,0.0,False,487,12039,0.040451864772821665,66.81446075439453,50.69871139526367,25.99313735961914,59.7832145690918,13.701617240905762,10.765292167663574,16.07233238220215,0.23946252465248108,0.05000000074505806,0.3687308728694916,0.19528110325336456,0.5522844195365906,12741.2734375,,True,False
20260220130000,gaussian,diagnostic_weighted,pydda_3dvar_proxy,diagnostic_adaptive_v3,"8:4,10:5",10,5.0,2,1.0,10.0,default_timepower15_8_4_conservative_v2;moderate_current_support_fresh_context_prefers_10_5,13,418,0.5698084808064934,1.0,8.462179315248177,True,10,5.0,2,1.0,15,2,13,418,5223,2.4497584506473973,2.231437122527237,1.9096383733340687,0.32953042857556936,171186,0.013572052921064368,97414,73772,0.005848828105643923,0,15.868438720703125,105.96781158447266,0.14068301022052765,1.1647138595581055,1.3306889533996582,2.775723934173584,4.685810565948486,24.139490127563477,30.045494079589844,397,7097,283,38.32228469848633,0,0.0,140,0.3526448362720403,57,0.14357682619647355,0,0.3162222931283043,0.9995359628770302,0.9853274780921911,8.0,1.0,0.8227544476494137,0.7169355506665015,0.9104355506665015,0.3938790052235249,0.8777272237302645,0.8210447680105356,False,False,73772,0.1,120.0,preserve_strong_layers,fixed,0.12,0.35,1.0,1.0,1.0,"{""fixed"": 431}",,False,0.0,0.0,0.0,0,0,0,0,0,0,0,0,0,0,0,0,0,1.0,1.0,1.0,"{""fixed"": 431}",0,0,0,0,0,0,False,False,,,,,,,0.0,0.0,0.0,0.0,,1.0,140,0,140,2.0,0.5,2.6,current_priority_adaptive,11.0,0.25,off,,0.1,fixed,dense,0.35,0.7,0.7,reanalysis,off,unknown,0.0,0.0,0.0,0.0,0,0.0,0.0,0,0,0.0,0.0,0.0,False,1,11365,8.798944126704795e-05,0.00038366971421055496,0.00027751963352784514,20.046537399291992,20.046537399291992,14.117694854736328,14.117694854736328,14.117694854736328,0.2766704261302948,0.2766704261302948,0.2766704261302948,0.012532188557088375,0.5421134233474731,11500.0,,True,False
20260125013000,gaussian,diagnostic_weighted,pydda_3dvar_proxy,diagnostic_adaptive_v3,"8:4,10:5",10,5.0,2,1.0,10.0,default_timepower15_8_4_conservative_v2;moderate_current_support_fresh_context_prefers_10_5,13,532,0.5255371761113989,0.9998165137614679,12.05594250295184,True,10,5.0,2,1.0,15,2,13,532,4864,5.24179780941947,4.608559148647583,2.828703655578808,3.4617186085446225,232982,0.018471393885337695,124618,108364,0.008591368118527327,0,16.047779083251953,124.88951110839844,0.12545478343963623,1.580963373184204,1.5494487285614014,4.204591274261475,7.020092964172363,30.446697235107422,56.99976348876953,10674,15947,3679,20.786958694458008,5088,0.47667228780213605,3226,0.30222971706951474,12,0.0011242270938729624,81,0.3502984186689624,0.9980733944954129,0.9816438866269495,8.0,0.9998165137614679,0.8621656020960023,0.6966855506665015,0.9617885684381041,0.30629866200888367,0.9224264421434382,0.8606930627715349,False,False,108364,0.1,120.0,preserve_strong_layers,fixed,0.12,0.35,1.0,1.0,1.0,"{""fixed"": 545}",,False,0.0,0.0,0.0,0,0,0,0,0,0,0,0,0,0,0,0,0,1.0,1.0,1.0,"{""fixed"": 545}",0,0,0,0,0,0,False,False,,,,,,,0.0,0.0,0.0,0.0,,1.0,8346,5097,3249,2.0,0.5,2.6,current_priority_adaptive,11.0,0.25,off,,0.1,fixed,dense,0.35,0.7,0.7,reanalysis,off,unknown,0.0,0.0,0.0,0.0,0,0.0,0.0,0,0,0.0,0.0,0.0,False,948,3269,0.2899969409605384,5.482127666473389,4.959811210632324,17.875328063964844,69.15789794921875,11.871109962463379,9.493193626403809,14.23947525024414,0.16371169686317444,0.05000000074505806,0.3953699767589569,0.4447927474975586,0.6400702595710754,9683.5439453125,,True,False
20260129133000,gaussian,diagnostic_weighted,pydda_3dvar_proxy,diagnostic_adaptive_v3,"8:4,10:5",8,4.0,2,1.0,8.0,default_timepower15_8_4_conservative_v2,21,622,0.5919055226342839,1.0,9.220179987603698,True,8,4.0,2,1.0,24,3,21,622,4575,3.703959094161033,3.495596592496369,1.1681877804589085,2.2927683902502545,183250,0.014528516921857193,103709,79541,0.006306208810267083,0,20.543006896972656,114.03131866455078,0.1416369378566742,1.9198094606399536,2.3656527996063232,4.245079517364502,7.048310279846191,36.852413177490234,58.68284606933594,10380,17085,2635,17.91596031188965,4944,0.47630057803468207,2076,0.2,2,0.0001926782273603083,0,0.33378315984332824,0.9940902021772938,0.9803333508492403,8.0,1.0,0.8464801760001599,0.6965124393126383,0.9768235952061991,0.3411551644440892,0.9052948453044461,0.844494471731044,False,False,79541,0.1,120.0,preserve_strong_layers,fixed,0.12,0.35,1.0,1.0,1.0,"{""fixed"": 643}",,False,0.0,0.0,0.0,0,0,0,0,0,0,0,0,0,0,0,0,0,1.0,1.0,1.0,"{""fixed"": 643}",0,0,0,0,0,0,False,False,,,,,,,0.0,0.0,0.0,0.0,,1.0,7058,4957,2101,2.0,0.5,2.6,current_priority_adaptive,11.0,0.25,off,,0.1,fixed,dense,0.35,0.7,0.7,reanalysis,off,unknown,0.0,0.0,0.0,0.0,0,0.0,0.0,0,0,0.0,0.0,0.0,False,1564,11651,0.13423740451463392,315.5201416015625,272.4256896972656,26.60727882385254,57.830238342285156,11.672456741333008,8.478362083435059,16.362539291381836,0.17910420894622803,0.05000000074505806,0.44965580105781555,0.3484176993370056,0.630908727645874,9321.9306640625,,True,False
20260201155400,gaussian,diagnostic_weighted,pydda_3dvar_proxy,diagnostic_adaptive_v3,"8:4,10:5",8,4.0,2,1.0,8.0,default_timepower15_8_4_conservative_v2;moderate_current_support_fresh_context_prefers_10_5;v3_low_error_guard_prefers_8_4,7,782,0.5279673982127214,1.0,24.830425495660478,True,8,4.0,2,1.0,8,1,7,782,2843,9.282833193141318,9.282833193141318,9.191244288019526,-1.3007768946420715,204851,0.016241098062534067,117026,87825,0.006962984985877806,0,19.387767791748047,142.80642700195312,0.14461776614189148,1.7343145608901978,2.227856397628784,3.7894439697265625,6.273168563842773,33.03083038330078,69.61540985107422,11870,14102,2700,17.02717399597168,5324,0.4485256950294861,2180,0.18365627632687448,0,0.0,19,0.32567609859742175,0.9951837769328264,0.9902898366749835,8.0,1.0,0.8413340715622548,0.6686705676922298,0.9509355506665015,0.3525909520838783,0.8766209320902215,0.8410182045242807,False,False,87825,0.1,120.0,preserve_strong_layers,fixed,0.12,0.35,1.0,1.0,1.0,"{""fixed"": 789}",,False,0.0,0.0,0.0,0,0,0,0,0,0,0,0,0,0,0,0,0,1.0,1.0,1.0,"{""fixed"": 789}",0,0,0,0,0,0,False,False,,,,,,,0.0,0.0,0.0,0.0,,1.0,7621,5333,2288,2.0,0.5,2.6,current_priority_adaptive,11.0,0.25,off,,0.1,fixed,dense,0.35,0.7,0.7,reanalysis,off,unknown,0.0,0.0,0.0,0.0,0,0.0,0.0,0,0,0.0,0.0,0.0,False,950,5696,0.16678370786516855,49.945289611816406,35.55451965332031,62.25204086303711,125.50939178466797,13.911375045776367,11.660414695739746,16.422643661499023,0.2292659431695938,0.05000000074505806,0.48229148983955383,0.4650260806083679,0.6821432113647461,13606.3154296875,,True,False
20260204064800,gaussian,diagnostic_weighted,pydda_3dvar_proxy,diagnostic_adaptive_v3,"8:4,10:5",8,4.0,2,1.0,8.0,default_timepower15_8_4_conservative_v2,15,496,0.47511314972276625,1.0,14.92782429318948,True,8,4.0,2,1.0,18,3,15,496,5030,6.136084162269182,5.032234725625755,-2.935361921389101,1.5485558102816117,143435,0.011371884445765819,75897,67538,0.005354581041573757,0,14.842162132263184,131.41680908203125,0.1167021170258522,1.6487035751342773,1.82770574092865,3.5182077884674072,6.123347282409668,29.221086502075195,57.011470794677734,7096,8863,1449,14.044325828552246,3954,0.5572153325817362,1161,0.16361330326944756,0,0.0,357,0.3426538249239785,0.9987279843444228,0.9754995526894648,8.0,1.0,0.8419829928074466,0.6851042369020635,0.9318235952061992,0.35114890487234074,0.8723355506665015,0.8410650727109027,False,False,67538,0.1,120.0,preserve_strong_layers,fixed,0.12,0.35,1.0,1.0,1.0,"{""fixed"": 511}",,False,0.0,0.0,0.0,0,0,0,0,0,0,0,0,0,0,0,0,0,1.0,1.0,1.0,"{""fixed"": 511}",0,0,0,0,0,0,False,False,,,,,,,0.0,0.0,0.0,0.0,,1.0,5169,3957,1212,2.0,0.5,2.6,current_priority_adaptive,11.0,0.25,off,,0.1,fixed,dense,0.35,0.7,0.7,reanalysis,off,unknown,0.0,0.0,0.0,0.0,0,0.0,0.0,0,0,0.0,0.0,0.0,False,1709,7232,0.2363108407079646,579.9903564453125,466.77471923828125,21.865955352783203,34.28805160522461,12.956079483032227,9.32514476776123,15.31649112701416,0.23674675822257996,0.05000000074505806,0.420154869556427,0.28924456238746643,0.6375730037689209,11645.1142578125,,True,False
20260208080000,gaussian,diagnostic_weighted,pydda_3dvar_proxy,diagnostic_adaptive_v3,"8:4,10:5",8,4.0,2,1.0,8.0,default_timepower15_8_4_conservative_v2,1,1578,0.5080038036880578,1.0,24.69221430728964,True,8,4.0,2,1.0,2,1,1,1578,4925,6.3347227757115885,6.3347227757115885,-6.194987445586165,-1.3231943145845744,306265,0.024281452851692184,187022,119243,0.009453882364600368,0,11.525897026062012,147.69589233398438,0.15591184794902802,1.0385583639144897,1.4531828165054321,2.368990659713745,3.74052095413208,15.980339050292969,32.226722717285156,3838,4848,1416,26.26748275756836,905,0.23579989577905158,408,0.10630536737884315,0,0.0,554,0.35152011360092905,0.99743508549715,0.9610246436041135,8.0,1.0,0.8451462283747232,0.6700440523833708,0.9321060314255887,0.3441194925006151,0.8642784078093586,0.8451341040531549,False,False,119243,0.1,120.0,preserve_strong_layers,fixed,0.12,0.35,1.0,1.0,1.0,"{""fixed"": 1579}",,False,0.0,0.0,0.0,0,0,0,0,0,0,0,0,0,0,0,0,0,1.0,1.0,1.0,"{""fixed"": 1579}",0,0,0,0,0,0,False,False,,,,,,,0.0,0.0,0.0,0.0,,1.0,1313,905,408,2.0,0.5,2.6,current_priority_adaptive,11.0,0.25,off,,0.1,fixed,dense,0.35,0.7,0.7,reanalysis,off,unknown,0.0,0.0,0.0,0.0,0,0.0,0.0,0,0,0.0,0.0,0.0,False,0,1133,0.0,0.0,0.0,5.796758651733398,10.146062850952148,14.339227676391602,11.745711326599121,16.566987991333008,0.2399371713399887,0.05000000074505806,0.43306437134742737,0.37236487865448,0.6181517839431763,0.0,,True,False
20260212003600,gaussian,diagnostic_weighted,pydda_3dvar_proxy,diagnostic_adaptive_v3,"8:4,10:5",8,4.0,2,1.0,8.0,default_timepower15_8_4_conservative_v2,21,406,0.6414166340363027,0.9997658079625292,3.7712149458520248,True,8,4.0,2,1.0,24,3,21,406,4604,4.0047317636314155,3.6530991238242447,-2.466856146957804,2.202879456903513,178601,0.01415993260988058,93426,85175,0.006752886378276597,0,13.972517967224121,131.3950958251953,0.1297149956226349,1.5472791194915771,1.7436660528182983,3.7100460529327393,6.175092697143555,27.47673225402832,66.37126922607422,4144,11635,1516,36.360713958740234,867,0.20921814671814673,1131,0.27292471042471045,0,0.0,884,0.31759009004590216,0.9935597189695551,0.9905582932304087,8.0,0.9997658079625292,0.8394763279903351,0.6696264393726516,0.9509355506665015,0.3567192711325887,0.9103682037277259,0.8358095068315046,False,False,85175,0.1,120.0,preserve_strong_layers,fixed,0.12,0.35,1.0,1.0,1.0,"{""fixed"": 427}",,False,0.0,0.0,0.0,0,0,0,0,0,0,0,0,0,0,0,0,0,1.0,1.0,1.0,"{""fixed"": 427}",0,0,0,0,0,0,False,False,,,,,,,0.0,0.0,0.0,0.0,,1.0,2008,867,1141,2.0,0.5,2.6,current_priority_adaptive,11.0,0.25,off,,0.1,fixed,dense,0.35,0.7,0.7,reanalysis,off,unknown,0.0,0.0,0.0,0.0,0,0.0,0.0,0,0,0.0,0.0,0.0,False,1483,9792,0.1514501633986928,142.11900329589844,99.22535705566406,26.07461166381836,48.06624984741211,12.9183931350708,8.564556121826172,16.553998947143555,0.22164380550384521,0.05000000074505806,0.5234684348106384,0.3382933437824249,0.6269951462745667,11493.931640625,,True,False
20260217100600,gaussian,diagnostic_weighted,pydda_3dvar_proxy,diagnostic_adaptive_v3,"8:4,10:5",8,4.0,2,1.0,8.0,default_timepower15_8_4_conservative_v2,19,1016,0.568571927886176,0.9999033816425121,2.2529909554652363,True,8,4.0,2,1.0,22,3,19,1016,4987,5.163565808040812,4.195622655361349,1.7825910331684558,2.6574717314232825,230120,0.01824448738912839,134342,95778,0.0075935186561617365,0,15.561089515686035,108.38534545898438,0.1416884809732437,1.127211570739746,1.5622210502624512,2.479809522628784,3.9693777561187744,20.19440269470215,30.043317794799805,998,4531,306,23.248502731323242,156,0.156312625250501,163,0.16332665330661322,8,0.008016032064128256,0,0.33847575988182027,0.9984541062801934,0.9693445553910498,8.0,0.9999033816425121,0.8381898355072384,0.6939683260543552,0.9509355506665015,0.3595781433172478,0.8903581070574789,0.8372142477518698,False,False,95778,0.1,120.0,preserve_strong_layers,fixed,0.12,0.35,1.0,1.0,1.0,"{""fixed"": 1035}",,False,0.0,0.0,0.0,0,0,0,0,0,0,0,0,0,0,0,0,0,1.0,1.0,1.0,"{""fixed"": 1035}",0,0,0,0,0,0,False,False,,,,,,,0.0,0.0,0.0,0.0,,1.0,323,157,166,2.0,0.5,2.6,current_priority_adaptive,11.0,0.25,off,,0.1,fixed,dense,0.35,0.7,0.7,reanalysis,off,unknown,0.0,0.0,0.0,0.0,0,0.0,0.0,0,0,0.0,0.0,0.0,False,58,11923,0.004864547513209762,10.52734088897705,6.373271942138672,20.388477325439453,34.85709762573242,14.899688720703125,13.326408386230469,15.884323120117188,0.3279465436935425,0.26593536138534546,0.40554332733154297,0.0246333796530962,0.5928409099578857,13258.62109375,,True,False
20260221000000,gaussian,diagnostic_weighted,pydda_3dvar_proxy,diagnostic_adaptive_v3,"8:4,10:5",10,5.0,2,1.0,10.0,default_timepower15_8_4_conservative_v2;low_current_but_stable_context_prefers_10_5,0,325,0.5932013750858651,1.0,0.0,True,10,5.0,2,1.0,1,1,0,325,3984,9.73388360981193,9.73388360981193,-4.724877102068369,8.510230696033764,191364,0.015171815073584064,99727,91637,0.007265209850849809,0,14.165898323059082,107.09868621826172,0.14173756539821625,1.2385729551315308,1.2465451955795288,3.1272006034851074,5.25976037979126,24.159194946289062,39.110782623291016,2590,8348,656,24.543113708496094,111,0.04285714285714286,492,0.18996138996138995,11,0.0042471042471042475,0,0.3086638231881237,0.9963076923076921,0.9855983330252449,8.0,1.0,0.8162714636104819,0.6923079912553621,0.8762885684381041,0.4082856364211511,,0.8162714636104819,False,False,91637,0.1,120.0,preserve_strong_layers,fixed,0.12,0.35,1.0,1.0,1.0,"{""fixed"": 325}",,False,0.0,0.0,0.0,0,0,0,0,0,0,0,0,0,0,0,0,0,1.0,1.0,1.0,"{""fixed"": 325}",0,0,0,0,0,0,False,False,,,,,,,0.0,0.0,0.0,0.0,,1.0,606,111,495,2.0,0.5,2.6,current_priority_adaptive,11.0,0.25,off,,0.1,fixed,dense,0.35,0.7,0.7,reanalysis,off,unknown,0.0,0.0,0.0,0.0,0,0.0,0.0,0,0,0.0,0.0,0.0,False,0,0,0.0,0.0,0.0,0.0,0.0,0.0,0.0,0.0,0.0,0.0,0.0,0.0,0.0,0.0,,True,False
20260125014200,gaussian,diagnostic_weighted,pydda_3dvar_proxy,diagnostic_adaptive_v3,"8:4,10:5",8,4.0,2,1.0,8.0,default_timepower15_8_4_conservative_v2;moderate_current_support_fresh_context_prefers_10_5;v3_low_error_guard_prefers_8_4,8,545,0.5337944895082699,0.9998191681735985,5.961798053743407,True,8,4.0,2,1.0,10,2,8,545,4791,16.9027023153152,12.23547469224213,2.81311829049406,11.317395526345209,193237,0.01532031118378673,94905,98332,0.007796006144393242,0,14.918242454528809,124.8908920288086,0.11663149297237396,1.6336746215820312,1.7158644199371338,3.9944329261779785,6.76285982131958,30.914613723754883,55.5008544921875,8491,12827,3064,21.45667839050293,4011,0.47238252267106345,2639,0.3107996702390767,13,0.0015310328583205747,93,0.34786244290023405,0.9981012658227849,0.9833480664479883,8.0,0.9998191681735985,0.8620159659472636,0.6966855506665015,0.9509355506665015,0.30663118678385864,0.9001337649522158,0.8614564386224202,False,False,98332,0.1,120.0,preserve_strong_layers,fixed,0.12,0.35,1.0,1.0,1.0,"{""fixed"": 553}",,False,0.0,0.0,0.0,0,0,0,0,0,0,0,0,0,0,0,0,0,1.0,1.0,1.0,"{""fixed"": 553}",0,0,0,0,0,0,False,False,,,,,,,0.0,0.0,0.0,0.0,,1.0,6675,4015,2660,2.0,0.5,2.6,current_priority_adaptive,11.0,0.25,off,,0.1,fixed,dense,0.35,0.7,0.7,reanalysis,off,unknown,0.0,0.0,0.0,0.0,0,0.0,0.0,0,0,0.0,0.0,0.0,False,438,4469,0.09800850302081003,7.758596420288086,5.158661842346191,16.773452758789062,26.362455368041992,13.754837989807129,9.615041732788086,16.083498001098633,0.24167674779891968,0.05000000074505806,0.40886393189430237,0.19912339746952057,0.5701108574867249,11663.2421875,,True,False
20260129140600,gaussian,diagnostic_weighted,pydda_3dvar_proxy,diagnostic_adaptive_v3,"8:4,10:5",8,4.0,2,1.0,8.0,default_timepower15_8_4_conservative_v2,34,594,0.5919634923150608,1.0,7.912041541857756,True,8,4.0,2,1.0,39,5,34,594,4352,3.026905421973633,2.506782612125085,0.7467836305629358,-0.22361939083479232,181970,0.014427035330261137,102784,79186,0.006278063525097864,0,20.504314422607422,114.02630615234375,0.13181135058403015,1.9086191654205322,2.3634226322174072,4.231770038604736,7.049506187438965,37.200531005859375,58.683406829833984,10015,17095,2598,18.428346633911133,4727,0.47199201198202695,2070,0.20668996505242138,2,0.00019970044932601097,0,0.3305106218463865,0.9939490445859872,0.9835926639798225,8.0,1.0,0.8483002717035931,0.7028435526152108,0.9768235952061991,0.3371105073253486,0.9108883539461538,0.8447177888816283,False,False,79186,0.1,120.0,preserve_strong_layers,fixed,0.12,0.35,1.0,1.0,1.0,"{""fixed"": 628}",,False,0.0,0.0,0.0,0,0,0,0,0,0,0,0,0,0,0,0,0,1.0,1.0,1.0,"{""fixed"": 628}",0,0,0,0,0,0,False,False,,,,,,,0.0,0.0,0.0,0.0,,1.0,6803,4725,2078,2.0,0.5,2.6,current_priority_adaptive,11.0,0.25,off,,0.1,fixed,dense,0.35,0.7,0.7,reanalysis,off,unknown,0.0,0.0,0.0,0.0,0,0.0,0.0,0,0,0.0,0.0,0.0,False,1392,18143,0.07672380532436752,102.69587707519531,76.31040954589844,25.34784698486328,61.75442886352539,12.605783462524414,9.729683876037598,15.76263427734375,0.19253912568092346,0.05000000074505806,0.4198092520236969,0.1532164216041565,0.5115145444869995,9811.4228515625,,True,False
20260201192400,gaussian,diagnostic_weighted,pydda_3dvar_proxy,diagnostic_adaptive_v3,"8:4,10:5",8,4.0,2,1.0,8.0,default_timepower15_8_4_conservative_v2,6,654,0.47318439844118365,1.0,19.37532353092951,True,8,4.0,2,1.0,7,1,6,654,886,1.008672231968452,1.008672231968452,-0.7831982488142586,-0.6356258133512966,201202,0.015951796243991873,111616,89586,0.007102601456815817,0,20.54924201965332,96.03968048095703,0.127516970038414,2.047724962234497,2.5612258911132812,4.55186653137207,7.6588311195373535,42.84782791137695,72.87232208251953,17546,16908,4528,19.312915802001953,8189,0.46671606064060184,4140,0.23595121395189786,1,5.699304684828451e-05,0,0.3291232664354695,0.9978787878787877,0.9904859702553113,8.0,1.0,0.8368351813695564,0.693204904537339,0.92685967598021,0.36258848584542996,0.8549655178088091,0.8366688480077286,False,False,89586,0.1,120.0,preserve_strong_layers,fixed,0.12,0.35,1.0,1.0,1.0,"{""fixed"": 660}",,False,0.0,0.0,0.0,0,0,0,0,0,0,0,0,0,0,0,0,0,1.0,1.0,1.0,"{""fixed"": 660}",0,0,0,0,0,0,False,False,,,,,,,0.0,0.0,0.0,0.0,,1.0,12434,8193,4241,2.0,0.5,2.6,current_priority_adaptive,11.0,0.25,off,,0.1,fixed,dense,0.35,0.7,0.7,reanalysis,off,unknown,0.0,0.0,0.0,0.0,0,0.0,0.0,0,0,0.0,0.0,0.0,False,507,2089,0.24269985639061753,48.448631286621094,33.55208969116211,27.640745162963867,38.668033599853516,14.506399154663086,11.83325481414795,16.398534774780273,0.3103409707546234,0.0995202362537384,0.421303927898407,0.1727856546640396,0.6498820781707764,13592.7021484375,,True,False
20260204070000,gaussian,diagnostic_weighted,pydda_3dvar_proxy,diagnostic_adaptive_v3,"8:4,10:5",8,4.0,2,1.0,8.0,default_timepower15_8_4_conservative_v2,6,508,0.47524193988971336,1.0,6.78953243336712,True,8,4.0,2,1.0,7,1,6,508,4998,0.6276859893681552,0.6276859893681552,-0.4441637534567082,-0.44351805077620954,142967,0.01133478023883851,75721,67246,0.0053314305534909075,0,14.850056648254395,131.4179229736328,0.11727768182754517,1.6464879512786865,1.8379206657409668,3.5013272762298584,6.096256732940674,28.860013961791992,57.01486587524414,6938,8720,1361,14.038858413696289,3757,0.5415105217641972,1159,0.16705102334966848,0,0.0,357,0.34356359580569357,0.9987354085603113,0.9690022017507064,8.0,1.0,0.8400926360728647,0.682782251502632,0.9509355506665015,0.35534969761585644,0.9226712649522159,0.8391172979364944,False,False,67246,0.1,120.0,preserve_strong_layers,fixed,0.12,0.35,1.0,1.0,1.0,"{""fixed"": 514}",,False,0.0,0.0,0.0,0,0,0,0,0,0,0,0,0,0,0,0,0,1.0,1.0,1.0,"{""fixed"": 514}",0,0,0,0,0,0,False,False,,,,,,,0.0,0.0,0.0,0.0,,1.0,4961,3755,1206,2.0,0.5,2.6,current_priority_adaptive,11.0,0.25,off,,0.1,fixed,dense,0.35,0.7,0.7,reanalysis,off,unknown,0.0,0.0,0.0,0.0,0,0.0,0.0,0,0,0.0,0.0,0.0,False,613,5597,0.10952295872788995,92.3119888305664,86.76219177246094,13.000649452209473,27.715290069580078,9.818071365356445,8.02552318572998,12.925753593444824,0.10100847482681274,0.05000000074505806,0.3319111764431,0.5798712968826294,0.5881772637367249,6309.13525390625,,True,False
20260208084800,gaussian,diagnostic_weighted,pydda_3dvar_proxy,diagnostic_adaptive_v3,"8:4,10:5",8,4.0,2,1.0,8.0,default_timepower15_8_4_conservative_v2,35,1525,0.5204394883895692,1.0,9.610195459879879,True,8,4.0,2,1.0,41,6,35,1525,4670,5.044941130228906,3.919577816403198,-0.9187425102414953,2.3042189783321194,303414,0.02405541846291066,186508,116906,0.009268599177444131,0,11.263776779174805,147.6943359375,0.14727751910686493,1.019147276878357,1.4252809286117554,2.3054428100585938,3.6351120471954346,15.62105941772461,30.062362670898438,3029,4599,1033,25.255859375,894,0.2951469131726642,356,0.1175305381313965,0,0.0,323,0.3508887822973401,0.997403846153846,0.9627713052790601,8.0,1.0,0.8468487157768175,0.6639081151405358,0.9509355506665015,0.3403361871626277,0.9214700088248788,0.8451360959363702,False,False,116906,0.1,120.0,preserve_strong_layers,fixed,0.12,0.35,1.0,1.0,1.0,"{""fixed"": 1560}",,False,0.0,0.0,0.0,0,0,0,0,0,0,0,0,0,0,0,0,0,1.0,1.0,1.0,"{""fixed"": 1560}",0,0,0,0,0,0,False,False,,,,,,,0.0,0.0,0.0,0.0,,1.0,1250,894,356,2.0,0.5,2.6,current_priority_adaptive,11.0,0.25,off,,0.1,fixed,dense,0.35,0.7,0.7,reanalysis,off,unknown,0.0,0.0,0.0,0.0,0,0.0,0.0,0,0,0.0,0.0,0.0,False,350,16835,0.02079002079002079,67.48800659179688,48.916099548339844,13.90164852142334,30.56768035888672,12.443794250488281,11.138030052185059,15.115741729736328,0.2345910221338272,0.05000000074505806,0.3535354435443878,0.05883747711777687,0.5489988327026367,9150.0,,True,False
20260212040600,gaussian,diagnostic_weighted,pydda_3dvar_proxy,diagnostic_adaptive_v3,"8:4,10:5",10,5.0,2,1.0,10.0,default_timepower15_8_4_conservative_v2;moderate_current_support_fresh_context_prefers_10_5,3,554,0.5637965782770311,0.9998204667863554,25.174171619578537,True,10,5.0,2,1.0,4,1,3,554,4735,4.431648953830801,4.431648953830801,-3.5037673099552507,-2.7135082619514126,242797,0.019249551558396513,139146,103651,0.008217709726970912,0,15.71361255645752,124.9086685180664,0.14169417321681976,1.508043885231018,1.723026156425476,3.733001470565796,6.264698028564453,27.743925094604492,66.56737518310547,8801,16305,3216,28.87961196899414,2305,0.261902056584479,1965,0.22327008294511988,1,0.00011362345188046812,767,0.32874249493163177,0.992818671454219,0.9723710295149771,8.0,0.9998204667863554,0.8313142702135071,0.686509114480969,0.9167885684381041,0.37485717730331747,0.8659926935236443,0.8311264809176039,False,False,103651,0.1,120.0,preserve_strong_layers,fixed,0.12,0.35,1.0,1.0,1.0,"{""fixed"": 557}",,False,0.0,0.0,0.0,0,0,0,0,0,0,0,0,0,0,0,0,0,1.0,1.0,1.0,"{""fixed"": 557}",0,0,0,0,0,0,False,False,,,,,,,0.0,0.0,0.0,0.0,,1.0,4321,2306,2015,2.0,0.5,2.6,current_priority_adaptive,11.0,0.25,off,,0.1,fixed,dense,0.35,0.7,0.7,reanalysis,off,unknown,0.0,0.0,0.0,0.0,0,0.0,0.0,0,0,0.0,0.0,0.0,False,1930,2134,0.9044048734770385,227.04205322265625,161.36341857910156,33.97780227661133,56.568931579589844,12.741564750671387,9.762280464172363,15.253812789916992,0.20532724261283875,0.05000000074505806,0.39992794394493103,0.32326629757881165,0.5772902965545654,11406.9951171875,,True,False
20260217111800,gaussian,diagnostic_weighted,pydda_3dvar_proxy,diagnostic_adaptive_v3,"8:4,10:5",8,4.0,2,1.0,8.0,default_timepower15_8_4_conservative_v2,36,928,0.5780137188496257,0.999896265560166,6.137576656824018,True,8,4.0,2,1.0,42,6,36,928,4754,5.4727124293263305,4.949677882599443,2.3876134163984095,1.124853418137138,227661,0.018049531737773152,132458,95203,0.0075479312224369455,0,15.34300708770752,109.20756530761719,0.13599984347820282,1.1413826942443848,1.5891966819763184,2.4509098529815674,3.9370265007019043,19.98905372619629,30.827861785888672,687,4433,297,29.378969192504883,155,0.22561863173216884,170,0.24745269286754004,8,0.011644832605531296,0,0.33482213457036386,0.9983402489626557,0.9746744412875541,8.0,0.999896265560166,0.8411197684419808,0.706759114480969,0.9303326473603292,0.35306718124004266,0.8883926935236443,0.8392859049689853,False,False,95203,0.1,120.0,preserve_strong_layers,fixed,0.12,0.35,1.0,1.0,1.0,"{""fixed"": 964}",,False,0.0,0.0,0.0,0,0,0,0,0,0,0,0,0,0,0,0,0,1.0,1.0,1.0,"{""fixed"": 964}",0,0,0,0,0,0,False,False,,,,,,,0.0,0.0,0.0,0.0,,1.0,326,155,171,2.0,0.5,2.6,current_priority_adaptive,11.0,0.25,off,,0.1,fixed,dense,0.35,0.7,0.7,reanalysis,off,unknown,0.0,0.0,0.0,0.0,0,0.0,0.0,0,0,0.0,0.0,0.0,False,1488,19239,0.07734289723998129,222.77320861816406,157.50375366210938,29.50824737548828,118.67255401611328,14.394373893737793,10.512804985046387,17.249858856201172,0.32427653670310974,0.05000000074505806,0.5277301073074341,0.2399110645055771,0.7422183752059937,13079.30078125,,True,False
20260221025400,gaussian,diagnostic_weighted,pydda_3dvar_proxy,diagnostic_adaptive_v3,"8:4,10:5",10,5.0,2,1.0,10.0,default_timepower15_8_4_conservative_v2;moderate_current_support_fresh_context_prefers_10_5,10,469,0.5893456992986292,0.9997912317327766,8.876415452159739,True,10,5.0,2,1.0,12,2,10,469,5073,2.8454803878719277,2.227027256636391,1.620042739722971,0.7298161439990714,212258,0.016828343491402803,113541,98717,0.007826529904365493,0,15.523198127746582,107.11144256591797,0.13488808274269104,1.3548239469528198,1.3792226314544678,3.376225471496582,5.711487770080566,26.240554809570312,48.37919235229492,4117,11276,1011,20.612751007080078,877,0.21301918872965753,858,0.20840417779936848,4,0.0009715812484819043,0,0.31855380851148096,0.9979123173277662,0.9838690639019706,8.0,0.9997912317327766,0.8182774995062142,0.7169355506665015,0.8931798324853737,0.40382777887507965,0.8699355506665014,0.8171760485219862,False,False,98717,0.1,120.0,preserve_strong_layers,fixed,0.12,0.35,1.0,1.0,1.0,"{""fixed"": 479}",,False,0.0,0.0,0.0,0,0,0,0,0,0,0,0,0,0,0,0,0,1.0,1.0,1.0,"{""fixed"": 479}",0,0,0,0,0,0,False,False,,,,,,,0.0,0.0,0.0,0.0,,1.0,1796,902,894,2.0,0.5,2.6,current_priority_adaptive,11.0,0.25,off,,0.1,fixed,dense,0.35,0.7,0.7,reanalysis,off,unknown,0.0,0.0,0.0,0.0,0,0.0,0.0,0,0,0.0,0.0,0.0,False,1212,9975,0.12150375939849624,299.5682067871094,198.1164093017578,17.632474899291992,35.466922760009766,14.406163215637207,11.342140197753906,16.557226181030273,0.3148558437824249,0.05000000074505806,0.4922943711280823,0.31771931052207947,0.7586608529090881,13599.8349609375,,True,False
20260125023000,gaussian,diagnostic_weighted,pydda_3dvar_proxy,diagnostic_adaptive_v3,"8:4,10:5",10,5.0,2,1.0,10.0,default_timepower15_8_4_conservative_v2;moderate_current_support_fresh_context_prefers_10_5,7,542,0.5516493027350033,0.9998178506375227,1.8842111058857798,True,10,5.0,2,1.0,8,1,7,542,4764,0.9364334129010562,0.9364334129010562,0.04404216233820435,-0.9353971481323295,245307,0.0194485506169169,133332,111975,0.008877657202319013,0,15.757617950439453,124.89153289794922,0.12439154833555222,1.5702426433563232,1.5523266792297363,4.154731273651123,6.975176811218262,31.617948532104492,55.48490905761719,10190,17201,3808,21.94816017150879,4632,0.45456329735034345,3152,0.30932286555446514,21,0.0020608439646712462,81,0.35155647973827925,0.9984517304189435,0.9784694549792379,8.0,0.9998178506375227,0.8644977495358532,0.6966855506665015,0.981950197797808,0.30111611214254835,0.9380090716852595,0.8635483413162115,False,False,111975,0.1,120.0,preserve_strong_layers,fixed,0.12,0.35,1.0,1.0,1.0,"{""fixed"": 549}",,False,0.0,0.0,0.0,0,0,0,0,0,0,0,0,0,0,0,0,0,1.0,1.0,1.0,"{""fixed"": 549}",0,0,0,0,0,0,False,False,,,,,,,0.0,0.0,0.0,0.0,,1.0,7814,4640,3174,2.0,0.5,2.6,current_priority_adaptive,11.0,0.25,off,,0.1,fixed,dense,0.35,0.7,0.7,reanalysis,off,unknown,0.0,0.0,0.0,0.0,0,0.0,0.0,0,0,0.0,0.0,0.0,False,1588,7573,0.20969232800739468,328.6328430175781,268.8923034667969,15.57115364074707,36.42585754394531,11.519420623779297,8.595247268676758,14.457403182983398,0.18792866170406342,0.05000000074505806,0.3793497681617737,0.34984782338142395,0.6532741785049438,8824.6220703125,,True,False
20260129163000,gaussian,diagnostic_weighted,pydda_3dvar_proxy,diagnostic_adaptive_v3,"8:4,10:5",10,5.0,2,1.0,10.0,default_timepower15_8_4_conservative_v2;moderate_current_support_fresh_context_prefers_10_5,14,504,0.556846352128952,1.0,28.259721868207563,True,10,5.0,2,1.0,16,2,14,504,1815,0.9761948023279234,0.9722461314238035,0.16119069433896094,-0.11152077633629576,230026,0.018237034834745553,134804,95222,0.0075494375898122,0,23.288122177124023,114.0375747680664,0.15484203398227692,1.9292062520980835,2.175274133682251,4.619933605194092,7.730623245239258,39.116310119628906,63.68871307373047,18190,23687,3468,16.13009262084961,7147,0.39290819131390875,2875,0.15805387575590985,0,0.0,0,0.32320768524882637,0.9926640926640927,0.9906121888402972,8.0,1.0,0.8428851965841663,0.7169355506665015,0.9509355506665015,0.3491440075907415,0.9220069792379301,0.8406873692882283,False,False,95222,0.1,120.0,preserve_strong_layers,fixed,0.12,0.35,1.0,1.0,1.0,"{""fixed"": 518}",,False,0.0,0.0,0.0,0,0,0,0,0,0,0,0,0,0,0,0,0,1.0,1.0,1.0,"{""fixed"": 518}",0,0,0,0,0,0,False,False,,,,,,,0.0,0.0,0.0,0.0,,1.0,10064,7152,2912,2.0,0.5,2.6,current_priority_adaptive,11.0,0.25,off,,0.1,fixed,dense,0.35,0.7,0.7,reanalysis,off,unknown,0.0,0.0,0.0,0.0,0,0.0,0.0,0,0,0.0,0.0,0.0,False,3013,13019,0.23143098548275598,334.5472412109375,270.6143798828125,17.377418518066406,45.465538024902344,11.67821979522705,7.826208114624023,16.21611213684082,0.1853937953710556,0.05000000074505806,0.4680863916873932,0.36359021067619324,0.6116130948066711,8653.6669921875,,True,False
20260201201800,gaussian,diagnostic_weighted,pydda_3dvar_proxy,diagnostic_adaptive_v3,"8:4,10:5",8,4.0,2,1.0,6.0,default_timepower15_8_4_conservative_v2;dense_current_stale_conflict_prefers_6_3,19,645,0.4570783920065353,1.0,47.73903298299984,True,8,4.0,2,1.0,22,3,19,645,1001,1.1178515232758794,1.1072228263586636,-0.1440585458451699,0.21489852239034235,199937,0.015851503889797332,112154,87783,0.006959655121153561,0,20.84819793701172,96.04157257080078,0.12486284971237183,2.1425509452819824,2.668278932571411,4.798593521118164,8.063862800598145,48.41545104980469,71.94054412841797,19376,17702,5038,19.1719970703125,8952,0.4620148637489678,4592,0.23699421965317918,0,0.0,0,0.3283852923351172,0.9978915662650603,0.9915007942580385,8.0,1.0,0.8390839806100865,0.7022817963002475,0.9617885684381041,0.35759115419980764,0.8963922432951551,0.837395830236418,False,False,87783,0.1,120.0,preserve_strong_layers,fixed,0.12,0.35,1.0,1.0,1.0,"{""fixed"": 664}",,False,0.0,0.0,0.0,0,0,0,0,0,0,0,0,0,0,0,0,0,1.0,1.0,1.0,"{""fixed"": 664}",0,0,0,0,0,0,False,False,,,,,,,0.0,0.0,0.0,0.0,,1.0,13645,8959,4686,2.0,0.5,2.6,current_priority_adaptive,11.0,0.25,off,,0.1,fixed,dense,0.35,0.7,0.7,reanalysis,off,unknown,0.0,0.0,0.0,0.0,0,0.0,0.0,0,0,0.0,0.0,0.0,False,5704,5727,0.9959839357429718,521.461669921875,438.4109802246094,44.863555908203125,116.75486755371094,12.259514808654785,8.206948280334473,15.865074157714844,0.15247777104377747,0.05000000074505806,0.36285310983657837,0.3106752038002014,0.45426467061042786,11354.2255859375,,True,False
20260204093000,gaussian,diagnostic_weighted,pydda_3dvar_proxy,diagnostic_adaptive_v3,"8:4,10:5",8,4.0,2,1.0,8.0,default_timepower15_8_4_conservative_v2,2,472,0.5134576163925532,0.9997890295358649,21.020509891158945,True,8,4.0,2,1.0,3,1,2,472,4921,2.403086646677687,2.403086646677687,-2.13456271065953,1.1038421380353487,115648,0.009168861800703632,59980,55668,0.0044134978445072096,0,15.71002197265625,69.00894927978516,0.13181360065937042,1.5794882774353027,1.7866952419281006,3.3653645515441895,5.847841262817383,37.497108459472656,53.88823318481445,6999,7706,1512,12.846220970153809,4166,0.5952278896985284,1255,0.17931133019002715,1,0.00014287755393627662,0,0.340087182764521,1.0,0.9654561370601265,8.0,0.9997890295358649,0.8403881197934262,0.7464176529839681,0.9241454031355312,0.35469306712571946,0.8998284078093586,0.8401362541662399,False,False,55668,0.1,120.0,preserve_strong_layers,fixed,0.12,0.35,1.0,1.0,1.0,"{""fixed"": 474}",,False,0.0,0.0,0.0,0,0,0,0,0,0,0,0,0,0,0,0,0,1.0,1.0,1.0,"{""fixed"": 474}",0,0,0,0,0,0,False,False,,,,,,,0.0,0.0,0.0,0.0,,1.0,5493,4168,1325,2.0,0.5,2.6,current_priority_adaptive,11.0,0.25,off,,0.1,fixed,dense,0.35,0.7,0.7,reanalysis,off,unknown,0.0,0.0,0.0,0.0,0,0.0,0.0,0,0,0.0,0.0,0.0,False,0,1421,0.0,0.0,0.0,2.3335301876068115,6.000000476837158,11.407504081726074,8.38597583770752,13.829092025756836,0.16213653981685638,0.05000000074505806,0.40372738242149353,0.3312242329120636,0.5780829191207886,0.0,,True,False
20260208100600,gaussian,diagnostic_weighted,pydda_3dvar_proxy,diagnostic_adaptive_v3,"8:4,10:5",8,4.0,2,1.0,8.0,default_timepower15_8_4_conservative_v2,23,1410,0.575862335195649,1.0,2.8422591297928985,True,8,4.0,2,1.0,27,4,23,1410,5160,4.054870871620253,3.7666936349070865,-1.3304885838081106,0.6363328600133209,288459,0.02286974877359893,177139,111320,0.008825727169119469,0,10.67956829071045,147.6934051513672,0.1439175307750702,0.9604435563087463,1.3449786901474,2.148026704788208,3.384371280670166,14.152191162109375,26.685270309448242,1794,3172,661,29.421546936035156,889,0.4955406911928651,356,0.19843924191750278,0,0.0,189,0.34886079755586813,0.9982205163991628,0.9600232102008771,8.0,1.0,0.8500746010658488,0.6877288495797067,0.9509355506665015,0.3331675531870026,0.8928067998863846,0.8493775510141663,False,False,111320,0.1,120.0,preserve_strong_layers,fixed,0.12,0.35,1.0,1.0,1.0,"{""fixed"": 1433}",,False,0.0,0.0,0.0,0,0,0,0,0,0,0,0,0,0,0,0,0,1.0,1.0,1.0,"{""fixed"": 1433}",0,0,0,0,0,0,False,False,,,,,,,0.0,0.0,0.0,0.0,,1.0,1245,889,356,2.0,0.5,2.6,current_priority_adaptive,11.0,0.25,off,,0.1,fixed,dense,0.35,0.7,0.7,reanalysis,off,unknown,0.0,0.0,0.0,0.0,0,0.0,0.0,0,0,0.0,0.0,0.0,False,288,13357,0.021561727932919068,85.30830383300781,60.62445831298828,15.79786491394043,28.049375534057617,13.517017364501953,10.858628273010254,15.558799743652344,0.26700517535209656,0.05000000074505806,0.4628392159938812,0.22852015495300293,0.6551193594932556,11994.7919921875,,True,False
20260212083000,gaussian,diagnostic_weighted,pydda_3dvar_proxy,diagnostic_adaptive_v3,"8:4,10:5",10,5.0,2,1.0,10.0,default_timepower15_8_4_conservative_v2;moderate_current_support_fresh_context_prefers_10_5,9,535,0.5390393593746959,0.9998161764705882,14.59997243497513,True,10,5.0,2,1.0,11,2,9,535,4812,5.861772047190454,5.315702036037619,-2.325862582818141,2.0071846581612136,218287,0.017306337644318912,127996,90291,0.007158495614687082,0,16.707035064697266,204.77828979492188,0.13378126919269562,1.5775840282440186,1.838068962097168,3.8739712238311768,6.534406661987305,28.291818618774414,68.96993255615234,8126,16434,2736,29.146913528442383,2597,0.31959143490031994,1634,0.20108294363770612,3,0.00036918533103618014,2198,0.33164133440025956,0.9945772058823529,0.9754525532949413,8.0,0.9998161764705882,0.8335838019279938,0.6867129205520464,0.9090212649522158,0.3698137734933475,0.8770498363807872,0.8328525976100961,False,False,90291,0.1,120.0,preserve_strong_layers,fixed,0.12,0.35,1.0,1.0,1.0,"{""fixed"": 544}",,False,0.0,0.0,0.0,0,0,0,0,0,0,0,0,0,0,0,0,0,1.0,1.0,1.0,"{""fixed"": 544}",0,0,0,0,0,0,False,False,,,,,,,0.0,0.0,0.0,0.0,,1.0,4269,2598,1671,2.0,0.5,2.6,current_priority_adaptive,11.0,0.25,off,,0.1,fixed,dense,0.35,0.7,0.7,reanalysis,off,unknown,0.0,0.0,0.0,0.0,0,0.0,0.0,0,0,0.0,0.0,0.0,False,1191,6927,0.17193590298830663,21.702608108520508,15.223621368408203,81.28215789794922,145.00991821289062,14.432547569274902,12.387903213500977,16.571250915527344,0.27527740597724915,0.07304591685533524,0.4545913636684418,0.10982676595449448,0.566023051738739,12707.80859375,,True,False
20260217134800,gaussian,diagnostic_weighted,pydda_3dvar_proxy,diagnostic_adaptive_v3,"8:4,10:5",10,5.0,2,1.0,10.0,default_timepower15_8_4_conservative_v2;moderate_current_support_fresh_context_prefers_10_5,14,822,0.5750476670973901,0.9998803827751196,6.458987085522297,True,10,5.0,2,1.0,17,3,14,822,5013,5.397068827578676,5.268595041584003,-1.081444495385645,-0.12961520154766992,260770,0.020674495812893316,156435,104335,0.008271938952480056,0,15.687546730041504,109.3783187866211,0.1498820036649704,1.1071622371673584,1.4599233865737915,2.5978550910949707,4.175796031951904,20.19365119934082,30.032447814941406,829,5231,325,26.582319259643555,179,0.21592279855247287,191,0.23039806996381182,2,0.0024125452352231603,0,0.32949377263081714,0.997846889952153,0.9765032237159346,8.0,0.9998803827751196,0.8384665371169288,0.6952207904003878,0.9509355506665015,0.3589632508512697,0.9122171833195626,0.8372104433859837,False,False,104335,0.1,120.0,preserve_strong_layers,fixed,0.12,0.35,1.0,1.0,1.0,"{""fixed"": 836}",,False,0.0,0.0,0.0,0,0,0,0,0,0,0,0,0,0,0,0,0,1.0,1.0,1.0,"{""fixed"": 836}",0,0,0,0,0,0,False,False,,,,,,,0.0,0.0,0.0,0.0,,1.0,371,179,192,2.0,0.5,2.6,current_priority_adaptive,11.0,0.25,off,,0.1,fixed,dense,0.35,0.7,0.7,reanalysis,off,unknown,0.0,0.0,0.0,0.0,0,0.0,0.0,0,0,0.0,0.0,0.0,False,160,11634,0.013752793536187038,74.4043960571289,53.919456481933594,15.876174926757812,27.676929473876953,13.742276191711426,11.312174797058105,14.700644493103027,0.27221354842185974,0.054780974984169006,0.3885372281074524,0.19563604891300201,0.6168009042739868,12800.0,,True,False
20260221043600,gaussian,diagnostic_weighted,pydda_3dvar_proxy,diagnostic_adaptive_v3,"8:4,10:5",10,5.0,2,1.0,10.0,default_timepower15_8_4_conservative_v2;moderate_current_support_fresh_context_prefers_10_5,12,543,0.5370363354591625,0.9998198198198198,17.51606962333064,True,10,5.0,2,1.0,14,2,12,543,5157,6.794803959218659,6.286286917477003,5.739712108761392,-2.5557075200526485,212693,0.016862831376046775,115502,97191,0.00770554481938457,0,16.25646209716797,107.11890411376953,0.13309161365032196,1.3719440698623657,1.4390836954116821,3.4627320766448975,5.802289962768555,26.41721534729004,50.54931640625,5797,12055,1027,15.721757888793945,1114,0.19216836294635156,787,0.13575987579782647,1,0.00017250301880282904,0,0.3195993517623045,0.9981981981981982,0.9819955504718976,8.0,0.9998198198198198,0.8180261826812749,0.706759114480969,0.9059355506665014,0.4043862607082781,0.8593330055380123,0.81711332471759,False,False,97191,0.1,120.0,preserve_strong_layers,fixed,0.12,0.35,1.0,1.0,1.0,"{""fixed"": 555}",,False,0.0,0.0,0.0,0,0,0,0,0,0,0,0,0,0,0,0,0,1.0,1.0,1.0,"{""fixed"": 555}",0,0,0,0,0,0,False,False,,,,,,,0.0,0.0,0.0,0.0,,1.0,1885,1096,789,2.0,0.5,2.6,current_priority_adaptive,11.0,0.25,off,,0.1,fixed,dense,0.35,0.7,0.7,reanalysis,off,unknown,0.0,0.0,0.0,0.0,0,0.0,0.0,0,0,0.0,0.0,0.0,False,242,7217,0.03353193847859221,23.987773895263672,15.833381652832031,16.60791778564453,21.148067474365234,14.821345329284668,14.26596736907959,15.863885879516602,0.34935563802719116,0.29767853021621704,0.400845468044281,0.048618339002132416,0.6603947281837463,13026.859375,,True,False
20260125041200,gaussian,diagnostic_weighted,pydda_3dvar_proxy,diagnostic_adaptive_v3,"8:4,10:5",10,5.0,2,1.0,10.0,default_timepower15_8_4_conservative_v2;moderate_current_support_fresh_context_prefers_10_5,7,614,0.5659419512391773,0.9998389694041867,17.019217976778865,True,10,5.0,2,1.0,9,2,7,614,4463,45.8431019887818,32.97478718427061,-2.768386811595825,-31.95267993888579,244957,0.019420801744214854,136533,108424,0.008596125068133393,0,14.522643089294434,124.75354766845703,0.11681519448757172,1.505895972251892,1.4586490392684937,4.137222766876221,6.872208118438721,31.588455200195312,56.12388610839844,10879,16694,4228,22.9124755859375,4498,0.4134571192205166,3338,0.30682967184483867,27,0.0024818457578821584,21,0.3554245352819792,0.9979871175523349,0.9751022181693317,8.0,0.9998389694041867,0.8664025120950619,0.6966855506665015,0.970240907177316,0.2968833064554178,0.9165255225027652,0.8658310771229871,False,False,108424,0.1,120.0,preserve_strong_layers,fixed,0.12,0.35,1.0,1.0,1.0,"{""fixed"": 621}",,False,0.0,0.0,0.0,0,0,0,0,0,0,0,0,0,0,0,0,0,1.0,1.0,1.0,"{""fixed"": 621}",0,0,0,0,0,0,False,False,,,,,,,0.0,0.0,0.0,0.0,,1.0,7862,4498,3364,2.0,0.5,2.6,current_priority_adaptive,11.0,0.25,off,,0.1,fixed,dense,0.35,0.7,0.7,reanalysis,off,unknown,0.0,0.0,0.0,0.0,0,0.0,0.0,0,0,0.0,0.0,0.0,False,3827,7886,0.4852903880294192,975.3017578125,802.0380249023438,55.173683166503906,82.3599853515625,11.425374984741211,8.094853401184082,14.144936561584473,0.20519225299358368,0.05000000074505806,0.3815096616744995,0.3372291922569275,0.6792386174201965,7221.58349609375,,True,False
20260130015400,gaussian,diagnostic_weighted,pydda_3dvar_proxy,diagnostic_adaptive_v3,"8:4,10:5",8,4.0,2,1.0,8.0,default_timepower15_8_4_conservative_v2,25,767,0.5660216576454595,1.0,13.252221059035328,True,8,4.0,2,1.0,29,4,25,767,4964,22.503194918126624,17.82093327192689,-0.5438621242654094,2.6144652952266725,199153,0.01578934641494475,108184,90969,0.007212249145235617,0,16.622150421142578,93.0413589477539,0.12332048267126083,1.7762459516525269,1.9860039949417114,4.195276260375977,7.124948501586914,38.65732192993164,72.2981185913086,11023,17114,3722,23.56508445739746,4841,0.439172639027488,3251,0.29492878526716865,3,0.00027215821464211196,0,0.35913859742718474,0.9992424242424244,0.9693112401206052,8.0,1.0,0.8569862531219247,0.7268355506665014,0.9509355506665015,0.31780832639572293,0.9062338363807872,0.8553810515815445,False,False,90969,0.1,120.0,preserve_strong_layers,fixed,0.12,0.35,1.0,1.0,1.0,"{""fixed"": 792}",,False,0.0,0.0,0.0,0,0,0,0,0,0,0,0,0,0,0,0,0,1.0,1.0,1.0,"{""fixed"": 792}",0,0,0,0,0,0,False,False,,,,,,,0.0,0.0,0.0,0.0,,1.0,8144,4841,3303,2.0,0.5,2.6,current_priority_adaptive,11.0,0.25,off,,0.1,fixed,dense,0.35,0.7,0.7,reanalysis,off,unknown,0.0,0.0,0.0,0.0,0,0.0,0.0,0,0,0.0,0.0,0.0,False,2592,11180,0.23184257602862254,892.8978881835938,657.5917358398438,30.714099884033203,60.24992752075195,13.42967414855957,8.451510429382324,16.972854614257812,0.28887856006622314,0.05000000074505806,0.505003035068512,0.3039623498916626,0.7496775984764099,12007.330078125,,True,False
20260202002400,gaussian,diagnostic_weighted,pydda_3dvar_proxy,diagnostic_adaptive_v3,"8:4,10:5",10,5.0,2,1.0,10.0,default_timepower15_8_4_conservative_v2;moderate_current_support_fresh_context_prefers_10_5,9,688,0.5857646390309352,1.0,14.666949431899138,True,10,5.0,2,1.0,11,2,9,688,4361,9.369638319307098,9.321004568352299,-4.105191153066335,8.00440140799547,279201,0.02213575144938308,159049,120152,0.009525950151132253,0,16.848102569580078,194.95779418945312,0.137638121843338,1.7863599061965942,2.0929982662200928,4.5491042137146,7.478810787200928,44.818668365478516,75.70877838134766,21508,20838,7296,23.340194702148438,8813,0.4097545099497861,5439,0.2528826483169053,26,0.001208852519992561,175,0.32507985396651,0.9930416068866572,0.9852588621151255,8.0,1.0,0.8475235645219271,0.6781046961190129,0.9509355506665015,0.338836523284606,0.8887128701014415,0.8469847509314977,False,False,120152,0.1,120.0,preserve_strong_layers,fixed,0.12,0.35,1.0,1.0,1.0,"{""fixed"": 697}",,False,0.0,0.0,0.0,0,0,0,0,0,0,0,0,0,0,0,0,0,1.0,1.0,1.0,"{""fixed"": 697}",0,0,0,0,0,0,False,False,,,,,,,0.0,0.0,0.0,0.0,,1.0,14350,8822,5528,2.0,0.5,2.6,current_priority_adaptive,11.0,0.25,off,,0.1,fixed,dense,0.35,0.7,0.7,reanalysis,off,unknown,0.0,0.0,0.0,0.0,0,0.0,0.0,0,0,0.0,0.0,0.0,False,3539,7421,0.4768899070206172,1073.1964111328125,889.0458984375,21.99022102355957,67.02075958251953,13.486557006835938,9.832260131835938,16.63508415222168,0.2771105170249939,0.05000000074505806,0.4979734420776367,0.39523443579673767,0.7793035507202148,12372.7041015625,,True,False
20260204132400,gaussian,diagnostic_weighted,pydda_3dvar_proxy,diagnostic_adaptive_v3,"8:4,10:5",10,5.0,2,1.0,10.0,default_timepower15_8_4_conservative_v2;moderate_current_support_fresh_context_prefers_10_5,6,471,0.587294925613243,0.9997903563941299,14.565493454591724,True,10,5.0,2,1.0,7,1,6,471,5011,4.989544925326434,4.989544925326434,-2.014710278586457,4.564701639232169,143707,0.011393449283979982,84032,59675,0.004731182795698925,0,22.073022842407227,106.04345703125,0.140114888548851,1.878926157951355,1.8416658639907837,4.5418267250061035,7.897063255310059,44.11241149902344,81.2946548461914,17141,13400,3735,14.881217002868652,10151,0.5922058222974156,2942,0.1716352604865527,9,0.0005250568811621259,0,0.32566243208676965,0.9974842767295596,0.977128127772927,8.0,0.9997903563941299,0.8365679420479976,0.6981839750077297,0.9167885684381041,0.3631823510044498,0.8834355506665016,0.8359709024477618,False,False,59675,0.1,120.0,preserve_strong_layers,fixed,0.12,0.35,1.0,1.0,1.0,"{""fixed"": 477}",,False,0.0,0.0,0.0,0,0,0,0,0,0,0,0,0,0,0,0,0,1.0,1.0,1.0,"{""fixed"": 477}",0,0,0,0,0,0,False,False,,,,,,,0.0,0.0,0.0,0.0,,1.0,13349,10152,3197,2.0,0.5,2.6,current_priority_adaptive,11.0,0.25,off,,0.1,fixed,dense,0.35,0.7,0.7,reanalysis,off,unknown,0.0,0.0,0.0,0.0,0,0.0,0.0,0,0,0.0,0.0,0.0,False,28,5439,0.005148005148005148,12.034889221191406,8.137777328491211,15.005206108093262,16.766159057617188,14.15289306640625,13.718999862670898,14.723054885864258,0.32541126012802124,0.2966984808444977,0.3631928861141205,0.06420822441577911,0.6304621696472168,12821.4287109375,,True,False
20260208111200,gaussian,diagnostic_weighted,pydda_3dvar_proxy,diagnostic_adaptive_v3,"8:4,10:5",8,4.0,2,1.0,8.0,default_timepower15_8_4_conservative_v2,37,1340,0.6110292065146095,1.0,1.0728290289160685,True,8,4.0,2,1.0,43,6,37,1340,4746,3.174828645053433,2.8600718610906006,1.7808857457383105,-0.00974205706809661,288937,0.02290764580546058,174976,113961,0.009035112234279769,0,10.372095108032227,147.69313049316406,0.14230503141880035,0.931593656539917,1.2711927890777588,2.0614490509033203,3.2521355152130127,14.43527889251709,26.70313835144043,834,4051,415,30.384302139282227,270,0.3237410071942446,248,0.2973621103117506,0,0.0,173,0.34304338792110783,0.9959331880900509,0.9712362262011552,8.0,1.0,0.8534526845585183,0.6650946296304839,0.970240907177316,0.3256607009810706,0.9123452364579183,0.8518265469314452,False,False,113961,0.1,120.0,preserve_strong_layers,fixed,0.12,0.35,1.0,1.0,1.0,"{""fixed"": 1377}",,False,0.0,0.0,0.0,0,0,0,0,0,0,0,0,0,0,0,0,0,1.0,1.0,1.0,"{""fixed"": 1377}",0,0,0,0,0,0,False,False,,,,,,,0.0,0.0,0.0,0.0,,1.0,520,270,250,2.0,0.5,2.6,current_priority_adaptive,11.0,0.25,off,,0.1,fixed,dense,0.35,0.7,0.7,reanalysis,off,unknown,0.0,0.0,0.0,0.0,0,0.0,0.0,0,0,0.0,0.0,0.0,False,762,23416,0.032541851725316026,89.91329956054688,76.84892272949219,14.009653091430664,26.730195999145508,11.608905792236328,8.508441925048828,16.79963493347168,0.2145126610994339,0.05000000074505806,0.5053197145462036,0.37293562293052673,0.742213785648346,4326.11572265625,,True,False
20260212085400,gaussian,diagnostic_weighted,pydda_3dvar_proxy,diagnostic_adaptive_v3,"8:4,10:5",10,5.0,2,1.0,10.0,default_timepower15_8_4_conservative_v2;moderate_current_support_fresh_context_prefers_10_5,9,548,0.5369580557145825,0.9998204667863554,4.278994199570904,True,10,5.0,2,1.0,11,2,9,548,5012,5.0460586849154625,4.352006454339359,-1.6892985610645468,2.0652404043544568,217283,0.017226738020910758,128555,88728,0.0070345770774490855,0,17.342750549316406,204.78549194335938,0.13328491151332855,1.6234591007232666,1.9320588111877441,3.9753658771514893,6.700714111328125,28.35737419128418,64.1858139038086,9019,16783,3303,29.885700225830078,1932,0.214214436190265,1463,0.16221310566581662,2,0.00022175407473112318,2775,0.33041364876589213,0.9882405745062838,0.9759992265150388,8.0,0.9998204667863554,0.8307073523830675,0.6646145340984175,0.9509355506665015,0.3762058835931836,0.9000212649522157,0.8295689852058368,False,False,88728,0.1,120.0,preserve_strong_layers,fixed,0.12,0.35,1.0,1.0,1.0,"{""fixed"": 557}",,False,0.0,0.0,0.0,0,0,0,0,0,0,0,0,0,0,0,0,0,1.0,1.0,1.0,"{""fixed"": 557}",0,0,0,0,0,0,False,False,,,,,,,0.0,0.0,0.0,0.0,,1.0,3443,1932,1511,2.0,0.5,2.6,current_priority_adaptive,11.0,0.25,off,,0.1,fixed,dense,0.35,0.7,0.7,reanalysis,off,unknown,0.0,0.0,0.0,0.0,0,0.0,0.0,0,0,0.0,0.0,0.0,False,563,12309,0.04573889024291169,40.57917785644531,27.471698760986328,20.001575469970703,35.387535095214844,12.188427925109863,7.856698513031006,14.228184700012207,0.23306022584438324,0.05000000074505806,0.40608859062194824,0.25688791275024414,0.6387547254562378,9426.2880859375,,True,False
20260217234200,gaussian,diagnostic_weighted,pydda_3dvar_proxy,diagnostic_adaptive_v3,"8:4,10:5",10,5.0,2,1.0,10.0,default_timepower15_8_4_conservative_v2;moderate_current_support_fresh_context_prefers_10_5,9,606,0.5524715929133018,1.0,4.430617176501041,True,10,5.0,2,1.0,11,2,9,606,3000,4.894002238929409,4.187133356951565,-2.7140189639560166,2.177852937958635,251719,0.019956909964818394,147632,104087,0.00825227689410832,0,11.675127029418945,94.77794647216797,0.1390470713376999,0.9731017351150513,1.1507519483566284,2.5765862464904785,4.0787882804870605,15.394448280334473,43.242698669433594,2496,4817,1530,37.81685256958008,126,0.05048076923076923,925,0.37059294871794873,0,0.0,0,0.326903904072932,0.999349593495935,0.9888204155639984,8.0,1.0,0.8419486402527216,0.7169355506665015,0.9174527499605095,0.3512252438828409,0.8879355506665015,0.8412656663356852,False,False,104087,0.1,120.0,preserve_strong_layers,fixed,0.12,0.35,1.0,1.0,1.0,"{""fixed"": 615}",,False,0.0,0.0,0.0,0,0,0,0,0,0,0,0,0,0,0,0,0,1.0,1.0,1.0,"{""fixed"": 615}",0,0,0,0,0,0,False,False,,,,,,,0.0,0.0,0.0,0.0,,1.0,1051,126,925,2.0,0.5,2.6,current_priority_adaptive,11.0,0.25,off,,0.1,fixed,dense,0.35,0.7,0.7,reanalysis,off,unknown,0.0,0.0,0.0,0.0,0,0.0,0.0,0,0,0.0,0.0,0.0,False,544,8165,0.06662584200857317,212.31198120117188,149.6469268798828,15.741312980651855,26.0736141204834,13.65127182006836,9.732307434082031,16.78794288635254,0.31342241168022156,0.05000000074505806,0.4827880263328552,0.25923678278923035,0.7610491514205933,12276.654296875,,True,False
20260221105400,gaussian,diagnostic_weighted,pydda_3dvar_proxy,diagnostic_adaptive_v3,"8:4,10:5",10,5.0,2,1.0,10.0,default_timepower15_8_4_conservative_v2;moderate_current_support_fresh_context_prefers_10_5,14,541,0.560117324864731,0.9998198198198198,3.6531240298900527,True,10,5.0,2,1.0,17,3,14,541,4966,4.653619905315801,4.478161811795303,-3.3870048797146843,0.8249471939274594,197792,0.015681442941380505,110893,86899,0.0068895693969575345,0,17.106351852416992,98.0645980834961,0.13249890506267548,1.5022673606872559,1.574623703956604,3.7155637741088867,6.225305557250977,29.592201232910156,43.247032165527344,1665,16813,488,20.372224807739258,1016,0.6102102102102102,372,0.22342342342342342,5,0.003003003003003003,0,0.32570292258194505,0.9992792792792793,0.981680901031922,8.0,0.9998198198198198,0.8177984319413054,0.6862964022425224,0.921288568438104,0.4048923734637658,0.8802158180921011,0.8161831945917469,False,False,86899,0.1,120.0,preserve_strong_layers,fixed,0.12,0.35,1.0,1.0,1.0,"{""fixed"": 555}",,False,0.0,0.0,0.0,0,0,0,0,0,0,0,0,0,0,0,0,0,1.0,1.0,1.0,"{""fixed"": 555}",0,0,0,0,0,0,False,False,,,,,,,0.0,0.0,0.0,0.0,,1.0,1403,1016,387,2.0,0.5,2.6,current_priority_adaptive,11.0,0.25,off,,0.1,fixed,dense,0.35,0.7,0.7,reanalysis,off,unknown,0.0,0.0,0.0,0.0,0,0.0,0.0,0,0,0.0,0.0,0.0,False,3069,11851,0.2589654881444604,121.24079895019531,99.32403564453125,29.233274459838867,67.13809967041016,12.945661544799805,10.065223693847656,16.794254302978516,0.13409383594989777,0.05000000074505806,0.46517255902290344,0.4716278612613678,0.4541204869747162,13134.734375,,True,False
20260125074800,gaussian,diagnostic_weighted,pydda_3dvar_proxy,diagnostic_adaptive_v3,"8:4,10:5",10,5.0,2,1.0,10.0,default_timepower15_8_4_conservative_v2;moderate_current_support_fresh_context_prefers_10_5,6,615,0.55544643392958,0.9998389694041867,4.794678015245103,True,10,5.0,2,1.0,7,1,6,615,4187,3.8993562537811406,3.8993562537811406,-1.454235379597085,3.6180351925638057,208406,0.016522947326693425,116747,91659,0.0072669540657053664,0,12.1892671585083,124.0830307006836,0.13090640306472778,1.1103794574737549,1.2371947765350342,2.854900360107422,4.752152919769287,23.506332397460938,31.640493392944336,572,9084,302,34.69198226928711,0,0.0,136,0.23776223776223776,44,0.07692307692307693,21,0.36526960002098857,0.9973429951690822,0.9699409245590641,8.0,0.9998389694041867,0.8659242118841614,0.6703251533843264,0.9482711713595102,0.29794619581297477,0.8894784078093587,0.8656944148507447,False,False,91659,0.1,120.0,preserve_strong_layers,fixed,0.12,0.35,1.0,1.0,1.0,"{""fixed"": 621}",,False,0.0,0.0,0.0,0,0,0,0,0,0,0,0,0,0,0,0,0,1.0,1.0,1.0,"{""fixed"": 621}",0,0,0,0,0,0,False,False,,,,,,,0.0,0.0,0.0,0.0,,1.0,138,0,138,2.0,0.5,2.6,current_priority_adaptive,11.0,0.25,off,,0.1,fixed,dense,0.35,0.7,0.7,reanalysis,off,unknown,0.0,0.0,0.0,0.0,0,0.0,0.0,0,0,0.0,0.0,0.0,False,430,6762,0.06359065365276545,205.11695861816406,171.41224670410156,14.891927719116211,22.85320472717285,11.933984756469727,9.372428894042969,16.67949676513672,0.2065088301897049,0.05000000074505806,0.44614696502685547,0.352029949426651,0.6607573628425598,10425.5810546875,,True,False
20260130061200,gaussian,diagnostic_weighted,pydda_3dvar_proxy,diagnostic_adaptive_v3,"8:4,10:5",8,4.0,2,1.0,8.0,default_timepower15_8_4_conservative_v2,58,1032,0.5324508155602856,1.0,5.748480030107374,True,8,4.0,2,1.0,67,9,58,1032,5071,8.029346368926007,6.271033548940052,-1.1206941760031206,2.4768785283055,192256,0.015242535057727566,111903,80353,0.006370586194935831,0,14.989723205566406,86.03215789794922,0.12209862470626831,1.4672363996505737,1.9300545454025269,3.1498019695281982,5.218823432922363,25.870342254638672,46.873695373535156,1445,10877,578,28.861196517944336,867,0.6,578,0.4,0,0.0,0,0.3553715513841797,1.0,0.9776727044660908,8.0,1.0,0.8583108730319473,0.7146321774514501,0.970240907177316,0.3148647265956726,0.9304783144911112,0.8542549509344362,False,False,80353,0.1,120.0,preserve_strong_layers,fixed,0.12,0.35,1.0,1.0,1.0,"{""fixed"": 1090}",,False,0.0,0.0,0.0,0,0,0,0,0,0,0,0,0,0,0,0,0,1.0,1.0,1.0,"{""fixed"": 1090}",0,0,0,0,0,0,False,False,,,,,,,0.0,0.0,0.0,0.0,,1.0,1445,867,578,2.0,0.5,2.6,current_priority_adaptive,11.0,0.25,off,,0.1,fixed,dense,0.35,0.7,0.7,reanalysis,off,unknown,0.0,0.0,0.0,0.0,0,0.0,0.0,0,0,0.0,0.0,0.0,False,4932,22638,0.21786376888417705,1224.640625,856.359130859375,27.44753646850586,66.41270446777344,13.246438980102539,7.926802635192871,16.830331802368164,0.2570759654045105,0.05000000074505806,0.5071744918823242,0.2628610134124756,0.6182305812835693,11683.9013671875,,True,False
20260202013600,gaussian,diagnostic_weighted,pydda_3dvar_proxy,diagnostic_adaptive_v3,"8:4,10:5",10,5.0,2,1.0,10.0,default_timepower15_8_4_conservative_v2;moderate_current_support_fresh_context_prefers_10_5,17,679,0.6159369439181638,1.0,14.820292024091842,True,10,5.0,2,1.0,20,3,17,679,5132,13.124796189311407,11.830875590086722,-7.589409581576644,0.39043396179598905,280098,0.022206867845993756,159430,120668,0.009566859917744414,0,16.57048225402832,195.14022827148438,0.1372048258781433,1.796953797340393,2.096822500228882,4.477344989776611,7.359152793884277,40.18595504760742,75.4537124633789,19387,20373,6777,24.3179931640625,8540,0.44050136689534225,5328,0.2748233352246351,16,0.0008252953009748801,441,0.3221344467848848,0.9930316091954022,0.9879220120676113,8.0,1.0,0.8524336411666777,0.6922969644808622,0.9509355506665015,0.3279252418518275,0.912197735540451,0.8509373383620322,False,False,120668,0.1,120.0,preserve_strong_layers,fixed,0.12,0.35,1.0,1.0,1.0,"{""fixed"": 696}",,False,0.0,0.0,0.0,0,0,0,0,0,0,0,0,0,0,0,0,0,1.0,1.0,1.0,"{""fixed"": 696}",0,0,0,0,0,0,False,False,,,,,,,0.0,0.0,0.0,0.0,,1.0,13964,8549,5415,2.0,0.5,2.6,current_priority_adaptive,11.0,0.25,off,,0.1,fixed,dense,0.35,0.7,0.7,reanalysis,off,unknown,0.0,0.0,0.0,0.0,0,0.0,0.0,0,0,0.0,0.0,0.0,False,7332,16041,0.4570787357396671,1182.6337890625,911.1928100585938,44.82278060913086,259.4580993652344,12.247550964355469,7.896060943603516,16.404510498046875,0.24084453284740448,0.05000000074505806,0.4452754557132721,0.3611656427383423,0.7414453029632568,9021.3447265625,,True,False
20260204141800,gaussian,diagnostic_weighted,pydda_3dvar_proxy,diagnostic_adaptive_v3,"8:4,10:5",10,5.0,2,1.0,10.0,default_timepower15_8_4_conservative_v2;moderate_current_support_fresh_context_prefers_10_5,15,439,0.5914180651415573,0.9997797356828193,19.85068423473444,True,10,5.0,2,1.0,18,3,15,439,4968,4.591696492030371,4.25667454014965,-2.4615216287482977,-0.7359721983642681,133222,0.010562172340320104,79418,53804,0.004265715276745454,0,23.231306076049805,106.04344940185547,0.14097833633422852,1.9819786548614502,1.9657844305038452,4.700933456420898,8.15677261352539,44.22517776489258,82.4031753540039,16647,12869,3485,14.751063346862793,9627,0.5783023968282573,2674,0.16062954286057549,7,0.0004204961854988887,0,0.3266515833439291,0.9973568281938326,0.9763954811733374,8.0,0.9997797356828193,0.8383490475681477,0.7084117510935197,0.9509355506665015,0.35922433873744986,0.9138590851846086,0.8357689779457171,False,False,53804,0.1,120.0,preserve_strong_layers,fixed,0.12,0.35,1.0,1.0,1.0,"{""fixed"": 454}",,False,0.0,0.0,0.0,0,0,0,0,0,0,0,0,0,0,0,0,0,1.0,1.0,1.0,"{""fixed"": 454}",0,0,0,0,0,0,False,False,,,,,,,0.0,0.0,0.0,0.0,,1.0,12565,9631,2934,2.0,0.5,2.6,current_priority_adaptive,11.0,0.25,off,,0.1,fixed,dense,0.35,0.7,0.7,reanalysis,off,unknown,0.0,0.0,0.0,0.0,0,0.0,0.0,0,0,0.0,0.0,0.0,False,987,11015,0.08960508397639583,80.4104232788086,63.25605773925781,16.192745208740234,29.242414474487305,13.354470252990723,9.596555709838867,16.777843475341797,0.2387448102235794,0.05000000074505806,0.44860053062438965,0.2939550578594208,0.6295110583305359,11823.201171875,,True,False
20260208140600,gaussian,diagnostic_weighted,pydda_3dvar_proxy,diagnostic_adaptive_v3,"8:4,10:5",8,4.0,2,1.0,8.0,default_timepower15_8_4_conservative_v2,20,1267,0.5688959034486434,1.0,0.5014541707579544,True,8,4.0,2,1.0,23,3,20,1267,4853,3.7851444247366586,3.5942837999527293,-1.5901447317838766,-1.1640189010534208,285165,0.022608592240225954,165201,119964,0.009511045042366582,0,11.052596092224121,85.03158569335938,0.15513883531093597,0.9663509726524353,1.2618407011032104,2.2174155712127686,3.5686113834381104,16.63434410095215,35.132076263427734,1602,6826,571,19.717655181884766,952,0.5942571785268415,456,0.2846441947565543,0,0.0,0,0.34329467229593286,0.9974747474747475,0.9676602305697595,8.0,1.0,0.8491563155866289,0.6950689398844891,0.9509355506665015,0.3352081875852693,0.9094958524436617,0.8482038367096433,False,False,119964,0.1,120.0,preserve_strong_layers,fixed,0.12,0.35,1.0,1.0,1.0,"{""fixed"": 1287}",,False,0.0,0.0,0.0,0,0,0,0,0,0,0,0,0,0,0,0,0,1.0,1.0,1.0,"{""fixed"": 1287}",0,0,0,0,0,0,False,False,,,,,,,0.0,0.0,0.0,0.0,,1.0,1414,954,460,2.0,0.5,2.6,current_priority_adaptive,11.0,0.25,off,,0.1,fixed,dense,0.35,0.7,0.7,reanalysis,off,unknown,0.0,0.0,0.0,0.0,0,0.0,0.0,0,0,0.0,0.0,0.0,False,1261,12600,0.10007936507936507,26.1921443939209,19.653453826904297,15.262800216674805,21.540040969848633,11.52254867553711,8.020059585571289,17.148988723754883,0.1304347962141037,0.05000000074505806,0.5353232026100159,0.2426387518644333,0.4426068663597107,8308.0888671875,,True,False
20260212230000,gaussian,diagnostic_weighted,pydda_3dvar_proxy,diagnostic_adaptive_v3,"8:4,10:5",8,4.0,2,1.0,8.0,default_timepower15_8_4_conservative_v2,2,425,0.49980620526018665,1.0,4.815701221907906,True,8,4.0,2,1.0,3,1,2,425,1867,4.12037390642129,4.12037390642129,-3.1414506051441826,2.66622752670448,162057,0.012848283038501562,81814,80243,0.006361865120658045,0,16.542566299438477,123.11530303955078,0.1280541568994522,1.7729668617248535,1.9034196138381958,4.019127368927002,6.939325332641602,35.411495208740234,65.73542022705078,8957,10343,2796,20.22853660583496,4584,0.5117784972647091,1936,0.2161437981467009,0,0.0,668,0.3213573558498624,0.9894613583138173,0.9870172881325638,8.0,1.0,0.8266888632704413,0.666327725760983,0.9145050174533145,0.3851358593990193,0.8901855506665015,0.826390055329754,False,False,80243,0.1,120.0,preserve_strong_layers,fixed,0.12,0.35,1.0,1.0,1.0,"{""fixed"": 427}",,False,0.0,0.0,0.0,0,0,0,0,0,0,0,0,0,0,0,0,0,1.0,1.0,1.0,"{""fixed"": 427}",0,0,0,0,0,0,False,False,,,,,,,0.0,0.0,0.0,0.0,,1.0,6603,4588,2015,2.0,0.5,2.6,current_priority_adaptive,11.0,0.25,off,,0.1,fixed,dense,0.35,0.7,0.7,reanalysis,off,unknown,0.0,0.0,0.0,0.0,0,0.0,0.0,0,0,0.0,0.0,0.0,False,121,1717,0.07047175305765871,14.222635269165039,11.065399169921875,16.04629135131836,20.45125389099121,12.484291076660156,10.68420124053955,13.229455947875977,0.2143837958574295,0.05000000074505806,0.3313199281692505,0.10288549214601517,0.5102772116661072,10628.099609375,,True,False
20260218004200,gaussian,diagnostic_weighted,pydda_3dvar_proxy,diagnostic_adaptive_v3,"8:4,10:5",8,4.0,2,1.0,8.0,default_timepower15_8_4_conservative_v2,33,697,0.5901043993125039,1.0,5.006558746692192,True,8,4.0,2,1.0,38,5,33,697,4927,2.3066833646528724,2.021578597386517,0.6492902879067322,0.049422826005306494,210992,0.01672797185471483,118680,92312,0.007318725533918042,0,11.763318061828613,94.76301574707031,0.13180766999721527,1.0641132593154907,1.3468097448349,2.5382587909698486,4.04987907409668,17.46881103515625,38.272945404052734,1648,4711,1002,37.52922439575195,102,0.061893203883495146,613,0.3719660194174757,1,0.0006067961165048543,0,0.32457087221355013,0.9994520547945206,0.990832006712882,8.0,1.0,0.843891676414497,0.7169355506665015,0.9617885684381041,0.34690738574556224,0.8994767341002836,0.8412599591926447,False,False,92312,0.1,120.0,preserve_strong_layers,fixed,0.12,0.35,1.0,1.0,1.0,"{""fixed"": 730}",,False,0.0,0.0,0.0,0,0,0,0,0,0,0,0,0,0,0,0,0,1.0,1.0,1.0,"{""fixed"": 730}",0,0,0,0,0,0,False,False,,,,,,,0.0,0.0,0.0,0.0,,1.0,715,102,613,2.0,0.5,2.6,current_priority_adaptive,11.0,0.25,off,,0.1,fixed,dense,0.35,0.7,0.7,reanalysis,off,unknown,0.0,0.0,0.0,0.0,0,0.0,0.0,0,0,0.0,0.0,0.0,False,1439,17146,0.08392628018196664,304.4195251464844,246.06077575683594,18.65682601928711,88.87713623046875,13.333971977233887,9.342562675476074,16.970643997192383,0.24941213428974152,0.05000000074505806,0.48971986770629883,0.4140529930591583,0.7365010976791382,12407.2275390625,,True,False
20260221111800,gaussian,diagnostic_weighted,pydda_3dvar_proxy,diagnostic_adaptive_v3,"8:4,10:5",8,4.0,2,1.0,8.0,default_timepower15_8_4_conservative_v2,1,571,0.5595179117864006,0.9998251748251747,15.544771857622168,True,8,4.0,2,1.0,2,1,1,571,5064,4.641840991504765,4.641840991504765,4.4637715464692285,-1.2733543777541456,166441,0.013195857489718051,87761,78680,0.006237946583420049,0,16.448854446411133,98.03694152832031,0.13449405133724213,1.5999070405960083,1.8155418634414673,3.6735589504241943,6.199021816253662,31.151268005371094,43.6754264831543,1953,14646,651,22.845741271972656,1170,0.5990783410138248,552,0.282642089093702,2,0.0010240655401945725,0,0.32434705111808576,0.9993006993006993,0.982227561314371,8.0,0.9998251748251747,0.8155265993271136,0.6891558646681352,0.8805762321774028,0.4099408903841923,0.8572069792379301,0.815453603915711,False,False,78680,0.1,120.0,preserve_strong_layers,fixed,0.12,0.35,1.0,1.0,1.0,"{""fixed"": 572}",,False,0.0,0.0,0.0,0,0,0,0,0,0,0,0,0,0,0,0,0,1.0,1.0,1.0,"{""fixed"": 572}",0,0,0,0,0,0,False,False,,,,,,,0.0,0.0,0.0,0.0,,1.0,1725,1170,555,2.0,0.5,2.6,current_priority_adaptive,11.0,0.25,off,,0.1,fixed,dense,0.35,0.7,0.7,reanalysis,off,unknown,0.0,0.0,0.0,0.0,0,0.0,0.0,0,0,0.0,0.0,0.0,False,3,1144,0.0026223776223776225,0.0031427349895238876,0.002511781407520175,17.205541610717773,19.333354949951172,14.555705070495605,14.464298248291016,14.694757461547852,0.2000606805086136,0.19576771557331085,0.20346586406230927,0.012383592315018177,0.31450411677360535,13666.6669921875,,True,False
20260125124200,gaussian,diagnostic_weighted,pydda_3dvar_proxy,diagnostic_adaptive_v3,"8:4,10:5",8,4.0,2,1.0,8.0,default_timepower15_8_4_conservative_v2,19,611,0.5270221445563487,1.0,10.628729504221054,True,8,4.0,2,1.0,22,3,19,611,4701,32.59671034886314,20.614991892831785,-17.094546875477704,-2.8800047041520713,178555,0.014156285615182597,97093,81462,0.006458510480154601,0,17.396394729614258,116.07405090332031,0.12355776131153107,1.7490342855453491,2.0046684741973877,3.962677001953125,6.7778730392456055,31.623939514160156,64.06698608398438,9883,15029,2777,18.51287269592285,5231,0.529292724881109,2413,0.2441566326014368,114,0.011534959020540322,0,0.34776009771043237,0.9949206349206349,0.980253624380657,8.0,1.0,0.8496054569765763,0.7018727642883003,0.9617885684381041,0.33421009560760834,0.9224555511696382,0.847340069432111,False,False,81462,0.1,120.0,preserve_strong_layers,fixed,0.12,0.35,1.0,1.0,1.0,"{""fixed"": 630}",,False,0.0,0.0,0.0,0,0,0,0,0,0,0,0,0,0,0,0,0,1.0,1.0,1.0,"{""fixed"": 630}",0,0,0,0,0,0,False,False,,,,,,,0.0,0.0,0.0,0.0,,1.0,7733,5235,2498,2.0,0.5,2.6,current_priority_adaptive,11.0,0.25,off,,0.1,fixed,dense,0.35,0.7,0.7,reanalysis,off,unknown,0.0,0.0,0.0,0.0,0,0.0,0.0,0,0,0.0,0.0,0.0,False,3493,10172,0.34339362957137237,157.7899932861328,127.3539047241211,29.974498748779297,62.264122009277344,13.465770721435547,9.1427583694458,15.984109878540039,0.2102861851453781,0.05000000074505806,0.4902651906013489,0.21085545420646667,0.5031791925430298,12176.2099609375,,True,False
20260130174200,gaussian,diagnostic_weighted,pydda_3dvar_proxy,diagnostic_adaptive_v3,"8:4,10:5",8,4.0,2,1.0,6.0,default_timepower15_8_4_conservative_v2;dense_current_stale_conflict_prefers_6_3,62,526,0.4653210293307254,0.9994897959183674,24.86193094049857,True,8,4.0,2,1.0,71,9,62,526,1272,24.70519159998879,11.153619000166744,-7.435840174552278,-1.053684707239439,182596,0.014476666171151082,104917,77679,0.0061585848074921954,0,18.33648681640625,220.31517028808594,0.121982641518116,1.7069462537765503,2.0797924995422363,3.786820650100708,6.377579689025879,34.475833892822266,53.400421142578125,4402,13903,1472,28.791120529174805,1974,0.44843253066787825,816,0.18537028623353022,0,0.0,720,0.3279650306313784,0.9985544217687075,0.9904816099150079,8.0,0.9994897959183674,0.8556054488202202,0.7169355506665015,0.9617885684381041,0.3208767803995106,0.905820966551114,0.8496865094679095,False,False,77679,0.1,120.0,preserve_strong_layers,fixed,0.12,0.35,1.0,1.0,1.0,"{""fixed"": 588}",,False,0.0,0.0,0.0,0,0,0,0,0,0,0,0,0,0,0,0,0,1.0,1.0,1.0,"{""fixed"": 588}",0,0,0,0,0,0,False,False,,,,,,,0.0,0.0,0.0,0.0,,1.0,2844,1978,866,2.0,0.5,2.6,current_priority_adaptive,11.0,0.25,off,,0.1,fixed,dense,0.35,0.7,0.7,reanalysis,off,unknown,0.0,0.0,0.0,0.0,0,0.0,0.0,0,0,0.0,0.0,0.0,False,10701,12735,0.8402826855123675,581.8302001953125,464.5794677734375,29.529996871948242,65.17811584472656,11.427926063537598,7.290838241577148,16.04941177368164,0.14803452789783478,0.05000000074505806,0.5289021730422974,0.3379727900028229,0.4894624948501587,8913.326171875,,True,False
20260202054200,gaussian,diagnostic_weighted,pydda_3dvar_proxy,diagnostic_adaptive_v3,"8:4,10:5",8,4.0,2,1.0,8.0,default_timepower15_8_4_conservative_v2,1,802,0.494803244489961,1.0,20.04032650973531,True,8,4.0,2,1.0,2,1,1,802,5143,6.289395461593763,6.289395461593763,4.213548814736212,-4.669314902440323,221308,0.01754585005698429,119508,101800,0.008070957831623805,0,13.467916488647461,195.00401306152344,0.1224818304181099,1.6201667785644531,2.0002331733703613,3.7996227741241455,6.290252208709717,35.73622131347656,74.39645385742188,11016,14999,4623,27.231689453125,4229,0.3838961510530138,3243,0.29438997821350765,26,0.0023602033405954975,794,0.31765286570725404,0.9944582814445827,0.9789735333720819,8.0,1.0,0.8466939290488058,0.6849838655887694,0.9366958982559449,0.34068015766932047,0.8656926935236444,0.8466702398162935,False,False,101800,0.1,120.0,preserve_strong_layers,fixed,0.12,0.35,1.0,1.0,1.0,"{""fixed"": 803}",,False,0.0,0.0,0.0,0,0,0,0,0,0,0,0,0,0,0,0,0,1.0,1.0,1.0,"{""fixed"": 803}",0,0,0,0,0,0,False,False,,,,,,,0.0,0.0,0.0,0.0,,1.0,7545,4227,3318,2.0,0.5,2.6,current_priority_adaptive,11.0,0.25,off,,0.1,fixed,dense,0.35,0.7,0.7,reanalysis,off,unknown,0.0,0.0,0.0,0.0,0,0.0,0.0,0,0,0.0,0.0,0.0,False,0,936,0.0,0.0,0.0,5.741103649139404,11.491328239440918,13.897248268127441,11.514975547790527,16.448230743408203,0.1896020919084549,0.05000000074505806,0.42791932821273804,0.4086940586566925,0.5217891335487366,0.0,,True,False
20260205015400,gaussian,diagnostic_weighted,pydda_3dvar_proxy,diagnostic_adaptive_v3,"8:4,10:5",10,5.0,2,1.0,10.0,default_timepower15_8_4_conservative_v2;moderate_current_support_fresh_context_prefers_10_5,15,549,0.5799474398171675,1.0,25.13156075710319,True,10,5.0,2,1.0,18,3,15,549,2587,3.4333534217378356,3.109145577685952,2.1386713501869075,-0.1673871863874322,180633,0.01432103463653932,104221,76412,0.006058133888310787,0,22.925268173217773,188.50978088378906,0.13810786604881287,2.3278374671936035,2.4745616912841797,6.12887716293335,10.141348838806152,47.140960693359375,65.19381713867188,18084,25796,7563,25.599231719970703,3978,0.21997345719973457,2376,0.13138686131386862,102,0.00564034505640345,2245,0.33679071146469874,0.9883865248226951,0.9833506715913571,8.0,1.0,0.8405471763025003,0.6960217643111801,0.9509355506665015,0.3543396082166658,0.9165590851846084,0.8384703481909673,False,False,76412,0.1,120.0,preserve_strong_layers,fixed,0.12,0.35,1.0,1.0,1.0,"{""fixed"": 564}",,False,0.0,0.0,0.0,0,0,0,0,0,0,0,0,0,0,0,0,0,1.0,1.0,1.0,"{""fixed"": 564}",0,0,0,0,0,0,False,False,,,,,,,0.0,0.0,0.0,0.0,,1.0,6431,3982,2449,2.0,0.5,2.6,current_priority_adaptive,11.0,0.25,off,,0.1,fixed,dense,0.35,0.7,0.7,reanalysis,off,unknown,0.0,0.0,0.0,0.0,0,0.0,0.0,0,0,0.0,0.0,0.0,False,5546,7926,0.6997224325006308,1673.7152099609375,1354.075439453125,39.63528823852539,79.75918579101562,12.323972702026367,8.285037994384766,15.904159545898438,0.22098574042320251,0.05000000074505806,0.4324045777320862,0.409912109375,0.724502682685852,10552.560546875,,True,False
20260208151800,gaussian,diagnostic_weighted,pydda_3dvar_proxy,diagnostic_adaptive_v3,"8:4,10:5",10,5.0,2,1.0,10.0,default_timepower15_8_4_conservative_v2;moderate_current_support_fresh_context_prefers_10_5,15,1110,0.5430909359665961,1.0,2.676328598952567,True,10,5.0,2,1.0,18,3,15,1110,4247,7.172714049066334,6.488240250724377,-1.6985382316627335,-5.344367222841818,345788,0.02741493483970071,210285,135503,0.010743015707844012,0,12.075182914733887,85.0322036743164,0.16001203656196594,0.9384233355522156,1.1405928134918213,2.3973424434661865,3.8379411697387695,17.4832706451416,35.89448547363281,2227,9299,782,18.761945724487305,1276,0.572968118545128,526,0.23619218679838347,0,0.0,0,0.33916217455628866,0.9971111111111111,0.9801481430894605,8.0,1.0,0.8493615736244279,0.6966855506665015,0.9509355506665015,0.3347520586123825,0.9239355506665013,0.8483538171779135,False,False,135503,0.1,120.0,preserve_strong_layers,fixed,0.12,0.35,1.0,1.0,1.0,"{""fixed"": 1125}",,False,0.0,0.0,0.0,0,0,0,0,0,0,0,0,0,0,0,0,0,1.0,1.0,1.0,"{""fixed"": 1125}",0,0,0,0,0,0,False,False,,,,,,,0.0,0.0,0.0,0.0,,1.0,1808,1278,530,2.0,0.5,2.6,current_priority_adaptive,11.0,0.25,off,,0.1,fixed,dense,0.35,0.7,0.7,reanalysis,off,unknown,0.0,0.0,0.0,0.0,0,0.0,0.0,0,0,0.0,0.0,0.0,False,1201,14297,0.08400363712666993,679.3685302734375,630.33837890625,11.379157066345215,14.949803352355957,9.267101287841797,8.01101303100586,12.430724143981934,0.08893722295761108,0.05000000074505806,0.27613019943237305,0.7087749242782593,0.6489923596382141,6694.0048828125,,True,False
20260213004200,gaussian,diagnostic_weighted,pydda_3dvar_proxy,diagnostic_adaptive_v3,"8:4,10:5",10,5.0,2,1.0,10.0,default_timepower15_8_4_conservative_v2;low_current_but_stable_context_prefers_10_5,0,450,0.6222571812144269,1.0,0.0,True,10,5.0,2,1.0,1,1,0,450,4923,6.54268035568363,6.54268035568363,1.5473663483829672,6.35706879155326,200669,0.015909538674991328,107926,92743,0.007352896288588276,0,14.66919994354248,84.0315170288086,0.1398785561323166,1.3822336196899414,1.4226348400115967,3.551138401031494,5.998696327209473,23.876436233520508,65.38798522949219,5532,8043,2155,25.35938262939453,2657,0.48029645697758494,1824,0.3297180043383948,2,0.00036153289949385393,0,0.32411782993270427,0.9976666666666666,0.9859644991157098,8.0,1.0,0.8342292232800352,0.7169355506665015,0.9252409071773161,0.36837950382214396,,0.8342292232800352,False,False,92743,0.1,120.0,preserve_strong_layers,fixed,0.12,0.35,1.0,1.0,1.0,"{""fixed"": 450}",,False,0.0,0.0,0.0,0,0,0,0,0,0,0,0,0,0,0,0,0,1.0,1.0,1.0,"{""fixed"": 450}",0,0,0,0,0,0,False,False,,,,,,,0.0,0.0,0.0,0.0,,1.0,4490,2662,1828,2.0,0.5,2.6,current_priority_adaptive,11.0,0.25,off,,0.1,fixed,dense,0.35,0.7,0.7,reanalysis,off,unknown,0.0,0.0,0.0,0.0,0,0.0,0.0,0,0,0.0,0.0,0.0,False,0,0,0.0,0.0,0.0,0.0,0.0,0.0,0.0,0.0,0.0,0.0,0.0,0.0,0.0,0.0,,True,False
20260218021200,gaussian,diagnostic_weighted,pydda_3dvar_proxy,diagnostic_adaptive_v3,"8:4,10:5",8,4.0,2,1.0,8.0,default_timepower15_8_4_conservative_v2,41,752,0.6326769643683926,1.0,0.7534033457527137,True,8,4.0,2,1.0,47,6,41,752,5294,4.192221093531228,3.4543377294631177,-0.28550023446443157,0.402444098841875,216919,0.017197879193300628,121633,95286,0.007554511669392003,0,11.692668914794922,94.73893737792969,0.1402067244052887,1.0262261629104614,1.319265604019165,2.4348344802856445,3.8796682357788086,17.364171981811523,37.863250732421875,1257,4782,611,33.80048751831055,34,0.027048528241845664,307,0.24423229912490055,1,0.0007955449482895784,0,0.32801891982554654,0.9994955863808324,0.9909156979779828,8.0,1.0,0.8475428065132385,0.7169355506665015,0.9509355506665015,0.33879376330391453,0.9021344052244924,0.8445664028600983,False,False,95286,0.1,120.0,preserve_strong_layers,fixed,0.12,0.35,1.0,1.0,1.0,"{""fixed"": 793}",,False,0.0,0.0,0.0,0,0,0,0,0,0,0,0,0,0,0,0,0,1.0,1.0,1.0,"{""fixed"": 793}",0,0,0,0,0,0,False,False,,,,,,,0.0,0.0,0.0,0.0,,1.0,341,34,307,2.0,0.5,2.6,current_priority_adaptive,11.0,0.25,off,,0.1,fixed,dense,0.35,0.7,0.7,reanalysis,off,unknown,0.0,0.0,0.0,0.0,0,0.0,0.0,0,0,0.0,0.0,0.0,False,78,20348,0.0038333005700805977,17.28069305419922,10.41335678100586,15.13214111328125,18.367727279663086,13.254719734191895,10.76930046081543,15.4749116897583,0.24723495543003082,0.05000000074505806,0.4449347257614136,0.0797373354434967,0.545052170753479,10967.9482421875,,True,False
20260221124200,gaussian,diagnostic_weighted,pydda_3dvar_proxy,diagnostic_adaptive_v3,"8:4,10:5",10,5.0,2,1.0,10.0,default_timepower15_8_4_conservative_v2;moderate_current_support_fresh_context_prefers_10_5,14,571,0.5440062707249079,1.0,11.966413187567266,True,10,5.0,2,1.0,17,3,14,571,5223,3.024286687313245,2.7299239160023423,-0.20183577793699334,2.6569091408478274,202763,0.016075556216243,117606,85157,0.006751459293394778,0,18.9865779876709,98.03690338134766,0.1360517293214798,1.6833484172821045,1.8537501096725464,4.1760382652282715,6.955915927886963,31.631017684936523,52.12133026123047,6446,19929,1594,17.321603775024414,1962,0.30437480608129075,1122,0.17406143344709898,10,0.0015513496742165685,0,0.3194289445025005,0.9993162393162394,0.9863065583964082,8.0,1.0,0.8145449642951098,0.7015266883613881,0.8949516932571809,0.4121223015664225,0.855793384885897,0.8135336194820257,False,False,85157,0.1,120.0,preserve_strong_layers,fixed,0.12,0.35,1.0,1.0,1.0,"{""fixed"": 585}",,False,0.0,0.0,0.0,0,0,0,0,0,0,0,0,0,0,0,0,0,1.0,1.0,1.0,"{""fixed"": 585}",0,0,0,0,0,0,False,False,,,,,,,0.0,0.0,0.0,0.0,,1.0,3107,1962,1145,2.0,0.5,2.6,current_priority_adaptive,11.0,0.25,off,,0.1,fixed,dense,0.35,0.7,0.7,reanalysis,off,unknown,0.0,0.0,0.0,0.0,0,0.0,0.0,0,0,0.0,0.0,0.0,False,600,9837,0.060994205550472705,14.996402740478516,10.072778701782227,29.353668212890625,112.982177734375,14.296663284301758,12.322175979614258,16.611631393432617,0.21394577622413635,0.05000000074505806,0.42549896240234375,0.08285173028707504,0.40596985816955566,13230.0,,True,False
20260125124800,gaussian,diagnostic_weighted,pydda_3dvar_proxy,diagnostic_adaptive_v3,"8:4,10:5",8,4.0,2,1.0,8.0,default_timepower15_8_4_conservative_v2,30,601,0.526911809101243,1.0,14.10406615343152,True,8,4.0,2,1.0,35,5,30,601,4761,2.486429423933633,2.314718229623076,0.7505796679611089,-0.5565491047761786,177960,0.014109112531589118,97476,80484,0.00638097220157574,0,17.470834732055664,116.07459259033203,0.12194176018238068,1.7202954292297363,2.0154926776885986,3.876711368560791,6.632839679718018,31.35399055480957,64.24842834472656,10061,14248,2762,18.200687408447266,5236,0.5204254050293211,2405,0.23904184474704304,105,0.010436338336149488,0,0.34647882847509137,0.9949286846275752,0.9811681746462645,8.0,1.0,0.8508053740638363,0.702927128819046,0.9617885684381041,0.3315436131914749,0.936715815533197,0.8465169992816719,False,False,80484,0.1,120.0,preserve_strong_layers,fixed,0.12,0.35,1.0,1.0,1.0,"{""fixed"": 631}",,False,0.0,0.0,0.0,0,0,0,0,0,0,0,0,0,0,0,0,0,1.0,1.0,1.0,"{""fixed"": 631}",0,0,0,0,0,0,False,False,,,,,,,0.0,0.0,0.0,0.0,,1.0,7731,5240,2491,2.0,0.5,2.6,current_priority_adaptive,11.0,0.25,off,,0.1,fixed,dense,0.35,0.7,0.7,reanalysis,off,unknown,0.0,0.0,0.0,0.0,0,0.0,0.0,0,0,0.0,0.0,0.0,False,1685,13830,0.12183658712942878,74.28459930419922,59.24400329589844,25.402267456054688,53.33799362182617,12.352617263793945,7.935339450836182,15.242912292480469,0.16814757883548737,0.05000000074505806,0.38800686597824097,0.13691496849060059,0.4450819790363312,9308.90234375,,True,False
20260130181800,gaussian,diagnostic_weighted,pydda_3dvar_proxy,diagnostic_adaptive_v3,"8:4,10:5",8,4.0,2,1.0,8.0,default_timepower15_8_4_conservative_v2,0,543,0.4941151260637702,0.9994475138121548,0.0,True,8,4.0,2,1.0,1,1,0,543,1003,4.750795345326745,4.750795345326745,3.4801292698091046,3.234000104915925,186320,0.014771914176700858,101827,84493,0.006698815717754323,0,18.035688400268555,220.38558959960938,0.13046321272850037,1.725816249847412,2.103717088699341,3.7859697341918945,6.451468467712402,36.77101516723633,61.2059440612793,6630,14299,2247,26.66131019592285,3714,0.5601809954751131,1696,0.2558069381598793,0,0.0,600,0.3257163565859197,0.9984346224677716,0.9913615412173719,8.0,0.9994475138121548,0.8482098962358557,0.7169355506665015,0.9318235952061992,0.3373113416980983,,0.8482098962358557,False,False,84493,0.1,120.0,preserve_strong_layers,fixed,0.12,0.35,1.0,1.0,1.0,"{""fixed"": 543}",,False,0.0,0.0,0.0,0,0,0,0,0,0,0,0,0,0,0,0,0,1.0,1.0,1.0,"{""fixed"": 543}",0,0,0,0,0,0,False,False,,,,,,,0.0,0.0,0.0,0.0,,1.0,5466,3718,1748,2.0,0.5,2.6,current_priority_adaptive,11.0,0.25,off,,0.1,fixed,dense,0.35,0.7,0.7,reanalysis,off,unknown,0.0,0.0,0.0,0.0,0,0.0,0.0,0,0,0.0,0.0,0.0,False,0,0,0.0,0.0,0.0,0.0,0.0,0.0,0.0,0.0,0.0,0.0,0.0,0.0,0.0,0.0,,True,False
20260202070000,gaussian,diagnostic_weighted,pydda_3dvar_proxy,diagnostic_adaptive_v3,"8:4,10:5",8,4.0,2,1.0,8.0,default_timepower15_8_4_conservative_v2,9,803,0.4550213106402652,1.0,12.719067079765173,True,8,4.0,2,1.0,11,2,9,803,4864,3.9921819008324895,3.862932184291155,-0.5887452627940473,0.9767852478105628,204013,0.016174659333036023,113630,90383,0.007165789604083048,0,11.803495407104492,194.9678192138672,0.12232839316129684,1.3698277473449707,1.8307081460952759,3.2033028602600098,5.209900379180908,22.105148315429688,65.2508773803711,6962,9480,2890,27.50349235534668,1993,0.2862683137029589,1660,0.23843723068083883,0,0.0,755,0.31881224035407524,0.9945197044334975,0.9810048506230418,8.0,1.0,0.8468346930811208,0.6868300944686893,0.9509355506665015,0.34036734870862034,0.9104355506665015,0.8461218565702012,False,False,90383,0.1,120.0,preserve_strong_layers,fixed,0.12,0.35,1.0,1.0,1.0,"{""fixed"": 812}",,False,0.0,0.0,0.0,0,0,0,0,0,0,0,0,0,0,0,0,0,1.0,1.0,1.0,"{""fixed"": 812}",0,0,0,0,0,0,False,False,,,,,,,0.0,0.0,0.0,0.0,,1.0,3724,1992,1732,2.0,0.5,2.6,current_priority_adaptive,11.0,0.25,off,,0.1,fixed,dense,0.35,0.7,0.7,reanalysis,off,unknown,0.0,0.0,0.0,0.0,0,0.0,0.0,0,0,0.0,0.0,0.0,False,263,5449,0.048265736832446324,8.35260009765625,5.792278289794922,16.53890609741211,19.23781394958496,12.03329849243164,10.671663284301758,15.446101188659668,0.13324832916259766,0.05000000074505806,0.40272974967956543,0.09325879067182541,0.3762456178665161,9450.5703125,,True,False
20260205060000,gaussian,diagnostic_weighted,pydda_3dvar_proxy,diagnostic_adaptive_v3,"8:4,10:5",10,5.0,2,1.0,10.0,default_timepower15_8_4_conservative_v2;moderate_current_support_fresh_context_prefers_10_5,14,664,0.5247741319130658,1.0,23.498745909235716,True,10,5.0,2,1.0,17,3,14,664,5165,1.9569499564739878,1.6851911284977394,0.8627117845606017,0.9140053389924302,174427,0.013829007482285318,102725,71702,0.0056847133442346764,0,22.405855178833008,188.4472198486328,0.13116440176963806,2.19584584236145,2.5322277545928955,5.563072681427002,9.05068302154541,43.64065170288086,66.22528076171875,14775,22642,6214,24.08699607849121,3983,0.2695769881556684,1286,0.08703891708967851,1,6.768189509306261e-05,2403,0.3485165228247968,0.9897492625368731,0.9734288814487959,8.0,1.0,0.8440965675143902,0.6704665178235374,0.935676212797931,0.3464520721902437,0.8788221271726737,0.8433644020999085,False,False,71702,0.1,120.0,preserve_strong_layers,fixed,0.12,0.35,1.0,1.0,1.0,"{""fixed"": 678}",,False,0.0,0.0,0.0,0,0,0,0,0,0,0,0,0,0,0,0,0,1.0,1.0,1.0,"{""fixed"": 678}",0,0,0,0,0,0,False,False,,,,,,,0.0,0.0,0.0,0.0,,1.0,5340,3998,1342,2.0,0.5,2.6,current_priority_adaptive,11.0,0.25,off,,0.1,fixed,dense,0.35,0.7,0.7,reanalysis,off,unknown,0.0,0.0,0.0,0.0,0,0.0,0.0,0,0,0.0,0.0,0.0,False,5565,9499,0.5858511422254974,1599.974853515625,1262.8349609375,31.78863525390625,73.29790496826172,13.798335075378418,10.57277774810791,17.12320899963379,0.2736356258392334,0.05000000074505806,0.5039479732513428,0.4132332503795624,0.7597119212150574,13156.962890625,,True,False
20260208152400,gaussian,diagnostic_weighted,pydda_3dvar_proxy,diagnostic_adaptive_v3,"8:4,10:5",10,5.0,2,1.0,10.0,default_timepower15_8_4_conservative_v2;moderate_current_support_fresh_context_prefers_10_5,7,1100,0.5424649410145924,1.0,9.605052120814648,True,10,5.0,2,1.0,8,1,7,1100,4156,2.869488921036536,2.869488921036536,2.6313319694494863,-1.144577972225794,345859,0.027420563896734553,209824,136035,0.010785193994351122,0,12.049650192260742,85.03231811523438,0.16129177808761597,0.939752459526062,1.1414533853530884,2.4178051948547363,3.863856792449951,17.508380889892578,36.05779266357422,2250,9483,792,18.694490432739258,1286,0.5715555555555556,524,0.2328888888888889,0,0.0,0,0.3400855522574597,0.9970641373080398,0.9786236284266598,8.0,1.0,0.8486303036722367,0.6966855506665015,0.9267730482913171,0.33637710295058526,0.8815069792379301,0.8484210884640914,False,False,136035,0.1,120.0,preserve_strong_layers,fixed,0.12,0.35,1.0,1.0,1.0,"{""fixed"": 1107}",,False,0.0,0.0,0.0,0,0,0,0,0,0,0,0,0,0,0,0,0,1.0,1.0,1.0,"{""fixed"": 1107}",0,0,0,0,0,0,False,False,,,,,,,0.0,0.0,0.0,0.0,,1.0,1814,1285,529,2.0,0.5,2.6,current_priority_adaptive,11.0,0.25,off,,0.1,fixed,dense,0.35,0.7,0.7,reanalysis,off,unknown,0.0,0.0,0.0,0.0,0,0.0,0.0,0,0,0.0,0.0,0.0,False,0,8484,0.0,0.0,0.0,5.484570503234863,16.138742446899414,12.769411087036133,8.612054824829102,16.60939598083496,0.21075591444969177,0.05000000074505806,0.4603649377822876,0.38088375329971313,0.6311476826667786,0.0,,True,False
20260213054800,gaussian,diagnostic_weighted,pydda_3dvar_proxy,diagnostic_adaptive_v3,"8:4,10:5",8,4.0,2,1.0,8.0,default_timepower15_8_4_conservative_v2,0,626,0.5214119610919559,1.0,0.0,True,8,4.0,2,1.0,1,1,0,626,5374,4.387359518536605,4.387359518536605,-4.254064192952466,1.0732480548006729,166563,0.01320552995391705,88694,77869,0.006173648481244735,0,13.249706268310547,75.03102111816406,0.12425128370523453,1.2145603895187378,1.5229508876800537,2.5369772911071777,4.3119988441467285,21.63275909423828,33.01955032348633,798,5156,338,25.4356689453125,416,0.5213032581453634,328,0.41102756892230574,2,0.002506265664160401,0,0.3299756676345704,0.998961661341853,0.9781435130723393,8.0,1.0,0.8292960932644478,0.7131536279442223,0.9064893315185443,0.3793420149678935,,0.8292960932644478,False,False,77869,0.1,120.0,preserve_strong_layers,fixed,0.12,0.35,1.0,1.0,1.0,"{""fixed"": 626}",,False,0.0,0.0,0.0,0,0,0,0,0,0,0,0,0,0,0,0,0,1.0,1.0,1.0,"{""fixed"": 626}",0,0,0,0,0,0,False,False,,,,,,,0.0,0.0,0.0,0.0,,1.0,745,416,329,2.0,0.5,2.6,current_priority_adaptive,11.0,0.25,off,,0.1,fixed,dense,0.35,0.7,0.7,reanalysis,off,unknown,0.0,0.0,0.0,0.0,0,0.0,0.0,0,0,0.0,0.0,0.0,False,0,0,0.0,0.0,0.0,0.0,0.0,0.0,0.0,0.0,0.0,0.0,0.0,0.0,0.0,0.0,,True,False
20260218034200,gaussian,diagnostic_weighted,pydda_3dvar_proxy,diagnostic_adaptive_v3,"8:4,10:5",8,4.0,2,1.0,8.0,default_timepower15_8_4_conservative_v2,28,918,0.5846742785773141,1.0,9.677280330691927,True,8,4.0,2,1.0,33,5,28,918,5080,21.012177426466657,17.556920705380882,-6.7908172485084135,-3.025285324842314,229741,0.018214439324116743,130737,99004,0.007849283979981171,0,12.096070289611816,92.62666320800781,0.14159047603607178,1.1005417108535767,1.400464415550232,2.5296216011047363,4.070002555847168,18.716236114501953,37.539344787597656,1321,5991,661,34.87495422363281,125,0.09462528387585163,389,0.29447388342165026,10,0.00757002271006813,0,0.3306830251219249,0.999154334038055,0.9842551807445611,8.0,1.0,0.8439433566834107,0.6954724008548216,0.9257933835488579,0.34679254070353194,0.8833933159378307,0.842740089952339,False,False,99004,0.1,120.0,preserve_strong_layers,fixed,0.12,0.35,1.0,1.0,1.0,"{""fixed"": 946}",,False,0.0,0.0,0.0,0,0,0,0,0,0,0,0,0,0,0,0,0,1.0,1.0,1.0,"{""fixed"": 946}",0,0,0,0,0,0,False,False,,,,,,,0.0,0.0,0.0,0.0,,1.0,514,125,389,2.0,0.5,2.6,current_priority_adaptive,11.0,0.25,off,,0.1,fixed,dense,0.35,0.7,0.7,reanalysis,off,unknown,0.0,0.0,0.0,0.0,0,0.0,0.0,0,0,0.0,0.0,0.0,False,2166,15531,0.13946300946494108,138.48733520507812,117.45289611816406,30.289705276489258,79.23904418945312,13.249502182006836,10.878232955932617,15.897069931030273,0.22187994420528412,0.05000000074505806,0.47513025999069214,0.4676843583583832,0.7235453724861145,12182.5947265625,,True,False
20260221181800,gaussian,diagnostic_weighted,pydda_3dvar_proxy,diagnostic_adaptive_v3,"8:4,10:5",8,4.0,2,1.0,8.0,default_timepower15_8_4_conservative_v2,1,348,0.4906376276513492,1.0,36.77679309155546,True,8,4.0,2,1.0,2,1,1,348,805,14.540923122341546,14.540923122341546,-14.482847890292078,1.2982920459239367,166447,0.013196333184678659,82606,83841,0.006647123532035082,0,19.1390438079834,98.0403823852539,0.12256360054016113,1.8622119426727295,2.1183125972747803,4.306910991668701,7.340417861938477,35.99483108520508,60.89149856567383,11411,17514,2090,13.870195388793945,4115,0.36061694855840853,1705,0.14941722898957147,7,0.000613443168872141,0,0.30874625790888294,0.9994269340974212,0.9958494623247804,8.0,1.0,0.8068574402170114,0.719764122095073,0.9059355506665014,0.4292056884066412,0.81760697923793,0.8068265507370662,False,False,83841,0.1,120.0,preserve_strong_layers,fixed,0.12,0.35,1.0,1.0,1.0,"{""fixed"": 349}",,False,0.0,0.0,0.0,0,0,0,0,0,0,0,0,0,0,0,0,0,1.0,1.0,1.0,"{""fixed"": 349}",0,0,0,0,0,0,False,False,,,,,,,0.0,0.0,0.0,0.0,,1.0,5858,4119,1739,2.0,0.5,2.6,current_priority_adaptive,11.0,0.25,off,,0.1,fixed,dense,0.35,0.7,0.7,reanalysis,off,unknown,0.0,0.0,0.0,0.0,0,0.0,0.0,0,0,0.0,0.0,0.0,False,1098,1409,0.7792760823278921,164.3207550048828,121.28196716308594,62.33504104614258,105.84329986572266,12.991302490234375,10.29427433013916,15.249944686889648,0.23493638634681702,0.05000000074505806,0.42009252309799194,0.38821905851364136,0.6886414289474487,12116.5751953125,,True,False
20260126011800,gaussian,diagnostic_weighted,pydda_3dvar_proxy,diagnostic_adaptive_v3,"8:4,10:5",8,4.0,2,1.0,8.0,default_timepower15_8_4_conservative_v2;moderate_current_support_fresh_context_prefers_10_5;v3_low_error_guard_prefers_8_4,7,645,0.5379520783973917,1.0,14.889698913606635,True,8,4.0,2,1.0,9,2,7,645,4866,2.254157485965041,2.223582518383891,1.516889120512277,-0.3240018670524162,202103,0.016023229770576283,102626,99477,0.00788678459937565,0,13.814568519592285,102.20526885986328,0.12886054813861847,1.4169402122497559,1.5842111110687256,3.311366081237793,5.589164733886719,27.94304084777832,69.5718002319336,9425,11635,2495,19.784894943237305,2555,0.2710875331564987,1441,0.15289124668435014,0,0.0,0,0.35280705054677997,0.9940950920245398,0.9846925051611157,8.0,1.0,0.8549605145845357,0.7169355506665015,0.9509355506665015,0.32230996758992053,0.9509355506665014,0.8539189250456617,False,False,99477,0.1,120.0,preserve_strong_layers,fixed,0.12,0.35,1.0,1.0,1.0,"{""fixed"": 652}",,False,0.0,0.0,0.0,0,0,0,0,0,0,0,0,0,0,0,0,0,1.0,1.0,1.0,"{""fixed"": 652}",0,0,0,0,0,0,False,False,,,,,,,0.0,0.0,0.0,0.0,,1.0,4016,2556,1460,2.0,0.5,2.6,current_priority_adaptive,11.0,0.25,off,,0.1,fixed,dense,0.35,0.7,0.7,reanalysis,off,unknown,0.0,0.0,0.0,0.0,0,0.0,0.0,0,0,0.0,0.0,0.0,False,493,2725,0.18091743119266054,34.9444580078125,31.720060348510742,21.621946334838867,239.43411254882812,11.362539291381836,8.854269027709961,13.506885528564453,0.21534058451652527,0.05000000074505806,0.41519853472709656,0.4175943434238434,0.8065617680549622,7254.56396484375,,True,False
20260131034200,gaussian,diagnostic_weighted,pydda_3dvar_proxy,diagnostic_adaptive_v3,"8:4,10:5",8,4.0,2,1.0,8.0,default_timepower15_8_4_conservative_v2,25,1089,0.6112601415639473,1.0,3.5434158415542587,True,8,4.0,2,1.0,29,4,25,1089,4851,2.8870946694243775,2.6987901366288343,0.11713537673782426,1.3214537826266812,248297,0.019685605272285814,146646,101651,0.008059144740102076,0,16.636154174804688,168.25830078125,0.1426440179347992,1.4647754430770874,1.8425832986831665,3.3638994693756104,5.49221658706665,27.996458053588867,51.963958740234375,7775,15602,2459,20.132780075073242,2911,0.3744051446945338,1463,0.18816720257234726,9,0.0011575562700964631,290,0.3493455975690103,0.9951077199281867,0.9728853043867923,8.0,1.0,0.8499390359744985,0.6723546627613178,0.9768235952061991,0.33346880894555897,0.8923872386713134,0.8489645593285661,False,False,101651,0.1,120.0,preserve_strong_layers,fixed,0.12,0.35,1.0,1.0,1.0,"{""fixed"": 1114}",,False,0.0,0.0,0.0,0,0,0,0,0,0,0,0,0,0,0,0,0,1.0,1.0,1.0,"{""fixed"": 1114}",0,0,0,0,0,0,False,False,,,,,,,0.0,0.0,0.0,0.0,,1.0,4485,2919,1566,2.0,0.5,2.6,current_priority_adaptive,11.0,0.25,off,,0.1,fixed,dense,0.35,0.7,0.7,reanalysis,off,unknown,0.0,0.0,0.0,0.0,0,0.0,0.0,0,0,0.0,0.0,0.0,False,1950,11768,0.16570360299116246,301.6173095703125,231.21942138671875,32.39925003051758,61.44445037841797,13.772705078125,10.747919082641602,16.874820709228516,0.25463682413101196,0.05000000074505806,0.4920412003993988,0.3685665726661682,0.6984046101570129,12736.154296875,,True,False
20260202114800,gaussian,diagnostic_weighted,pydda_3dvar_proxy,diagnostic_adaptive_v3,"8:4,10:5",10,5.0,2,1.0,10.0,default_timepower15_8_4_conservative_v2;moderate_current_support_fresh_context_prefers_10_5,10,724,0.5797963795671388,1.0,5.427297693606407,True,10,5.0,2,1.0,12,2,10,724,4727,3.0267344485335945,2.812789033964146,-0.19277486766066732,1.9354689280378903,197199,0.015634428422773895,119320,77879,0.00617444130617908,0,11.72608757019043,113.66752624511719,0.13963286578655243,1.1777602434158325,1.2674509286880493,2.9679548740386963,4.8552422523498535,26.730464935302734,41.79369354248047,3544,10438,771,15.004692077636719,1832,0.5169300225733634,629,0.17748306997742663,22,0.006207674943566591,0,0.3349291489663489,0.9994550408719346,0.9799583113410029,8.0,1.0,0.856110905033847,0.7077701024183525,0.9262108158694445,0.31975354436922865,0.8861355506665015,0.8556961999836724,False,False,77879,0.1,120.0,preserve_strong_layers,fixed,0.12,0.35,1.0,1.0,1.0,"{""fixed"": 734}",,False,0.0,0.0,0.0,0,0,0,0,0,0,0,0,0,0,0,0,0,1.0,1.0,1.0,"{""fixed"": 734}",0,0,0,0,0,0,False,False,,,,,,,0.0,0.0,0.0,0.0,,1.0,2463,1833,630,2.0,0.5,2.6,current_priority_adaptive,11.0,0.25,off,,0.1,fixed,dense,0.35,0.7,0.7,reanalysis,off,unknown,0.0,0.0,0.0,0.0,0,0.0,0.0,0,0,0.0,0.0,0.0,False,621,9731,0.06381666837940603,304.6762390136719,204.86566162109375,17.264680862426758,39.655399322509766,13.404204368591309,10.913555145263672,16.380163192749023,0.2808131277561188,0.05000000074505806,0.4556886851787567,0.2716882526874542,0.7196343541145325,11852.6572265625,,True,False
20260205135400,gaussian,diagnostic_weighted,pydda_3dvar_proxy,diagnostic_adaptive_v3,"8:4,10:5",10,5.0,2,1.0,10.0,default_timepower15_8_4_conservative_v2;moderate_current_support_fresh_context_prefers_10_5,15,658,0.584288688431963,1.0,6.139228556894969,True,10,5.0,2,1.0,18,3,15,658,4894,6.158781795479161,5.83127304053567,1.3914221897027899,1.100421106213882,202551,0.016058748327634903,118860,83691,0.006635231158019919,0,18.697856903076172,124.07316589355469,0.1385379433631897,1.7398416996002197,1.9406131505966187,4.1406755447387695,7.019219398498535,37.45892333984375,72.06861114501953,14472,18046,2795,15.493735313415527,8314,0.5744886677722498,2396,0.16556108347153123,0,0.0,154,0.3463399392688153,0.9891530460624071,0.9771749563085376,8.0,1.0,0.8451871750397572,0.6831618362241401,0.9509355506665015,0.3440284999116512,0.8860412649522155,0.844255850801631,False,False,83691,0.1,120.0,preserve_strong_layers,fixed,0.12,0.35,1.0,1.0,1.0,"{""fixed"": 673}",,False,0.0,0.0,0.0,0,0,0,0,0,0,0,0,0,0,0,0,0,1.0,1.0,1.0,"{""fixed"": 673}",0,0,0,0,0,0,False,False,,,,,,,0.0,0.0,0.0,0.0,,1.0,10746,8317,2429,2.0,0.5,2.6,current_priority_adaptive,11.0,0.25,off,,0.1,fixed,dense,0.35,0.7,0.7,reanalysis,off,unknown,0.0,0.0,0.0,0.0,0,0.0,0.0,0,0,0.0,0.0,0.0,False,1488,11056,0.1345875542691751,176.24588012695312,129.8905487060547,33.07143783569336,73.48983764648438,13.091535568237305,10.207836151123047,15.134881973266602,0.23329053819179535,0.05000000074505806,0.4024786651134491,0.1623573899269104,0.5784936547279358,10861.8955078125,,True,False
20260209030600,gaussian,diagnostic_weighted,pydda_3dvar_proxy,diagnostic_adaptive_v3,"8:4,10:5",8,4.0,2,1.0,8.0,default_timepower15_8_4_conservative_v2,36,1142,0.586925338124489,0.9999151103565366,3.3070585368666494,True,8,4.0,2,1.0,42,6,36,1142,5068,3.6114189509503034,3.226064265206576,-0.3427705935515248,-1.1364421268646867,247881,0.019652623755017095,145116,102765,0.008147465437788019,0,18.427722930908203,126.52332305908203,0.13574858009815216,1.561302900314331,2.062058210372925,3.3006203174591064,5.3364715576171875,25.682598114013672,53.98031997680664,3481,12888,1634,35.153038024902344,834,0.23958632576845734,882,0.2533754668198793,5,0.0014363688595231256,469,0.340283344298783,0.9992784380305604,0.9693888103978168,8.0,0.9999151103565366,0.8449588786616595,0.703154652820602,0.9617885684381041,0.3445358251963121,0.9153833214001915,0.8427388436891664,False,False,102765,0.1,120.0,preserve_strong_layers,fixed,0.12,0.35,1.0,1.0,1.0,"{""fixed"": 1178}",,False,0.0,0.0,0.0,0,0,0,0,0,0,0,0,0,0,0,0,0,1.0,1.0,1.0,"{""fixed"": 1178}",0,0,0,0,0,0,False,False,,,,,,,0.0,0.0,0.0,0.0,,1.0,1719,834,885,2.0,0.5,2.6,current_priority_adaptive,11.0,0.25,off,,0.1,fixed,dense,0.35,0.7,0.7,reanalysis,off,unknown,0.0,0.0,0.0,0.0,0,0.0,0.0,0,0,0.0,0.0,0.0,False,3304,17649,0.18720607399852682,1235.198486328125,1110.13232421875,13.996828079223633,31.964855194091797,10.22776985168457,7.966525077819824,13.878898620605469,0.12632381916046143,0.05000000074505806,0.3929068446159363,0.49320536851882935,0.6230477094650269,6143.61376953125,,True,False
20260213101800,gaussian,diagnostic_weighted,pydda_3dvar_proxy,diagnostic_adaptive_v3,"8:4,10:5",10,5.0,2,1.0,10.0,default_timepower15_8_4_conservative_v2;moderate_current_support_fresh_context_prefers_10_5,14,675,0.5201782886098525,0.9997822931785196,11.409488375325354,True,10,5.0,2,1.0,16,2,14,675,5144,5.013682658494471,4.932926607136826,-3.76087274096726,-1.7803559787632501,172097,0.013644279272583123,103560,68537,0.005433784252514741,0,15.675958633422852,185.16067504882812,0.13168953359127045,1.2294648885726929,1.5574610233306885,2.751932144165039,4.596612453460693,21.715349197387695,36.4084358215332,1062,6468,895,59.61730194091797,2,0.0018832391713747645,462,0.4350282485875706,33,0.031073446327683617,280,0.32635686255709684,0.9968795355587808,0.9815656458151536,8.0,0.9997822931785196,0.828385968088063,0.6825935526152108,0.9104355506665015,0.3813645153598601,0.8739304486256853,0.8274413418250605,False,False,68537,0.1,120.0,preserve_strong_layers,fixed,0.12,0.35,1.0,1.0,1.0,"{""fixed"": 689}",,False,0.0,0.0,0.0,0,0,0,0,0,0,0,0,0,0,0,0,0,1.0,1.0,1.0,"{""fixed"": 689}",0,0,0,0,0,0,False,False,,,,,,,0.0,0.0,0.0,0.0,,1.0,463,2,461,2.0,0.5,2.6,current_priority_adaptive,11.0,0.25,off,,0.1,fixed,dense,0.35,0.7,0.7,reanalysis,off,unknown,0.0,0.0,0.0,0.0,0,0.0,0.0,0,0,0.0,0.0,0.0,False,1115,14210,0.0784658691062632,147.8288116455078,112.68312072753906,16.968761444091797,31.672786712646484,13.902352333068848,9.779308319091797,16.128860473632812,0.23279859125614166,0.05000000074505806,0.3865068256855011,0.31273218989372253,0.5870789885520935,13447.0849609375,,True,False
20260218065400,gaussian,diagnostic_weighted,pydda_3dvar_proxy,diagnostic_adaptive_v3,"8:4,10:5",10,5.0,2,1.0,10.0,default_timepower15_8_4_conservative_v2;moderate_current_support_fresh_context_prefers_10_5,9,1078,0.5216232317293188,1.0,8.168051357622325,True,10,5.0,2,1.0,11,2,9,1078,5132,2.850458732384242,2.6527596836483944,0.4105051565589697,-2.498447244021678,280956,0.022274892225360488,174949,106007,0.008404499281502404,0,13.536433219909668,92.90000915527344,0.15074971318244934,1.032361388206482,1.2703920602798462,2.549783229827881,4.097052574157715,17.95840072631836,28.562423706054688,929,5091,651,47.70425796508789,169,0.18191603875134554,620,0.667384284176534,0,0.0,0,0.3283001565644116,0.9984820607175712,0.9842880073691548,8.0,1.0,0.838592548971548,0.6678715087990338,0.9617885684381041,0.3586832245076712,0.9421985843871558,0.8377275635181708,False,False,106007,0.1,120.0,preserve_strong_layers,fixed,0.12,0.35,1.0,1.0,1.0,"{""fixed"": 1087}",,False,0.0,0.0,0.0,0,0,0,0,0,0,0,0,0,0,0,0,0,1.0,1.0,1.0,"{""fixed"": 1087}",0,0,0,0,0,0,False,False,,,,,,,0.0,0.0,0.0,0.0,,1.0,789,169,620,2.0,0.5,2.6,current_priority_adaptive,11.0,0.25,off,,0.1,fixed,dense,0.35,0.7,0.7,reanalysis,off,unknown,0.0,0.0,0.0,0.0,0,0.0,0.0,0,0,0.0,0.0,0.0,False,627,6904,0.09081691772885284,152.62265014648438,108.62132263183594,16.063535690307617,22.357101440429688,13.3013277053833,12.082945823669434,14.63492202758789,0.26421910524368286,0.17570526897907257,0.37418290972709656,0.049929555505514145,0.5608871579170227,10989.6328125,,True,False
20260222004800,gaussian,diagnostic_weighted,pydda_3dvar_proxy,diagnostic_adaptive_v3,"8:4,10:5",10,5.0,2,1.0,10.0,default_timepower15_8_4_conservative_v2;moderate_current_support_fresh_context_prefers_10_5,12,469,0.6064758735329223,0.9993762993762995,14.508498783699032,True,10,5.0,2,1.0,14,2,12,469,5161,5.650037914799007,4.647477107083406,1.4092554004050273,-3.702844575623593,225139,0.017849581289331548,123431,101708,0.008063663842227838,0,14.533794403076172,220.31686401367188,0.1357293426990509,1.2812663316726685,1.5158872604370117,3.240877389907837,5.3044047355651855,21.41563606262207,55.495452880859375,7336,9407,1484,20.055009841918945,2405,0.32783533260632497,1163,0.15853326063249729,1,0.00013631406761177754,958,0.32519184688027847,0.9945945945945945,0.9814224873571484,8.0,0.9993762993762995,0.8254300604248019,0.6879517053757241,0.91840697923793,0.3879331990559954,0.8761926935236443,0.8241312297271771,False,False,101708,0.1,120.0,preserve_strong_layers,fixed,0.12,0.35,1.0,1.0,1.0,"{""fixed"": 481}",,False,0.0,0.0,0.0,0,0,0,0,0,0,0,0,0,0,0,0,0,1.0,1.0,1.0,"{""fixed"": 481}",0,0,0,0,0,0,False,False,,,,,,,0.0,0.0,0.0,0.0,,1.0,3562,2401,1161,2.0,0.5,2.6,current_priority_adaptive,11.0,0.25,off,,0.1,fixed,dense,0.35,0.7,0.7,reanalysis,off,unknown,0.0,0.0,0.0,0.0,0,0.0,0.0,0,0,0.0,0.0,0.0,False,1356,11670,0.11619537275064268,271.8281555175781,215.58956909179688,17.267974853515625,31.643232345581055,12.067234992980957,8.763562202453613,16.486492156982422,0.24744834005832672,0.05000000074505806,0.4586591422557831,0.2097654491662979,0.699137806892395,8922.935546875,,True,False
20260126024200,gaussian,diagnostic_weighted,pydda_3dvar_proxy,diagnostic_adaptive_v3,"8:4,10:5",10,5.0,2,1.0,10.0,default_timepower15_8_4_conservative_v2;moderate_current_support_fresh_context_prefers_10_5,7,682,0.5599435090338908,1.0,11.002535421896148,True,10,5.0,2,1.0,9,2,7,682,4665,1.1815876089542254,1.1301481570030092,-0.9070257007309381,-0.06017877976716912,251976,0.01997728556563104,136509,115467,0.009154511669392002,0,13.980039596557617,111.19905090332031,0.1389433890581131,1.3118767738342285,1.3564093112945557,3.2075061798095703,5.427299499511719,25.60340690612793,69.55532836914062,9109,12894,2325,19.38425636291504,3335,0.3661214183774289,1842,0.2022175870018663,4,0.000439126138983423,0,0.359158389275261,0.9953555878084179,0.9736407658021657,8.0,1.0,0.8562717139215725,0.7065708993805703,0.9617885684381041,0.3193961912853943,0.9409145532053017,0.8554029457764315,False,False,115467,0.1,120.0,preserve_strong_layers,fixed,0.12,0.35,1.0,1.0,1.0,"{""fixed"": 689}",,False,0.0,0.0,0.0,0,0,0,0,0,0,0,0,0,0,0,0,0,1.0,1.0,1.0,"{""fixed"": 689}",0,0,0,0,0,0,False,False,,,,,,,0.0,0.0,0.0,0.0,,1.0,5199,3336,1863,2.0,0.5,2.6,current_priority_adaptive,11.0,0.25,off,,0.1,fixed,dense,0.35,0.7,0.7,reanalysis,off,unknown,0.0,0.0,0.0,0.0,0,0.0,0.0,0,0,0.0,0.0,0.0,False,830,6425,0.12918287937743192,109.8044662475586,92.9280014038086,16.243467330932617,23.877225875854492,11.401132583618164,8.640966415405273,13.234914779663086,0.20490027964115143,0.05000000074505806,0.32396215200424194,0.3059051036834717,0.6966630220413208,8166.26513671875,,True,False
20260131042400,gaussian,diagnostic_weighted,pydda_3dvar_proxy,diagnostic_adaptive_v3,"8:4,10:5",8,4.0,2,1.0,8.0,default_timepower15_8_4_conservative_v2,19,1135,0.602126984597927,1.0,25.487256826871626,True,8,4.0,2,1.0,22,3,19,1135,4894,3.645837155956473,2.884568467986224,-1.3924768925732909,0.008563751757894996,249069,0.019746811357217186,147057,102012,0.008087765720231902,0,16.512529373168945,168.25965881347656,0.14317287504673004,1.4730223417282104,1.9004727602005005,3.3687493801116943,5.494569778442383,27.89557647705078,51.96297836303711,7628,15474,2414,20.523584365844727,2872,0.3765076035658102,1458,0.19113791295228108,6,0.0007865757734661773,337,0.3510537126709941,0.9952772963604852,0.9708433164917201,8.0,1.0,0.8505562682463894,0.679142944427409,0.9509355506665015,0.33209718167469016,0.928404506489067,0.8492530818793314,False,False,102012,0.1,120.0,preserve_strong_layers,fixed,0.12,0.35,1.0,1.0,1.0,"{""fixed"": 1154}",,False,0.0,0.0,0.0,0,0,0,0,0,0,0,0,0,0,0,0,0,1.0,1.0,1.0,"{""fixed"": 1154}",0,0,0,0,0,0,False,False,,,,,,,0.0,0.0,0.0,0.0,,1.0,4437,2876,1561,2.0,0.5,2.6,current_priority_adaptive,11.0,0.25,off,,0.1,fixed,dense,0.35,0.7,0.7,reanalysis,off,unknown,0.0,0.0,0.0,0.0,0,0.0,0.0,0,0,0.0,0.0,0.0,False,8038,12400,0.6482258064516129,3555.609375,2894.1171875,32.095279693603516,73.8836898803711,12.05042839050293,8.330707550048828,16.712106704711914,0.21344128251075745,0.05000000074505806,0.450450599193573,0.37691715359687805,0.7024678587913513,9108.609375,,True,False
20260202123000,gaussian,diagnostic_weighted,pydda_3dvar_proxy,diagnostic_adaptive_v3,"8:4,10:5",8,4.0,2,1.0,8.0,default_timepower15_8_4_conservative_v2,26,689,0.605881238539749,1.0,4.14559597055207,True,8,4.0,2,1.0,30,4,26,689,5076,26.093003718284276,15.98887772399724,-1.926571915896536,15.358946550953029,158474,0.012564213864526039,90340,68134,0.005401833407660671,0,12.169045448303223,114.45443725585938,0.13032197952270508,1.3304312229156494,1.515624761581421,3.1989641189575195,5.196846008300781,31.717756271362305,48.04597473144531,3619,9789,1059,18.397008895874023,1444,0.39900525006907983,477,0.13180436584691904,13,0.003592152528322741,0,0.32796466446043565,0.9994405594405594,0.9858329267595144,8.0,1.0,0.8591148619568825,0.7131579651472573,0.9509355506665015,0.3130780845402615,0.8833564297873805,0.8582000858123352,False,False,68134,0.1,120.0,preserve_strong_layers,fixed,0.12,0.35,1.0,1.0,1.0,"{""fixed"": 715}",,False,0.0,0.0,0.0,0,0,0,0,0,0,0,0,0,0,0,0,0,1.0,1.0,1.0,"{""fixed"": 715}",0,0,0,0,0,0,False,False,,,,,,,0.0,0.0,0.0,0.0,,1.0,1926,1449,477,2.0,0.5,2.6,current_priority_adaptive,11.0,0.25,off,,0.1,fixed,dense,0.35,0.7,0.7,reanalysis,off,unknown,0.0,0.0,0.0,0.0,0,0.0,0.0,0,0,0.0,0.0,0.0,False,5042,15054,0.33492759399495153,510.6424560546875,434.27630615234375,41.28717041015625,103.968017578125,12.616140365600586,8.035369873046875,16.297277450561523,0.19756324589252472,0.05000000074505806,0.442527711391449,0.3629615604877472,0.6177268028259277,11134.2724609375,,True,False
20260205141200,gaussian,diagnostic_weighted,pydda_3dvar_proxy,diagnostic_adaptive_v3,"8:4,10:5",10,5.0,2,1.0,10.0,default_timepower15_8_4_conservative_v2;moderate_current_support_fresh_context_prefers_10_5,14,661,0.5871648829285566,1.0,10.561068590660625,True,10,5.0,2,1.0,16,2,14,661,4903,4.274195906981837,3.8069223564054657,2.0024853712469657,-2.5691912204808203,199905,0.01584896685000743,118093,81812,0.006486259352856647,0,18.950162887573242,124.07319641113281,0.1363464891910553,1.7443569898605347,1.9521764516830444,4.184642791748047,7.074952602386475,37.553340911865234,72.0688705444336,14045,17649,2768,15.953800201416016,7896,0.5621929512281951,2356,0.16774652901388395,0,0.0,154,0.34464910451712466,0.9891851851851853,0.9770609872505505,8.0,1.0,0.844727241446971,0.6849838655887693,0.9509355506665015,0.3450505745622865,0.8931059588297667,0.8437025787489997,False,False,81812,0.1,120.0,preserve_strong_layers,fixed,0.12,0.35,1.0,1.0,1.0,"{""fixed"": 675}",,False,0.0,0.0,0.0,0,0,0,0,0,0,0,0,0,0,0,0,0,1.0,1.0,1.0,"{""fixed"": 675}",0,0,0,0,0,0,False,False,,,,,,,0.0,0.0,0.0,0.0,,1.0,10293,7902,2391,2.0,0.5,2.6,current_priority_adaptive,11.0,0.25,off,,0.1,fixed,dense,0.35,0.7,0.7,reanalysis,off,unknown,0.0,0.0,0.0,0.0,0,0.0,0.0,0,0,0.0,0.0,0.0,False,770,14316,0.05378597373568036,137.03482055664062,102.38682556152344,22.992420196533203,56.493614196777344,13.914385795593262,10.840888977050781,16.6849308013916,0.2860563099384308,0.05000000074505806,0.4387466013431549,0.18290944397449493,0.6483903527259827,12425.32421875,,True,False
20260209044800,gaussian,diagnostic_weighted,pydda_3dvar_proxy,diagnostic_adaptive_v3,"8:4,10:5",8,4.0,2,1.0,8.0,default_timepower15_8_4_conservative_v2,49,1410,0.5212506450984095,0.9998629198080877,4.066834114274886,True,8,4.0,2,1.0,56,7,49,1410,5138,4.429726429878113,3.3735519997847447,1.1882511537635387,1.4065054236153105,267097,0.02117611614885288,161196,105901,0.008396095337198355,0,19.163249969482422,141.1890869140625,0.13630324602127075,1.6573987007141113,2.161588191986084,3.55824613571167,5.739532947540283,27.45690155029297,53.61082077026367,3473,15559,1668,37.35752487182617,628,0.18082349553699972,824,0.23725885401670027,5,0.0014396775122372588,598,0.34526964887941825,0.9976353666895134,0.9669233150973867,8.0,0.9998629198080877,0.8410749154723733,0.6690770740090219,0.9768235952061991,0.35316685450583674,0.8977677245071378,0.8391047398392505,False,False,105901,0.1,120.0,preserve_strong_layers,fixed,0.12,0.35,1.0,1.0,1.0,"{""fixed"": 1459}",,False,0.0,0.0,0.0,0,0,0,0,0,0,0,0,0,0,0,0,0,1.0,1.0,1.0,"{""fixed"": 1459}",0,0,0,0,0,0,False,False,,,,,,,0.0,0.0,0.0,0.0,,1.0,1458,628,830,2.0,0.5,2.6,current_priority_adaptive,11.0,0.25,off,,0.1,fixed,dense,0.35,0.7,0.7,reanalysis,off,unknown,0.0,0.0,0.0,0.0,0,0.0,0.0,0,0,0.0,0.0,0.0,False,6431,22058,0.29154955118324416,2538.419921875,2149.887939453125,23.33994483947754,42.61345291137695,11.43256664276123,8.063850402832031,15.368980407714844,0.1829804927110672,0.05000000074505806,0.415532648563385,0.33889472484588623,0.6313292980194092,8519.359375,,True,False
20260213130000,gaussian,diagnostic_weighted,pydda_3dvar_proxy,diagnostic_adaptive_v3,"8:4,10:5",10,5.0,2,1.0,10.0,default_timepower15_8_4_conservative_v2;moderate_current_support_fresh_context_prefers_10_5,9,594,0.6053421036280583,0.9997512437810946,11.417809304250206,True,10,5.0,2,1.0,11,2,9,594,5271,2.9746035991112585,2.708503758451645,0.5912610448999489,1.8294602902566695,163945,0.012997968386105743,98923,65022,0.00515510628809276,0,18.53235626220703,185.177978515625,0.14085401594638824,1.608629584312439,1.8696235418319702,3.720708131790161,6.191225051879883,28.887975692749023,79.524658203125,6903,10838,2433,26.84518814086914,3416,0.49485730841663045,1678,0.24308271765898884,11,0.0015935100680863393,1248,0.32428865856251204,0.9878109452736318,0.9875428147477053,8.0,0.9997512437810946,0.8277846650947269,0.6717635958291424,0.9104355506665015,0.3827007442339402,0.8869355506665014,0.8268884395557606,False,False,65022,0.1,120.0,preserve_strong_layers,fixed,0.12,0.35,1.0,1.0,1.0,"{""fixed"": 603}",,False,0.0,0.0,0.0,0,0,0,0,0,0,0,0,0,0,0,0,0,1.0,1.0,1.0,"{""fixed"": 603}",0,0,0,0,0,0,False,False,,,,,,,0.0,0.0,0.0,0.0,,1.0,5096,3417,1679,2.0,0.5,2.6,current_priority_adaptive,11.0,0.25,off,,0.1,fixed,dense,0.35,0.7,0.7,reanalysis,off,unknown,0.0,0.0,0.0,0.0,0,0.0,0.0,0,0,0.0,0.0,0.0,False,1538,12830,0.11987529228371005,340.34967041015625,262.4606018066406,16.383155822753906,33.667903900146484,13.342865943908691,9.598906517028809,16.214956283569336,0.256247878074646,0.05000000074505806,0.4822314381599426,0.2429218888282776,0.6557466387748718,11558.8427734375,,True,False
20260218073000,gaussian,diagnostic_weighted,pydda_3dvar_proxy,diagnostic_adaptive_v3,"8:4,10:5",10,5.0,2,1.0,10.0,default_timepower15_8_4_conservative_v2;moderate_current_support_fresh_context_prefers_10_5,14,1084,0.5185873751524117,1.0,7.5188791204638825,True,10,5.0,2,1.0,17,3,14,1084,4802,3.1883483830871837,2.881497072692095,1.3425566842401846,-1.3799079885844643,279926,0.022193231257123035,175399,104527,0.008287161191219463,0,13.820195198059082,93.02104187011719,0.15042942762374878,1.0707707405090332,1.2970428466796875,2.5557849407196045,4.187485694885254,18.305418014526367,29.80979347229004,1117,5263,699,44.2757682800293,176,0.1575649059982095,649,0.5810205908683975,453,0.40555058191584603,0,0.33043450748998854,0.9959927140255008,0.9815964314237782,8.0,1.0,0.8369135922757173,0.6660772932395637,0.9509355506665015,0.3624142393872949,0.8924722853603789,0.836196044579052,False,False,104527,0.1,120.0,preserve_strong_layers,fixed,0.12,0.35,1.0,1.0,1.0,"{""fixed"": 1098}",,False,0.0,0.0,0.0,0,0,0,0,0,0,0,0,0,0,0,0,0,1.0,1.0,1.0,"{""fixed"": 1098}",0,0,0,0,0,0,False,False,,,,,,,0.0,0.0,0.0,0.0,,1.0,825,176,649,2.0,0.5,2.6,current_priority_adaptive,11.0,0.25,off,,0.1,fixed,dense,0.35,0.7,0.7,reanalysis,off,unknown,0.0,0.0,0.0,0.0,0,0.0,0.0,0,0,0.0,0.0,0.0,False,3261,15023,0.21706716368235374,33.93674087524414,23.95596694946289,48.712127685546875,63.6397590637207,13.370613098144531,9.265443801879883,15.662139892578125,0.16028037667274475,0.05000000074505806,0.41491326689720154,0.23705735802650452,0.4114978015422821,12447.869140625,,True,False
20260222030600,gaussian,diagnostic_weighted,pydda_3dvar_proxy,diagnostic_adaptive_v3,"8:4,10:5",8,4.0,2,1.0,8.0,default_timepower15_8_4_conservative_v2,30,560,0.6142197253333995,0.999322033898305,4.128222798819191,True,8,4.0,2,1.0,35,5,30,560,5009,5.15506706865248,3.8414844502635836,1.4641527293038745,-2.4577932228724615,194730,0.015438679946484317,103840,90890,0.007205985828254298,0,14.793821334838867,220.2618865966797,0.12008427083492279,1.4763156175613403,1.8098317384719849,3.3757164478302,5.573144912719727,26.626636505126953,60.864097595214844,7562,10143,2035,21.58513832092285,2193,0.2900026448029622,1271,0.16807722824649562,5,0.0006612007405448294,409,0.32404685417571644,0.996779661016949,0.9809777493142172,8.0,0.999322033898305,0.8265353163876247,0.6943638915252611,0.921288568438104,0.3854770746941673,0.8810905909434253,0.8236127123935639,False,False,90890,0.1,120.0,preserve_strong_layers,fixed,0.12,0.35,1.0,1.0,1.0,"{""fixed"": 590}",,False,0.0,0.0,0.0,0,0,0,0,0,0,0,0,0,0,0,0,0,1.0,1.0,1.0,"{""fixed"": 590}",0,0,0,0,0,0,False,False,,,,,,,0.0,0.0,0.0,0.0,,1.0,3507,2193,1314,2.0,0.5,2.6,current_priority_adaptive,11.0,0.25,off,,0.1,fixed,dense,0.35,0.7,0.7,reanalysis,off,unknown,0.0,0.0,0.0,0.0,0,0.0,0.0,0,0,0.0,0.0,0.0,False,852,16918,0.05036056271426883,79.48429870605469,56.396888732910156,17.144290924072266,32.96806335449219,13.650214195251465,9.2052001953125,16.026052474975586,0.28537535667419434,0.05000000074505806,0.4542076885700226,0.19042430818080902,0.6697619557380676,11656.103515625,,True,False
20260126034800,gaussian,diagnostic_weighted,pydda_3dvar_proxy,diagnostic_adaptive_v3,"8:4,10:5",10,5.0,2,1.0,10.0,default_timepower15_8_4_conservative_v2;moderate_current_support_fresh_context_prefers_10_5,6,751,0.5568549072000201,1.0,5.580506460093731,True,10,5.0,2,1.0,7,1,6,751,4644,10.044833358106507,10.044833358106507,1.874555389894038,9.868369636487502,248676,0.019715653337297457,139247,109429,0.008675803974034984,0,14.614913940429688,139.5548095703125,0.13130639493465424,1.409435510635376,1.501111388206482,3.297985315322876,5.615802764892578,23.101490020751953,69.88385772705078,7882,11683,2653,27.01470375061035,3009,0.38175589951788885,2170,0.2753108348134991,18,0.002283684344075108,363,0.3644645259283843,0.9935270805812417,0.967528273031054,8.0,1.0,0.8548475401021044,0.669213623056474,0.9464738771560934,0.32256102199532305,0.8699355506665015,0.8547269967420695,False,False,109429,0.1,120.0,preserve_strong_layers,fixed,0.12,0.35,1.0,1.0,1.0,"{""fixed"": 757}",,False,0.0,0.0,0.0,0,0,0,0,0,0,0,0,0,0,0,0,0,1.0,1.0,1.0,"{""fixed"": 757}",0,0,0,0,0,0,False,False,,,,,,,0.0,0.0,0.0,0.0,,1.0,5201,3013,2188,2.0,0.5,2.6,current_priority_adaptive,11.0,0.25,off,,0.1,fixed,dense,0.35,0.7,0.7,reanalysis,off,unknown,0.0,0.0,0.0,0.0,0,0.0,0.0,0,0,0.0,0.0,0.0,False,1389,7383,0.18813490451036163,321.23944091796875,272.07861328125,16.4006290435791,27.597726821899414,12.616405487060547,9.994161605834961,15.393816947937012,0.18040698766708374,0.05000000074505806,0.40798383951187134,0.4722293019294739,0.614521861076355,12344.4921875,,True,False
20260131080600,gaussian,diagnostic_weighted,pydda_3dvar_proxy,diagnostic_adaptive_v3,"8:4,10:5",10,5.0,2,1.0,10.0,default_timepower15_8_4_conservative_v2;moderate_current_support_fresh_context_prefers_10_5,7,1317,0.5224036830769142,1.0,6.1319022106335055,True,10,5.0,2,1.0,9,2,7,1317,4528,2.1744355960812736,2.13867683347091,-1.3134615809142272,1.2205372870562363,268930,0.02132144095931817,179120,89810,0.007120360735345127,0,16.78228759765625,168.03440856933594,0.15679074823856354,1.3009072542190552,1.686060905456543,3.2700071334838867,5.147766590118408,24.653757095336914,48.430721282958984,6286,13229,2302,25.82501983642578,1410,0.22430798600063634,769,0.12233534839325486,13,0.002068087814190264,715,0.35904473918931434,0.9958836858006042,0.9658972687145706,8.0,1.0,0.8458518646908708,0.6853405317161052,0.970240907177316,0.34255141179806453,0.9310908286252141,0.8453988102128599,False,False,89810,0.1,120.0,preserve_strong_layers,fixed,0.12,0.35,1.0,1.0,1.0,"{""fixed"": 1324}",,False,0.0,0.0,0.0,0,0,0,0,0,0,0,0,0,0,0,0,0,1.0,1.0,1.0,"{""fixed"": 1324}",0,0,0,0,0,0,False,False,,,,,,,0.0,0.0,0.0,0.0,,1.0,2257,1416,841,2.0,0.5,2.6,current_priority_adaptive,11.0,0.25,off,,0.1,fixed,dense,0.35,0.7,0.7,reanalysis,off,unknown,0.0,0.0,0.0,0.0,0,0.0,0.0,0,0,0.0,0.0,0.0,False,192,8279,0.023191206667471917,62.281646728515625,35.553985595703125,20.961610794067383,56.206092834472656,13.926864624023438,12.372188568115234,15.185182571411133,0.3291797935962677,0.1152191013097763,0.4551979601383209,0.03327827528119087,0.6672794818878174,11335.9375,,True,False
20260202130000,gaussian,diagnostic_weighted,pydda_3dvar_proxy,diagnostic_adaptive_v3,"8:4,10:5",8,4.0,2,1.0,8.0,default_timepower15_8_4_conservative_v2,31,672,0.6081363849273155,1.0,2.573109568637443,True,8,4.0,2,1.0,36,5,31,672,4833,4.181801382612323,3.8638382093703507,-2.2705837315346455,-0.33950197760175593,161583,0.012810703136613647,91992,69591,0.005517348000594619,0,11.94927978515625,113.75315856933594,0.13115708529949188,1.3132935762405396,1.491048812866211,3.1318352222442627,5.171603202819824,31.711271286010742,46.597923278808594,3323,9952,693,15.070700645446777,1659,0.4992476677700873,481,0.14474872103520914,13,0.003912127595546194,0,0.32969170630626393,0.9994310099573258,0.9831263955371942,8.0,1.0,0.8593238157406063,0.7169355506665015,0.970240907177316,0.3126137427986524,0.9147802908507268,0.856765555728086,False,False,69591,0.1,120.0,preserve_strong_layers,fixed,0.12,0.35,1.0,1.0,1.0,"{""fixed"": 703}",,False,0.0,0.0,0.0,0,0,0,0,0,0,0,0,0,0,0,0,0,1.0,1.0,1.0,"{""fixed"": 703}",0,0,0,0,0,0,False,False,,,,,,,0.0,0.0,0.0,0.0,,1.0,2144,1663,481,2.0,0.5,2.6,current_priority_adaptive,11.0,0.25,off,,0.1,fixed,dense,0.35,0.7,0.7,reanalysis,off,unknown,0.0,0.0,0.0,0.0,0,0.0,0.0,0,0,0.0,0.0,0.0,False,360,16571,0.021724699776718363,16.966476440429688,13.447153091430664,22.769227981567383,56.165225982666016,12.331214904785156,11.18051528930664,16.39300537109375,0.18127450346946716,0.08942759037017822,0.3895772099494934,0.07415436208248138,0.46688562631607056,8915.27734375,,True,False
20260205190000,gaussian,diagnostic_weighted,pydda_3dvar_proxy,diagnostic_adaptive_v3,"8:4,10:5",8,4.0,2,1.0,8.0,default_timepower15_8_4_conservative_v2,0,572,0.43923942947550904,0.9999125874125875,0.0,True,8,4.0,2,1.0,1,1,0,572,828,86.0,86.0,-81.31459750154124,-27.99886128331547,169456,0.013434894207422823,90771,78685,0.006238342995887221,0,20.333032608032227,124.08358764648438,0.13077832758426666,1.908440113067627,2.142029285430908,4.295934677124023,7.427921772003174,38.32178497314453,66.31939697265625,13797,18969,2823,15.501370429992676,5618,0.4071899688338044,1609,0.11661955497571935,0,0.0,265,0.3381513575959422,0.9851398601398601,0.985126737904548,8.0,0.9999125874125875,0.830711426689529,0.6884987000463396,0.9287802122485006,0.37619682957882444,,0.830711426689529,False,False,78685,0.1,120.0,preserve_strong_layers,fixed,0.12,0.35,1.0,1.0,1.0,"{""fixed"": 572}",,False,0.0,0.0,0.0,0,0,0,0,0,0,0,0,0,0,0,0,0,1.0,1.0,1.0,"{""fixed"": 572}",0,0,0,0,0,0,False,False,,,,,,,0.0,0.0,0.0,0.0,,1.0,7273,5622,1651,2.0,0.5,2.6,current_priority_adaptive,11.0,0.25,off,,0.1,fixed,dense,0.35,0.7,0.7,reanalysis,off,unknown,0.0,0.0,0.0,0.0,0,0.0,0.0,0,0,0.0,0.0,0.0,False,0,0,0.0,0.0,0.0,0.0,0.0,0.0,0.0,0.0,0.0,0.0,0.0,0.0,0.0,0.0,,True,False
20260209233600,gaussian,diagnostic_weighted,pydda_3dvar_proxy,diagnostic_adaptive_v3,"8:4,10:5",10,5.0,2,1.0,10.0,default_timepower15_8_4_conservative_v2;moderate_current_support_fresh_context_prefers_10_5,12,711,0.5152472554138031,1.0,44.03984953774621,True,10,5.0,2,1.0,14,2,12,711,3093,8.217072346889578,6.732468247088925,-1.4002010753301697,-6.250734612796175,259313,0.020558981219959367,152897,106416,0.00843692582131708,0,21.60969352722168,170.50697326660156,0.12963274121284485,2.138563394546509,2.3517608642578125,5.374356746673584,8.959341049194336,40.737754821777344,89.62016296386719,18285,25730,7623,33.19207000732422,6973,0.3813508340169538,5230,0.2860267979217938,107,0.005851791085589281,2328,0.32851064711153927,0.9968188105117566,0.9872647497186433,8.0,1.0,0.8366742942925077,0.6732585104110332,0.9330334486001329,0.3629460126833162,0.8993341503423201,0.8356167439794306,False,False,106416,0.1,120.0,preserve_strong_layers,fixed,0.12,0.35,1.0,1.0,1.0,"{""fixed"": 723}",,False,0.0,0.0,0.0,0,0,0,0,0,0,0,0,0,0,0,0,0,1.0,1.0,1.0,"{""fixed"": 723}",0,0,0,0,0,0,False,False,,,,,,,0.0,0.0,0.0,0.0,,1.0,12258,6974,5284,2.0,0.5,2.6,current_priority_adaptive,11.0,0.25,off,,0.1,fixed,dense,0.35,0.7,0.7,reanalysis,off,unknown,0.0,0.0,0.0,0.0,0,0.0,0.0,0,0,0.0,0.0,0.0,False,3750,4287,0.8747375787263821,803.9432983398438,604.0861206054688,47.1860237121582,109.26777648925781,13.42636489868164,10.190338134765625,16.575111389160156,0.23997937142848969,0.05000000074505806,0.46064242720603943,0.29404544830322266,0.6337811946868896,12305.3330078125,,True,False
20260213132400,gaussian,diagnostic_weighted,pydda_3dvar_proxy,diagnostic_adaptive_v3,"8:4,10:5",10,5.0,2,1.0,10.0,default_timepower15_8_4_conservative_v2;moderate_current_support_fresh_context_prefers_10_5,13,571,0.6121181153127446,0.9997431506849316,8.952280975707119,True,10,5.0,2,1.0,15,2,13,571,5159,3.97211500472358,3.7971455542548638,-1.5220963273606465,3.473443906816648,166748,0.013220197215202418,100136,66612,0.005281165452653486,0,19.143587112426758,185.18283081054688,0.13966098427772522,1.6983534097671509,1.9273370504379272,4.021859169006348,6.710671424865723,29.96721076965332,80.21159362792969,8909,11980,3127,26.793174743652344,4414,0.4954540352452576,2408,0.27028847233135034,12,0.0013469525199236727,1206,0.32457331068402934,0.9874143835616438,0.9837815320775155,8.0,0.9997431506849316,0.8277699728036401,0.6754505017788262,0.9104355506665015,0.3827333937696886,0.887069299286295,0.826419900571986,False,False,66612,0.1,120.0,preserve_strong_layers,fixed,0.12,0.35,1.0,1.0,1.0,"{""fixed"": 584}",,False,0.0,0.0,0.0,0,0,0,0,0,0,0,0,0,0,0,0,0,1.0,1.0,1.0,"{""fixed"": 584}",0,0,0,0,0,0,False,False,,,,,,,0.0,0.0,0.0,0.0,,1.0,6826,4416,2410,2.0,0.5,2.6,current_priority_adaptive,11.0,0.25,off,,0.1,fixed,dense,0.35,0.7,0.7,reanalysis,off,unknown,0.0,0.0,0.0,0.0,0,0.0,0.0,0,0,0.0,0.0,0.0,False,1494,11451,0.13046895467644748,711.3129272460938,579.5031127929688,16.29676055908203,24.094234466552734,12.812222480773926,10.60953140258789,17.035491943359375,0.20180480182170868,0.05000000074505806,0.5007913708686829,0.6880126595497131,0.8060258626937866,13223.8955078125,,True,False
20260218162400,gaussian,diagnostic_weighted,pydda_3dvar_proxy,diagnostic_adaptive_v3,"8:4,10:5",10,5.0,2,1.0,10.0,default_timepower15_8_4_conservative_v2;moderate_current_support_fresh_context_prefers_10_5,3,574,0.5383229367590442,1.0,9.006972726939141,True,10,5.0,2,1.0,4,1,3,574,2014,3.0468311021254055,3.0468311021254055,0.955653501721585,2.8930790085177396,217305,0.017228482235766316,130908,86397,0.006849769585253456,0,13.996816635131836,141.19923400878906,0.14961495995521545,0.9636711478233337,1.1812644004821777,2.220289707183838,3.57218337059021,17.561748504638672,27.180953979492188,27,3218,14,55.90226745605469,13,0.48148148148148145,12,0.4444444444444444,6,0.2222222222222222,20,0.3304329644273819,0.9945407279029463,0.9768660919221372,8.0,1.0,0.8398950358470451,0.6765916169588791,0.9187358604056663,0.3557888092287889,0.8680498363807873,0.8397478853216074,False,False,86397,0.1,120.0,preserve_strong_layers,fixed,0.12,0.35,1.0,1.0,1.0,"{""fixed"": 577}",,False,0.0,0.0,0.0,0,0,0,0,0,0,0,0,0,0,0,0,0,1.0,1.0,1.0,"{""fixed"": 577}",0,0,0,0,0,0,False,False,,,,,,,0.0,0.0,0.0,0.0,,1.0,25,13,12,2.0,0.5,2.6,current_priority_adaptive,11.0,0.25,off,,0.1,fixed,dense,0.35,0.7,0.7,reanalysis,off,unknown,0.0,0.0,0.0,0.0,0,0.0,0.0,0,0,0.0,0.0,0.0,False,4,3717,0.0010761366693570083,0.017964571714401245,0.011995723471045494,17.329376220703125,18.58138084411621,15.443832397460938,15.293611526489258,15.601554870605469,0.3316740095615387,0.3206910192966461,0.3420499563217163,0.011339006945490837,0.5741424560546875,13750.0,,True,False
20260222034800,gaussian,diagnostic_weighted,pydda_3dvar_proxy,diagnostic_adaptive_v3,"8:4,10:5",10,5.0,2,1.0,10.0,default_timepower15_8_4_conservative_v2;moderate_current_support_fresh_context_prefers_10_5,18,570,0.6260078999537027,0.9993197278911565,1.4450069686106206,True,10,5.0,2,1.0,21,3,18,570,5038,4.342838975761917,3.218190105191192,-1.3312633293959604,-2.361281461481125,239108,0.01895707844011694,135853,103255,0.008186313859570884,0,15.165319442749023,220.2353973388672,0.12847353518009186,1.3881776332855225,1.6072275638580322,3.4296512603759766,5.664198398590088,26.63260841369629,59.42715835571289,8615,12661,2286,21.0667781829834,2457,0.2852002321532211,1420,0.1648287869994196,1,0.00011607661056297156,353,0.32527284661555256,0.9967687074829933,0.9798154072925039,8.0,0.9993197278911565,0.8261956131183054,0.6853026226160308,0.9104355506665015,0.38623197084821015,0.8693784078093585,0.8248319459175353,False,False,103255,0.1,120.0,preserve_strong_layers,fixed,0.12,0.35,1.0,1.0,1.0,"{""fixed"": 588}",,False,0.0,0.0,0.0,0,0,0,0,0,0,0,0,0,0,0,0,0,1.0,1.0,1.0,"{""fixed"": 588}",0,0,0,0,0,0,False,False,,,,,,,0.0,0.0,0.0,0.0,,1.0,3929,2456,1473,2.0,0.5,2.6,current_priority_adaptive,11.0,0.25,off,,0.1,fixed,dense,0.35,0.7,0.7,reanalysis,off,unknown,0.0,0.0,0.0,0.0,0,0.0,0.0,0,0,0.0,0.0,0.0,False,565,15570,0.03628773281952473,83.90654754638672,52.2363166809082,16.197282791137695,26.301868438720703,14.260920524597168,10.856239318847656,16.387866973876953,0.32372623682022095,0.05000000074505806,0.4441666901111603,0.06887919455766678,0.6568225622177124,12046.017578125,,True,False
20260126064800,gaussian,diagnostic_weighted,pydda_3dvar_proxy,diagnostic_adaptive_v3,"8:4,10:5",10,5.0,2,1.0,10.0,default_timepower15_8_4_conservative_v2;moderate_current_support_fresh_context_prefers_10_5,8,807,0.5597458414128204,1.0,11.385427095133128,True,10,5.0,2,1.0,10,2,8,807,4878,2.155881791104269,2.029057480237634,-0.9670251625802764,-1.6365106277514867,239252,0.018968495119171497,138293,100959,0.008004281254645458,0,12.920758247375488,139.55230712890625,0.11898510158061981,1.1830494403839111,1.360664963722229,2.7979955673217773,4.587488174438477,18.265466690063477,46.59418869018555,1245,7969,572,42.93251037597656,318,0.25542168674698795,276,0.2216867469879518,3,0.0024096385542168677,319,0.38013448267937033,0.9966257668711657,0.9565342048211536,8.0,1.0,0.8570351522647972,0.6966855506665015,0.9768235952061991,0.317699661633784,0.9320918686549584,0.8562910955967411,False,False,100959,0.1,120.0,preserve_strong_layers,fixed,0.12,0.35,1.0,1.0,1.0,"{""fixed"": 815}",,False,0.0,0.0,0.0,0,0,0,0,0,0,0,0,0,0,0,0,0,1.0,1.0,1.0,"{""fixed"": 815}",0,0,0,0,0,0,False,False,,,,,,,0.0,0.0,0.0,0.0,,1.0,594,318,276,2.0,0.5,2.6,current_priority_adaptive,11.0,0.25,off,,0.1,fixed,dense,0.35,0.7,0.7,reanalysis,off,unknown,0.0,0.0,0.0,0.0,0,0.0,0.0,0,0,0.0,0.0,0.0,False,3332,10415,0.3199231877100336,898.0760498046875,791.1978759765625,16.406757354736328,20.86896324157715,10.757562637329102,8.303448677062988,14.34637451171875,0.15309740602970123,0.05000000074505806,0.3238134980201721,0.5002068281173706,0.6744323372840881,4272.05859375,,True,False
20260131093600,gaussian,diagnostic_weighted,pydda_3dvar_proxy,diagnostic_adaptive_v3,"8:4,10:5",10,5.0,2,1.0,10.0,default_timepower15_8_4_conservative_v2;moderate_current_support_fresh_context_prefers_10_5,3,1169,0.5351546059353918,1.0,6.861310962286817,True,10,5.0,2,1.0,4,1,3,1169,4869,4.4689174405325875,4.4689174405325875,-2.9089304599358394,-3.3925428029066635,251440,0.01993479014915019,162024,89416,0.007089123432931966,0,15.370922088623047,168.0189971923828,0.1620934009552002,1.2441561222076416,1.570233941078186,3.1678996086120605,5.007407188415527,24.750696182250977,47.90639877319336,4829,12454,2130,30.3741455078125,1246,0.2580244357009733,593,0.12279975150134603,0,0.0,784,0.3610165975385349,0.9968856655290101,0.9626081523860661,8.0,1.0,0.850089071409576,0.6966855506665015,0.9509355506665015,0.3331353968676088,0.8969355506665014,0.8499688494782067,False,False,89416,0.1,120.0,preserve_strong_layers,fixed,0.12,0.35,1.0,1.0,1.0,"{""fixed"": 1172}",,False,0.0,0.0,0.0,0,0,0,0,0,0,0,0,0,0,0,0,0,1.0,1.0,1.0,"{""fixed"": 1172}",0,0,0,0,0,0,False,False,,,,,,,0.0,0.0,0.0,0.0,,1.0,1859,1252,607,2.0,0.5,2.6,current_priority_adaptive,11.0,0.25,off,,0.1,fixed,dense,0.35,0.7,0.7,reanalysis,off,unknown,0.0,0.0,0.0,0.0,0,0.0,0.0,0,0,0.0,0.0,0.0,False,889,5387,0.16502691665119731,86.06558227539062,68.5899658203125,19.841148376464844,35.47170639038086,13.156838417053223,8.104035377502441,15.79267406463623,0.22390829026699066,0.05000000074505806,0.3932696580886841,0.2993072271347046,0.5998507738113403,11482.564453125,,True,False
20260202133000,gaussian,diagnostic_weighted,pydda_3dvar_proxy,diagnostic_adaptive_v3,"8:4,10:5",10,5.0,2,1.0,10.0,default_timepower15_8_4_conservative_v2;moderate_current_support_fresh_context_prefers_10_5,14,684,0.6140401428643657,1.0,9.447419648048971,True,10,5.0,2,1.0,17,3,14,684,5112,3.5590574305162743,2.9920913322262197,-2.0360901809860232,-1.651861847447865,196859,0.015607472375006193,118405,78454,0.00622002873990387,0,12.104479789733887,113.68620300292969,0.1471671760082245,1.221329927444458,1.3015159368515015,3.1387925148010254,5.148132801055908,31.439208984375,44.47535705566406,3843,11160,851,15.107620239257812,2058,0.5355191256830601,638,0.166016133229248,44,0.011449388498568826,0,0.33106976502213453,0.9994269340974212,0.9814795150050335,8.0,1.0,0.8583620721638885,0.7169355506665015,0.9617885684381041,0.314750950746914,0.9432401998706454,0.8566248005441598,False,False,78454,0.1,120.0,preserve_strong_layers,fixed,0.12,0.35,1.0,1.0,1.0,"{""fixed"": 698}",,False,0.0,0.0,0.0,0,0,0,0,0,0,0,0,0,0,0,0,0,1.0,1.0,1.0,"{""fixed"": 698}",0,0,0,0,0,0,False,False,,,,,,,0.0,0.0,0.0,0.0,,1.0,2703,2063,640,2.0,0.5,2.6,current_priority_adaptive,11.0,0.25,off,,0.1,fixed,dense,0.35,0.7,0.7,reanalysis,off,unknown,0.0,0.0,0.0,0.0,0,0.0,0.0,0,0,0.0,0.0,0.0,False,1118,13020,0.0858678955453149,29.806865692138672,20.82577133178711,19.984209060668945,58.9475212097168,13.160582542419434,11.385019302368164,14.979791641235352,0.1839982271194458,0.05000000074505806,0.3541528284549713,0.0924064889550209,0.42452943325042725,11091.681640625,,True,False
20260206013000,gaussian,diagnostic_weighted,pydda_3dvar_proxy,diagnostic_adaptive_v3,"8:4,10:5",8,4.0,2,1.0,8.0,default_timepower15_8_4_conservative_v2,21,744,0.5910567468572577,0.9998039215686273,17.762213401730182,True,8,4.0,2,1.0,25,4,21,744,4975,7.651415006099031,5.865517033374847,5.2464642077560555,0.5686961977852114,212366,0.01683690600069372,118716,93650,0.007424805510133294,0,20.773019790649414,186.81234741210938,0.12342806905508041,2.1425461769104004,2.55021595954895,4.935859203338623,8.37426471710205,41.583778381347656,90.98236083984375,13309,22803,5867,32.922882080078125,3951,0.2968667818769254,2636,0.19806146216845744,4,0.0003005485010143512,3399,0.35690719830552126,0.9839215686274511,0.9781503489869887,8.0,0.9998039215686273,0.8500413258118003,0.6708938920756655,0.9548082603228844,0.33324149819599924,0.9180940607037035,0.8481204824882387,False,False,93650,0.1,120.0,preserve_strong_layers,fixed,0.12,0.35,1.0,1.0,1.0,"{""fixed"": 765}",,False,0.0,0.0,0.0,0,0,0,0,0,0,0,0,0,0,0,0,0,1.0,1.0,1.0,"{""fixed"": 765}",0,0,0,0,0,0,False,False,,,,,,,0.0,0.0,0.0,0.0,,1.0,6660,3967,2693,2.0,0.5,2.6,current_priority_adaptive,11.0,0.25,off,,0.1,fixed,dense,0.35,0.7,0.7,reanalysis,off,unknown,0.0,0.0,0.0,0.0,0,0.0,0.0,0,0,0.0,0.0,0.0,False,4623,6953,0.6648928520063282,218.9792938232422,172.72857666015625,24.80047035217285,40.71063995361328,11.448410034179688,8.143906593322754,14.245245933532715,0.17353658378124237,0.05000000074505806,0.4211925268173218,0.39324337244033813,0.6599713563919067,7714.5791015625,,True,False
20260210000600,gaussian,diagnostic_weighted,pydda_3dvar_proxy,diagnostic_adaptive_v3,"8:4,10:5",8,4.0,2,1.0,8.0,default_timepower15_8_4_conservative_v2;moderate_current_support_fresh_context_prefers_10_5;v3_low_error_guard_prefers_8_4,5,716,0.5574175078858074,1.0,37.120884254449,True,8,4.0,2,1.0,6,1,5,716,3972,58.50885876027505,58.50885876027505,-52.863449683885165,-25.07473311820398,209526,0.016611743719339975,114047,95479,0.007569813190624845,0,19.95012855529785,170.5113983154297,0.1286788135766983,2.0926966667175293,2.488117218017578,4.909651279449463,8.155632972717285,36.11636734008789,89.42341613769531,12309,19602,5409,33.81013488769531,4408,0.3581119506052482,3170,0.25753513689170526,9,0.00073117231294175,1685,0.33080942787994455,0.9970873786407767,0.985652974344569,8.0,1.0,0.8384540566747383,0.6781046961190129,0.9330334486001329,0.3589909851672486,0.8284326935236443,0.8385240382609889,False,False,95479,0.1,120.0,preserve_strong_layers,fixed,0.12,0.35,1.0,1.0,1.0,"{""fixed"": 721}",,False,0.0,0.0,0.0,0,0,0,0,0,0,0,0,0,0,0,0,0,1.0,1.0,1.0,"{""fixed"": 721}",0,0,0,0,0,0,False,False,,,,,,,0.0,0.0,0.0,0.0,,1.0,7617,4409,3208,2.0,0.5,2.6,current_priority_adaptive,11.0,0.25,off,,0.1,fixed,dense,0.35,0.7,0.7,reanalysis,off,unknown,0.0,0.0,0.0,0.0,0,0.0,0.0,0,0,0.0,0.0,0.0,False,3843,5573,0.6895747353310605,923.9906005859375,663.2601318359375,70.34515380859375,109.85535430908203,13.446147918701172,10.012487411499023,16.256046295166016,0.264325350522995,0.05000000074505806,0.5028583407402039,0.32850998640060425,0.6923311352729797,12342.4404296875,,True,False
20260213234800,gaussian,diagnostic_weighted,pydda_3dvar_proxy,diagnostic_adaptive_v3,"8:4,10:5",10,5.0,2,1.0,10.0,default_timepower15_8_4_conservative_v2;moderate_current_support_fresh_context_prefers_10_5,8,304,0.5902542167322945,1.0,38.02358485768423,True,10,5.0,2,1.0,10,2,8,304,3278,9.011184035349146,8.664695744548679,3.4262689426016992,7.9103951608859955,181260,0.014370744759922699,94263,86997,0.006897339081314107,0,17.145917892456055,89.22653198242188,0.1357695311307907,1.6906236410140991,1.455267310142517,4.43033504486084,7.659180641174316,45.76503372192383,69.78561401367188,13581,16936,3870,20.153594970703125,5010,0.3688977247625359,3342,0.2460790810691407,0,0.0,0,0.32117710338996236,0.998076923076923,0.9827796698466172,8.0,1.0,0.8294561945691052,0.7169355506665015,0.9104355506665015,0.3789862342908775,0.8600516220950729,0.8286510517394744,False,False,86997,0.1,120.0,preserve_strong_layers,fixed,0.12,0.35,1.0,1.0,1.0,"{""fixed"": 312}",,False,0.0,0.0,0.0,0,0,0,0,0,0,0,0,0,0,0,0,0,1.0,1.0,1.0,"{""fixed"": 312}",0,0,0,0,0,0,False,False,,,,,,,0.0,0.0,0.0,0.0,,1.0,8591,5017,3574,2.0,0.5,2.6,current_priority_adaptive,11.0,0.25,off,,0.1,fixed,dense,0.35,0.7,0.7,reanalysis,off,unknown,0.0,0.0,0.0,0.0,0,0.0,0.0,0,0,0.0,0.0,0.0,False,2163,7015,0.3083392729864576,126.9321060180664,83.7757339477539,36.16321563720703,77.82212829589844,13.65737533569336,9.717308044433594,15.907452583312988,0.3117506504058838,0.05000000074505806,0.4817740321159363,0.2802257537841797,0.8009046316146851,11325.9365234375,,True,False
20260219015400,gaussian,diagnostic_weighted,pydda_3dvar_proxy,diagnostic_adaptive_v3,"8:4,10:5",10,5.0,2,1.0,10.0,default_timepower15_8_4_conservative_v2;moderate_current_support_fresh_context_prefers_10_5,10,755,0.6214968090647442,0.9998692810457516,1.0999593092462827,True,10,5.0,2,1.0,12,2,10,755,5125,3.0331704055612128,3.0236172630471607,-0.21608508909569935,-0.2509432724506402,258174,0.020468678459937564,153734,104440,0.00828026361429067,0,16.757089614868164,112.04280090332031,0.152725487947464,1.1518234014511108,1.456907033920288,2.687060832977295,4.37054967880249,21.47545623779297,36.62498474121094,2728,10459,1444,28.19713592529297,564,0.20674486803519063,82,0.030058651026392963,0,0.0,0,0.3192705347168023,0.9994771241830066,0.9867488074906341,8.0,0.9998692810457516,0.8401219843125902,0.7155557718299799,0.9215991866823146,0.35528447930535495,0.8861355506665015,0.8395125331026048,False,False,104440,0.1,120.0,preserve_strong_layers,fixed,0.12,0.35,1.0,1.0,1.0,"{""fixed"": 765}",,False,0.0,0.0,0.0,0,0,0,0,0,0,0,0,0,0,0,0,0,1.0,1.0,1.0,"{""fixed"": 765}",0,0,0,0,0,0,False,False,,,,,,,0.0,0.0,0.0,0.0,,1.0,646,564,82,2.0,0.5,2.6,current_priority_adaptive,11.0,0.25,off,,0.1,fixed,dense,0.35,0.7,0.7,reanalysis,off,unknown,0.0,0.0,0.0,0.0,0,0.0,0.0,0,0,0.0,0.0,0.0,False,365,9721,0.03754757740973151,1.2231556177139282,0.8022507429122925,16.65261459350586,18.307880401611328,14.28315544128418,11.31164264678955,16.547109603881836,0.17958882451057434,0.05000000074505806,0.5033215880393982,0.2538682520389557,0.3921353220939636,14284.931640625,,True,False
20260222070000,gaussian,diagnostic_weighted,pydda_3dvar_proxy,diagnostic_adaptive_v3,"8:4,10:5",8,4.0,2,1.0,8.0,default_timepower15_8_4_conservative_v2,14,658,0.49642016622378093,0.9994047619047619,5.609315545220868,True,8,4.0,2,1.0,17,3,14,658,5314,2.344618445456779,1.8774236105145237,0.5040134174498626,1.3188755144473168,192338,0.015249036222189188,103388,88950,0.007052177790991526,0,13.058515548706055,95.9980697631836,0.1336916834115982,1.2260308265686035,1.5837321281433105,2.830410957336426,4.603769302368164,20.280807495117188,38.704933166503906,4532,6226,1095,16.965267181396484,1491,0.3289938217122683,576,0.12709620476610767,1,0.0002206531332744925,0,0.329453236485985,0.9997023809523808,0.9771160302904902,8.0,0.9994047619047619,0.8207472614552648,0.7225926935236444,0.9097341022803854,0.3983394189883005,0.8683825617376684,0.8197337444279796,False,False,88950,0.1,120.0,preserve_strong_layers,fixed,0.12,0.35,1.0,1.0,1.0,"{""fixed"": 672}",,False,0.0,0.0,0.0,0,0,0,0,0,0,0,0,0,0,0,0,0,1.0,1.0,1.0,"{""fixed"": 672}",0,0,0,0,0,0,False,False,,,,,,,0.0,0.0,0.0,0.0,,1.0,2082,1489,593,2.0,0.5,2.6,current_priority_adaptive,11.0,0.25,off,,0.1,fixed,dense,0.35,0.7,0.7,reanalysis,off,unknown,0.0,0.0,0.0,0.0,0,0.0,0.0,0,0,0.0,0.0,0.0,False,1726,10689,0.16147441294789036,211.48997497558594,177.35011291503906,23.358213424682617,75.1795883178711,13.050925254821777,9.668190002441406,16.8736572265625,0.187946617603302,0.05000000074505806,0.48109251260757446,0.34287431836128235,0.5307111740112305,12551.2744140625,,True,False
20260126090000,gaussian,diagnostic_weighted,pydda_3dvar_proxy,diagnostic_adaptive_v3,"8:4,10:5",8,4.0,2,1.0,8.0,default_timepower15_8_4_conservative_v2,21,790,0.5532169779878022,1.0,1.8757870665626342,True,8,4.0,2,1.0,25,4,21,790,4529,2.449740720336148,2.1103022397459568,0.8270383500275398,1.245387222762695,172004,0.013636906000693722,96641,75363,0.005974966552698083,0,13.289443969726562,139.59288024902344,0.12385724484920502,1.2494003772735596,1.577946424484253,2.739457130432129,4.500657558441162,20.333236694335938,36.544010162353516,1396,6882,785,49.816261291503906,132,0.09455587392550144,244,0.17478510028653296,1,0.0007163323782234957,287,0.3796764580820805,0.9973489519112206,0.9577061463374508,8.0,1.0,0.8576162997989215,0.6966855506665015,0.9617885684381041,0.316408222669063,0.9290751883971634,0.8557167597222596,False,False,75363,0.1,120.0,preserve_strong_layers,fixed,0.12,0.35,1.0,1.0,1.0,"{""fixed"": 811}",,False,0.0,0.0,0.0,0,0,0,0,0,0,0,0,0,0,0,0,0,1.0,1.0,1.0,"{""fixed"": 811}",0,0,0,0,0,0,False,False,,,,,,,0.0,0.0,0.0,0.0,,1.0,375,132,243,2.0,0.5,2.6,current_priority_adaptive,11.0,0.25,off,,0.1,fixed,dense,0.35,0.7,0.7,reanalysis,off,unknown,0.0,0.0,0.0,0.0,0,0.0,0.0,0,0,0.0,0.0,0.0,False,2753,11217,0.24543104216813766,42.51085662841797,38.68062210083008,19.79631805419922,35.67184066772461,11.809866905212402,7.734460830688477,16.126129150390625,0.09499258548021317,0.05000000074505806,0.5131903290748596,0.26716339588165283,0.32441040873527527,10196.1494140625,,True,False
20260131094200,gaussian,diagnostic_weighted,pydda_3dvar_proxy,diagnostic_adaptive_v3,"8:4,10:5",8,4.0,2,1.0,8.0,default_timepower15_8_4_conservative_v2,0,1167,0.5355930209751826,1.0,0.0,True,8,4.0,2,1.0,1,1,0,1167,4910,9.954531451640868,9.954531451640868,-1.879340198452148,9.775519261921032,209077,0.01657614587978792,125688,83389,0.006611287845002725,0,14.644109725952148,168.20872497558594,0.1528761237859726,1.291450023651123,1.7367618083953857,3.0320842266082764,4.834458827972412,24.79920196533203,47.42399215698242,3872,10366,1691,30.63066291809082,1077,0.278150826446281,524,0.1353305785123967,0,0.0,621,0.3613488507866596,0.9968723221936588,0.9624352111189158,8.0,1.0,0.8501774274681868,0.6966855506665015,0.9384758483456386,0.3329390500706961,,0.8501774274681868,False,False,83389,0.1,120.0,preserve_strong_layers,fixed,0.12,0.35,1.0,1.0,1.0,"{""fixed"": 1167}",,False,0.0,0.0,0.0,0,0,0,0,0,0,0,0,0,0,0,0,0,1.0,1.0,1.0,"{""fixed"": 1167}",0,0,0,0,0,0,False,False,,,,,,,0.0,0.0,0.0,0.0,,1.0,1618,1077,541,2.0,0.5,2.6,current_priority_adaptive,11.0,0.25,off,,0.1,fixed,dense,0.35,0.7,0.7,reanalysis,off,unknown,0.0,0.0,0.0,0.0,0,0.0,0.0,0,0,0.0,0.0,0.0,False,0,0,0.0,0.0,0.0,0.0,0.0,0.0,0.0,0.0,0.0,0.0,0.0,0.0,0.0,0.0,,True,False
20260202143000,gaussian,diagnostic_weighted,pydda_3dvar_proxy,diagnostic_adaptive_v3,"8:4,10:5",10,5.0,2,1.0,10.0,default_timepower15_8_4_conservative_v2;moderate_current_support_fresh_context_prefers_10_5,15,679,0.5853186224503901,1.0,7.743144306959656,True,10,5.0,2,1.0,18,3,15,679,4668,4.916078752325073,4.641572283953209,3.6865952524001298,-0.5846547055945285,197037,0.01562158465883752,119519,77518,0.006145820326049254,0,12.306473731994629,113.50236511230469,0.14712609350681305,1.236234426498413,1.3237637281417847,3.181183338165283,5.2175822257995605,31.3856258392334,44.59846115112305,4002,11311,905,15.179357528686523,2173,0.5429785107446277,705,0.17616191904047976,12,0.0029985007496251873,0,0.33198891208304454,0.9994236311239193,0.9794605619525207,8.0,1.0,0.8566234578141785,0.7169355506665015,0.9509355506665015,0.31861453819071456,0.9023355506665013,0.8556136177658945,False,False,77518,0.1,120.0,preserve_strong_layers,fixed,0.12,0.35,1.0,1.0,1.0,"{""fixed"": 694}",,False,0.0,0.0,0.0,0,0,0,0,0,0,0,0,0,0,0,0,0,1.0,1.0,1.0,"{""fixed"": 694}",0,0,0,0,0,0,False,False,,,,,,,0.0,0.0,0.0,0.0,,1.0,2877,2170,707,2.0,0.5,2.6,current_priority_adaptive,11.0,0.25,off,,0.1,fixed,dense,0.35,0.7,0.7,reanalysis,off,unknown,0.0,0.0,0.0,0.0,0,0.0,0.0,0,0,0.0,0.0,0.0,False,2327,10018,0.232281892593332,201.8142547607422,155.4261016845703,27.27448844909668,68.55240631103516,13.964487075805664,10.175086975097656,16.51664161682129,0.25372612476348877,0.05000000074505806,0.4837150275707245,0.3628184497356415,0.6707042455673218,13172.5400390625,,True,False
20260206074200,gaussian,diagnostic_weighted,pydda_3dvar_proxy,diagnostic_adaptive_v3,"8:4,10:5",10,5.0,2,1.0,10.0,default_timepower15_8_4_conservative_v2;moderate_current_support_fresh_context_prefers_10_5,7,1007,0.5453935914986394,0.9998027613412228,12.717723702368168,True,10,5.0,2,1.0,9,2,7,1007,5094,3.078450338973092,3.0329140258843292,-2.0567216621710234,-0.1499125814331037,300349,0.023812417620534165,185260,115089,0.009124542886873793,0,21.62186622619629,186.81072998046875,0.14882224798202515,1.878318190574646,2.306875705718994,4.620854377746582,7.488099575042725,37.29539489746094,79.03520202636719,15509,25532,9134,39.38535690307617,2608,0.16816042298020503,2941,0.18963182668128184,8,0.0005158295183441872,6098,0.356540633095789,0.985207100591716,0.9707946703910939,8.0,0.9998027613412228,0.8444273281911304,0.6650946296304839,0.9617885684381041,0.34571704846415463,0.9397023083073427,0.8437650393521896,False,False,115089,0.1,120.0,preserve_strong_layers,fixed,0.12,0.35,1.0,1.0,1.0,"{""fixed"": 1014}",,False,0.0,0.0,0.0,0,0,0,0,0,0,0,0,0,0,0,0,0,1.0,1.0,1.0,"{""fixed"": 1014}",0,0,0,0,0,0,False,False,,,,,,,0.0,0.0,0.0,0.0,,1.0,5556,2605,2951,2.0,0.5,2.6,current_priority_adaptive,11.0,0.25,off,,0.1,fixed,dense,0.35,0.7,0.7,reanalysis,off,unknown,0.0,0.0,0.0,0.0,0,0.0,0.0,0,0,0.0,0.0,0.0,False,2175,4253,0.5114037150246885,144.15370178222656,100.24383544921875,150.43597412109375,173.21192932128906,14.268062591552734,11.405874252319336,15.850391387939453,0.3007638156414032,0.05000000074505806,0.40920326113700867,0.19133460521697998,0.6821587085723877,12452.4140625,,True,False
20260210001800,gaussian,diagnostic_weighted,pydda_3dvar_proxy,diagnostic_adaptive_v3,"8:4,10:5",8,4.0,2,1.0,8.0,default_timepower15_8_4_conservative_v2,30,675,0.5639585929777914,1.0,9.664527966203503,True,8,4.0,2,1.0,35,5,30,675,4361,8.742003520643062,6.443482394360044,-3.6619432056890147,4.4847143075095675,206218,0.016349477231058916,112144,94074,0.007458421287349487,0,19.855859756469727,170.50955200195312,0.123594269156456,2.0431010723114014,2.4444243907928467,4.755270004272461,7.900974750518799,32.559593200683594,89.4255599975586,10652,18529,4594,35.006107330322266,3959,0.3716672925272249,3104,0.29140067592940294,10,0.000938790837401427,1685,0.32751915027943496,0.9970212765957447,0.9892220773304625,8.0,1.0,0.8410289101786135,0.6802054606396313,0.9481069792379301,0.3532690884919702,0.8916000341600433,0.8387813046683276,False,False,94074,0.1,120.0,preserve_strong_layers,fixed,0.12,0.35,1.0,1.0,1.0,"{""fixed"": 705}",,False,0.0,0.0,0.0,0,0,0,0,0,0,0,0,0,0,0,0,0,1.0,1.0,1.0,"{""fixed"": 705}",0,0,0,0,0,0,False,False,,,,,,,0.0,0.0,0.0,0.0,,1.0,7096,3959,3137,2.0,0.5,2.6,current_priority_adaptive,11.0,0.25,off,,0.1,fixed,dense,0.35,0.7,0.7,reanalysis,off,unknown,0.0,0.0,0.0,0.0,0,0.0,0.0,0,0,0.0,0.0,0.0,False,4920,13972,0.352132837102777,1255.230224609375,916.0646362304688,34.628910064697266,70.39461517333984,12.732308387756348,9.059279441833496,16.597692489624023,0.27350476384162903,0.05000000074505806,0.5171225666999817,0.3212559223175049,0.7840994000434875,9834.755859375,,True,False
20260214015400,gaussian,diagnostic_weighted,pydda_3dvar_proxy,diagnostic_adaptive_v3,"8:4,10:5",10,5.0,2,1.0,10.0,default_timepower15_8_4_conservative_v2;moderate_current_support_fresh_context_prefers_10_5,8,310,0.6557168822998461,1.0,4.280260637471451,True,10,5.0,2,1.0,10,2,8,310,5189,5.805741892550272,5.660217888779163,-3.3205458239818135,-0.3939720738525079,189459,0.015020781923591497,99736,89723,0.0071134631584163326,0,16.036415100097656,89.1176986694336,0.12414731830358505,1.5220071077346802,1.4008146524429321,3.970627784729004,6.780694484710693,34.534751892089844,65.98726654052734,10986,15148,3087,19.459423065185547,3988,0.3630074640451484,2648,0.24103404332787184,0,0.0,0,0.3222007372804059,0.9981132075471697,0.9943577320554766,8.0,1.0,0.8324994777104868,0.7169355506665015,0.9104355506665015,0.3722233828655848,0.8749980506665014,0.8314027403438801,False,False,89723,0.1,120.0,preserve_strong_layers,fixed,0.12,0.35,1.0,1.0,1.0,"{""fixed"": 318}",,False,0.0,0.0,0.0,0,0,0,0,0,0,0,0,0,0,0,0,0,1.0,1.0,1.0,"{""fixed"": 318}",0,0,0,0,0,0,False,False,,,,,,,0.0,0.0,0.0,0.0,,1.0,6864,4005,2859,2.0,0.5,2.6,current_priority_adaptive,11.0,0.25,off,,0.1,fixed,dense,0.35,0.7,0.7,reanalysis,off,unknown,0.0,0.0,0.0,0.0,0,0.0,0.0,0,0,0.0,0.0,0.0,False,2100,8035,0.2613565650280025,905.2459106445312,737.8592529296875,19.847618103027344,33.92951202392578,13.146621704101562,10.623774528503418,16.628461837768555,0.2490859478712082,0.061329394578933716,0.43974605202674866,0.4813025891780853,0.7735735177993774,12710.7138671875,,True,False
20260219024200,gaussian,diagnostic_weighted,pydda_3dvar_proxy,diagnostic_adaptive_v3,"8:4,10:5",8,4.0,2,1.0,8.0,default_timepower15_8_4_conservative_v2,19,825,0.6155827569827281,0.9998815165876777,3.4660199504730285,True,8,4.0,2,1.0,22,3,19,825,5052,5.838411322932169,5.516133207824311,0.041479933553538,3.6870941015723138,213086,0.016893989395966504,120320,92766,0.0073547197859372675,0,15.857953071594238,112.04281616210938,0.14361320436000824,1.212368130683899,1.6501067876815796,2.592935800552368,4.2294793128967285,21.15377426147461,36.61957550048828,1800,8029,898,28.293052673339844,388,0.21555555555555556,66,0.03666666666666667,0,0.0,0,0.32330810114177094,0.999526066350711,0.982692612747092,8.0,0.9998815165876777,0.839761459800772,0.7169355506665015,0.9297409071773161,0.35608564488717326,0.8932581718693353,0.8385294143107083,False,False,92766,0.1,120.0,preserve_strong_layers,fixed,0.12,0.35,1.0,1.0,1.0,"{""fixed"": 844}",,False,0.0,0.0,0.0,0,0,0,0,0,0,0,0,0,0,0,0,0,1.0,1.0,1.0,"{""fixed"": 844}",0,0,0,0,0,0,False,False,,,,,,,0.0,0.0,0.0,0.0,,1.0,454,388,66,2.0,0.5,2.6,current_priority_adaptive,11.0,0.25,off,,0.1,fixed,dense,0.35,0.7,0.7,reanalysis,off,unknown,0.0,0.0,0.0,0.0,0,0.0,0.0,0,0,0.0,0.0,0.0,False,269,11918,0.022570901157912403,67.80580139160156,40.313758850097656,16.170251846313477,21.22586441040039,14.223395347595215,12.877254486083984,15.184142112731934,0.36590102314949036,0.09494209289550781,0.4633798599243164,0.06340039521455765,0.7542067766189575,11557.62109375,,True,False
20260222160000,gaussian,diagnostic_weighted,pydda_3dvar_proxy,diagnostic_adaptive_v3,"8:4,10:5",10,5.0,2,1.0,10.0,default_timepower15_8_4_conservative_v2;low_current_but_stable_context_prefers_10_5,0,476,0.5787305685432825,0.9997899159663866,0.0,True,10,5.0,2,1.0,1,1,0,476,3354,0.820973322655247,0.820973322655247,0.5864082009829268,0.5745629803003007,202523,0.016056528417818742,113535,88988,0.007055190525742034,0,17.057872772216797,98.01980590820312,0.14924122393131256,1.4045050144195557,1.6329141855239868,3.7195374965667725,5.980998992919922,27.758487701416016,44.764076232910156,1440,12453,834,37.008663177490234,106,0.07361111111111111,571,0.39652777777777776,173,0.12013888888888889,0,0.3363977297540167,0.9968487394957983,0.9848599823107725,8.0,0.9997899159663866,0.8229038723354346,0.6966855506665015,0.9055253985751822,0.39354695036570064,,0.8229038723354346,False,False,88988,0.1,120.0,preserve_strong_layers,fixed,0.12,0.35,1.0,1.0,1.0,"{""fixed"": 476}",,False,0.0,0.0,0.0,0,0,0,0,0,0,0,0,0,0,0,0,0,1.0,1.0,1.0,"{""fixed"": 476}",0,0,0,0,0,0,False,False,,,,,,,0.0,0.0,0.0,0.0,,1.0,682,106,576,2.0,0.5,2.6,current_priority_adaptive,11.0,0.25,off,,0.1,fixed,dense,0.35,0.7,0.7,reanalysis,off,unknown,0.0,0.0,0.0,0.0,0,0.0,0.0,0,0,0.0,0.0,0.0,False,0,0,0.0,0.0,0.0,0.0,0.0,0.0,0.0,0.0,0.0,0.0,0.0,0.0,0.0,0.0,,True,False
20260126090600,gaussian,diagnostic_weighted,pydda_3dvar_proxy,diagnostic_adaptive_v3,"8:4,10:5",10,5.0,2,1.0,10.0,default_timepower15_8_4_conservative_v2;moderate_current_support_fresh_context_prefers_10_5,11,799,0.5491680484970821,1.0,13.636477569690019,True,10,5.0,2,1.0,13,2,11,799,4545,1.4869017793866388,1.3074405835198142,-0.503262525737759,-0.7320402918191231,215614,0.017094415539368715,129371,86243,0.006837560081264556,0,13.907980918884277,139.55845642089844,0.13348838686943054,1.1900148391723633,1.3857715129852295,2.8419859409332275,4.658401966094971,21.83706283569336,35.48805618286133,1543,8905,825,49.03319549560547,138,0.08943616331821128,257,0.16655865197666883,0,0.0,311,0.38049940803035753,0.9973456790123456,0.9552721039852042,8.0,1.0,0.8558266309073173,0.6966855506665015,0.9509355506665015,0.32038526465040595,0.9049537324846831,0.8551502878317842,False,False,86243,0.1,120.0,preserve_strong_layers,fixed,0.12,0.35,1.0,1.0,1.0,"{""fixed"": 810}",,False,0.0,0.0,0.0,0,0,0,0,0,0,0,0,0,0,0,0,0,1.0,1.0,1.0,"{""fixed"": 810}",0,0,0,0,0,0,False,False,,,,,,,0.0,0.0,0.0,0.0,,1.0,397,138,259,2.0,0.5,2.6,current_priority_adaptive,11.0,0.25,off,,0.1,fixed,dense,0.35,0.7,0.7,reanalysis,off,unknown,0.0,0.0,0.0,0.0,0,0.0,0.0,0,0,0.0,0.0,0.0,False,4834,12208,0.39596985583224115,229.2596893310547,188.9937286376953,20.750301361083984,157.115966796875,11.002633094787598,7.820700645446777,16.08588218688965,0.0993439331650734,0.05000000074505806,0.5082356333732605,0.4183635413646698,0.396950900554657,9345.3662109375,,True,False
20260131123000,gaussian,diagnostic_weighted,pydda_3dvar_proxy,diagnostic_adaptive_v3,"8:4,10:5",8,4.0,2,1.0,8.0,default_timepower15_8_4_conservative_v2,59,1004,0.5201255492457312,1.0,9.297758927013033,True,8,4.0,2,1.0,68,9,59,1004,4777,8.682520625417848,7.010201489364004,0.7665607056155169,2.0460926714201397,203671,0.016147544720281452,125260,78411,0.00621661959268619,0,17.18144989013672,168.19705200195312,0.14384327828884125,1.6461220979690552,2.149369955062866,3.687959909439087,6.012709617614746,28.928085327148438,58.39726638793945,8763,13259,3315,22.94515037536621,3761,0.4291909163528472,1608,0.18349880178021225,0,0.0,550,0.3522074400456919,0.9943085606773283,0.9720939650440444,8.0,1.0,0.8464276314783131,0.6782760759135888,0.970240907177316,0.3412719300481932,0.9117896395306541,0.8425866369812133,False,False,78411,0.1,120.0,preserve_strong_layers,fixed,0.12,0.35,1.0,1.0,1.0,"{""fixed"": 1063}",,False,0.0,0.0,0.0,0,0,0,0,0,0,0,0,0,0,0,0,0,1.0,1.0,1.0,"{""fixed"": 1063}",0,0,0,0,0,0,False,False,,,,,,,0.0,0.0,0.0,0.0,,1.0,5460,3758,1702,2.0,0.5,2.6,current_priority_adaptive,11.0,0.25,off,,0.1,fixed,dense,0.35,0.7,0.7,reanalysis,off,unknown,0.0,0.0,0.0,0.0,0,0.0,0.0,0,0,0.0,0.0,0.0,False,8584,26177,0.32792145776826986,2410.127197265625,2013.5948486328125,26.751134872436523,81.90481567382812,12.103506088256836,8.319558143615723,16.75615692138672,0.2013968974351883,0.05000000074505806,0.4525599479675293,0.3466991186141968,0.6512491106987,9306.5,,True,False
20260202153600,gaussian,diagnostic_weighted,pydda_3dvar_proxy,diagnostic_adaptive_v3,"8:4,10:5",8,4.0,2,1.0,8.0,default_timepower15_8_4_conservative_v2;moderate_current_support_fresh_context_prefers_10_5;v3_low_error_guard_prefers_8_4,3,666,0.55684239735191,1.0,13.576592815560991,True,8,4.0,2,1.0,4,1,3,666,3717,9.391522809958436,9.391522809958436,-7.753302641886066,-5.299716863502441,156731,0.012426024478469848,88522,68209,0.005407779594668253,0,12.949031829833984,113.50173950195312,0.142595574259758,1.346744418144226,1.5764191150665283,3.237070322036743,5.328373432159424,31.911367416381836,50.36534881591797,3743,9130,843,15.47314167022705,1987,0.5308576008549292,759,0.20277851990382045,0,0.0,0,0.3354515992105601,0.9994020926756353,0.9813244993724494,8.0,1.0,0.8546255900832692,0.7088329267125686,0.9318235952061992,0.32305424425940193,0.8834355506665016,0.8544958154860472,False,False,68209,0.1,120.0,preserve_strong_layers,fixed,0.12,0.35,1.0,1.0,1.0,"{""fixed"": 669}",,False,0.0,0.0,0.0,0,0,0,0,0,0,0,0,0,0,0,0,0,1.0,1.0,1.0,"{""fixed"": 669}",0,0,0,0,0,0,False,False,,,,,,,0.0,0.0,0.0,0.0,,1.0,2759,1993,766,2.0,0.5,2.6,current_priority_adaptive,11.0,0.25,off,,0.1,fixed,dense,0.35,0.7,0.7,reanalysis,off,unknown,0.0,0.0,0.0,0.0,0,0.0,0.0,0,0,0.0,0.0,0.0,False,251,3158,0.07948068397720076,0.4128302037715912,0.38165080547332764,19.0174503326416,22.45140838623047,12.722164154052734,10.708075523376465,13.915908813476562,0.10537168383598328,0.05000000074505806,0.18119172751903534,0.23241464793682098,0.32369092106819153,11711.1552734375,,True,False
20260206091200,gaussian,diagnostic_weighted,pydda_3dvar_proxy,diagnostic_adaptive_v3,"8:4,10:5",10,5.0,2,1.0,10.0,default_timepower15_8_4_conservative_v2;moderate_current_support_fresh_context_prefers_10_5,18,986,0.5541974994638088,0.9998007968127489,2.513284962919289,True,10,5.0,2,1.0,21,3,18,986,4565,17.159523452040023,13.740096414382633,-11.47367862923042,5.226585634090073,298938,0.023700550022298202,184877,114061,0.00904304048362321,0,22.570032119750977,186.80911254882812,0.14374206960201263,1.9791773557662964,2.425006866455078,4.871026039123535,7.896615505218506,41.564945220947266,79.0360336303711,17123,28709,9648,36.565372467041016,3553,0.20749868597792442,3428,0.20019856333586405,53,0.003095252000233604,5276,0.36401140945815996,0.9846613545816735,0.9584296405458879,8.0,0.9998007968127489,0.8444183315681059,0.6735644635738337,0.9509355506665015,0.34573704095976493,0.9191712649522157,0.8430536735550084,False,False,114061,0.1,120.0,preserve_strong_layers,fixed,0.12,0.35,1.0,1.0,1.0,"{""fixed"": 1004}",,False,0.0,0.0,0.0,0,0,0,0,0,0,0,0,0,0,0,0,0,1.0,1.0,1.0,"{""fixed"": 1004}",0,0,0,0,0,0,False,False,,,,,,,0.0,0.0,0.0,0.0,,1.0,6992,3554,3438,2.0,0.5,2.6,current_priority_adaptive,11.0,0.25,off,,0.1,fixed,dense,0.35,0.7,0.7,reanalysis,off,unknown,0.0,0.0,0.0,0.0,0,0.0,0.0,0,0,0.0,0.0,0.0,False,2516,12986,0.19374711227475744,167.73899841308594,132.08346557617188,20.684871673583984,61.09828186035156,13.405028343200684,9.257373809814453,16.150310516357422,0.2240515947341919,0.05000000074505806,0.4282367527484894,0.26302844285964966,0.5835215449333191,11939.984375,,True,False
20260210011200,gaussian,diagnostic_weighted,pydda_3dvar_proxy,diagnostic_adaptive_v3,"8:4,10:5",8,4.0,2,1.0,8.0,default_timepower15_8_4_conservative_v2,30,710,0.6039107163660682,1.0,6.529554927675225,True,8,4.0,2,1.0,35,5,30,710,5131,16.083122233828586,12.659900076215143,-4.497831335016061,2.9385717657189376,208012,0.016491710024280265,114224,93788,0.007435746494227243,0,20.337322235107422,170.5137481689453,0.1275758296251297,2.0234365463256836,2.4395360946655273,4.58316707611084,7.643486976623535,31.779932022094727,89.4195556640625,9650,17548,4120,35.78244400024414,3456,0.3581347150259067,2790,0.28911917098445594,6,0.000621761658031088,1685,0.3300409708297659,0.996891891891892,0.9884995876401277,8.0,1.0,0.8429267297321096,0.6909582779392287,0.970240907177316,0.3490517117064233,0.90038182323771,0.8404990497248307,False,False,93788,0.1,120.0,preserve_strong_layers,fixed,0.12,0.35,1.0,1.0,1.0,"{""fixed"": 740}",,False,0.0,0.0,0.0,0,0,0,0,0,0,0,0,0,0,0,0,0,1.0,1.0,1.0,"{""fixed"": 740}",0,0,0,0,0,0,False,False,,,,,,,0.0,0.0,0.0,0.0,,1.0,6283,3459,2824,2.0,0.5,2.6,current_priority_adaptive,11.0,0.25,off,,0.1,fixed,dense,0.35,0.7,0.7,reanalysis,off,unknown,0.0,0.0,0.0,0.0,0,0.0,0.0,0,0,0.0,0.0,0.0,False,4513,15446,0.2921792049721611,1190.548095703125,983.4658813476562,19.165929794311523,69.51476287841797,12.28400707244873,8.08930778503418,16.527910232543945,0.22056853771209717,0.05000000074505806,0.48396217823028564,0.42431187629699707,0.7307682633399963,10172.9453125,,True,False
20260214044200,gaussian,diagnostic_weighted,pydda_3dvar_proxy,diagnostic_adaptive_v3,"8:4,10:5",8,4.0,2,1.0,8.0,default_timepower15_8_4_conservative_v2;moderate_current_support_fresh_context_prefers_10_5;v3_low_error_guard_prefers_8_4,5,380,0.5171595934311165,1.0,8.797236742758013,True,8,4.0,2,1.0,6,1,5,380,5265,1.6553030527322548,1.6553030527322548,1.6375697437211727,-0.2416475343008786,145965,0.011572469154154897,74075,71890,0.0056996184530003465,0,13.953454971313477,89.9878158569336,0.12626133859157562,1.481062412261963,1.312029242515564,3.610583543777466,6.288899898529053,33.28602600097656,67.92033386230469,6153,10086,2467,26.37660026550293,3075,0.499756216479766,2282,0.3708759954493743,27,0.004388103364212579,0,0.328295914594085,0.9984415584415584,0.9802952165829701,8.0,1.0,0.8247032520997638,0.7077860385641634,0.9059355506665014,0.3895483286671913,0.8693698363807872,0.8241155338855399,False,False,71890,0.1,120.0,preserve_strong_layers,fixed,0.12,0.35,1.0,1.0,1.0,"{""fixed"": 385}",,False,0.0,0.0,0.0,0,0,0,0,0,0,0,0,0,0,0,0,0,1.0,1.0,1.0,"{""fixed"": 385}",0,0,0,0,0,0,False,False,,,,,,,0.0,0.0,0.0,0.0,,1.0,5424,3079,2345,2.0,0.5,2.6,current_priority_adaptive,11.0,0.25,off,,0.1,fixed,dense,0.35,0.7,0.7,reanalysis,off,unknown,0.0,0.0,0.0,0.0,0,0.0,0.0,0,0,0.0,0.0,0.0,False,242,3410,0.07096774193548387,51.78211975097656,41.035491943359375,16.46962547302246,22.672019958496094,12.928592681884766,10.826332092285156,14.167155265808105,0.23449362814426422,0.05000000074505806,0.31435731053352356,0.22387740015983582,0.5921075344085693,11838.8427734375,,True,False
20260219045400,gaussian,diagnostic_weighted,pydda_3dvar_proxy,diagnostic_adaptive_v3,"8:4,10:5",10,5.0,2,1.0,10.0,default_timepower15_8_4_conservative_v2;moderate_current_support_fresh_context_prefers_10_5,9,1034,0.5529026072927009,0.9999041227229147,3.2730213779488313,True,10,5.0,2,1.0,11,2,9,1034,5323,8.306361964539345,8.10296616977364,-1.6674800216427395,-1.8195077480925805,271479,0.021523532035082504,164713,106766,0.008464674694019127,0,16.771984100341797,129.7743377685547,0.15132197737693787,1.1587857007980347,1.4978185892105103,2.7311995029449463,4.418378829956055,20.864015579223633,33.33555603027344,2969,9205,1619,29.474990844726562,609,0.20511956887841024,179,0.06028965981812058,28,0.009430784776018861,4,0.3292418702409328,0.9971716203259829,0.9791032246194309,8.0,0.9999041227229147,0.8361110543424218,0.6890771350444089,0.9325247769298669,0.3641976570168403,0.8764212649522158,0.8357601917742515,False,False,106766,0.1,120.0,preserve_strong_layers,fixed,0.12,0.35,1.0,1.0,1.0,"{""fixed"": 1043}",,False,0.0,0.0,0.0,0,0,0,0,0,0,0,0,0,0,0,0,0,1.0,1.0,1.0,"{""fixed"": 1043}",0,0,0,0,0,0,False,False,,,,,,,0.0,0.0,0.0,0.0,,1.0,788,609,179,2.0,0.5,2.6,current_priority_adaptive,11.0,0.25,off,,0.1,fixed,dense,0.35,0.7,0.7,reanalysis,off,unknown,0.0,0.0,0.0,0.0,0,0.0,0.0,0,0,0.0,0.0,0.0,False,349,9629,0.036244677536608164,120.47384643554688,74.70072937011719,16.71880531311035,19.559131622314453,15.185149192810059,13.338814735412598,16.09500503540039,0.37830066680908203,0.18345144391059875,0.4602339267730713,0.08486642688512802,0.7029255628585815,14214.8994140625,,True,False
20260222231200,gaussian,diagnostic_weighted,pydda_3dvar_proxy,diagnostic_adaptive_v3,"8:4,10:5",8,4.0,2,1.0,8.0,default_timepower15_8_4_conservative_v2,7,411,0.451076276805397,0.9992822966507177,13.2737296212705,True,8,4.0,2,1.0,8,1,7,411,1798,1.0545843149406091,1.0545843149406091,1.0464628384327685,0.13062773479620304,171500,0.013596947624002775,88459,83041,0.006583697537287548,0,15.53683853149414,64.6844253540039,0.13387314975261688,1.3857554197311401,1.6294529438018799,3.1210551261901855,5.271100997924805,25.4285888671875,34.11647033691406,12,9440,6,36.7659912109375,0,0.0,6,0.5,0,0.0,0,0.309367783810626,1.0,0.9948870221885981,8.0,0.9992822966507177,0.8234144922048297,0.7483764393726516,0.9509355506665015,0.3924122395448232,0.9393641220950729,0.8214396809901539,False,False,83041,0.1,120.0,preserve_strong_layers,fixed,0.12,0.35,1.0,1.0,1.0,"{""fixed"": 418}",,False,0.0,0.0,0.0,0,0,0,0,0,0,0,0,0,0,0,0,0,1.0,1.0,1.0,"{""fixed"": 418}",0,0,0,0,0,0,False,False,,,,,,,0.0,0.0,0.0,0.0,,1.0,6,0,6,2.0,0.5,2.6,current_priority_adaptive,11.0,0.25,off,,0.1,fixed,dense,0.35,0.7,0.7,reanalysis,off,unknown,0.0,0.0,0.0,0.0,0,0.0,0.0,0,0,0.0,0.0,0.0,False,215,866,0.24826789838337182,0.504669725894928,0.41635236144065857,16.612707138061523,21.545801162719727,12.330591201782227,9.901379585266113,13.602834701538086,0.14129556715488434,0.05000000074505806,0.26705530285835266,0.09426069259643555,0.37750244140625,9811.6279296875,,True,False
20260126203000,gaussian,diagnostic_weighted,pydda_3dvar_proxy,diagnostic_adaptive_v3,"8:4,10:5",8,4.0,2,1.0,8.0,default_timepower15_8_4_conservative_v2,4,459,0.4657727548489951,1.0,19.28615796686115,True,8,4.0,2,1.0,5,1,4,459,985,5.166204933858583,5.166204933858583,0.8684755443773049,-5.092683344509386,198927,0.01577142857142857,105603,93324,0.007398959417273673,0,15.282424926757812,82.47529602050781,0.1154317781329155,1.4986419677734375,1.756745457649231,3.429661750793457,5.912098407745361,33.17558670043945,45.76670455932617,4789,16270,626,10.070876121520996,1587,0.3313844226352057,506,0.10565880141992065,0,0.0,0,0.32395971351422226,1.0,0.9955985392156812,8.0,1.0,0.8435904624535849,0.7499784078093585,0.9617885684381041,0.34757675010314437,0.9563620595523028,0.8426077034374742,False,False,93324,0.1,120.0,preserve_strong_layers,fixed,0.12,0.35,1.0,1.0,1.0,"{""fixed"": 463}",,False,0.0,0.0,0.0,0,0,0,0,0,0,0,0,0,0,0,0,0,1.0,1.0,1.0,"{""fixed"": 463}",0,0,0,0,0,0,False,False,,,,,,,0.0,0.0,0.0,0.0,,1.0,2147,1589,558,2.0,0.5,2.6,current_priority_adaptive,11.0,0.25,off,,0.1,fixed,dense,0.35,0.7,0.7,reanalysis,off,unknown,0.0,0.0,0.0,0.0,0,0.0,0.0,0,0,0.0,0.0,0.0,False,14,1819,0.007696536558548653,1.093496322631836,0.7863144874572754,12.297463417053223,12.496707916259766,11.94832706451416,11.737796783447266,12.440796852111816,0.27505746483802795,0.1825677752494812,0.30244725942611694,0.006059336010366678,0.6543564796447754,4000.0,,True,False
20260131131800,gaussian,diagnostic_weighted,pydda_3dvar_proxy,diagnostic_adaptive_v3,"8:4,10:5",10,5.0,2,1.0,10.0,default_timepower15_8_4_conservative_v2;moderate_current_support_fresh_context_prefers_10_5,17,993,0.5385737355030492,1.0,0.3603302527280387,True,10,5.0,2,1.0,20,3,17,993,4808,12.827769504825696,9.49824141716208,-4.272038838671924,3.0176498518340034,240902,0.019099311233338287,154978,85924,0.006812268965858976,0,17.467681884765625,170.50486755371094,0.16775885224342346,1.5233004093170166,1.8924157619476318,3.75362229347229,6.036432266235352,29.212095260620117,58.421104431152344,11270,14984,4503,24.091569900512695,4288,0.38047914818101153,1930,0.17125110913930788,0,0.0,744,0.3567514337175379,0.9938118811881188,0.9681099208393749,8.0,1.0,0.8439594533207861,0.6707508850607923,0.9509355506665015,0.34675677039825276,0.9027590800782662,0.8429528131849583,False,False,85924,0.1,120.0,preserve_strong_layers,fixed,0.12,0.35,1.0,1.0,1.0,"{""fixed"": 1010}",,False,0.0,0.0,0.0,0,0,0,0,0,0,0,0,0,0,0,0,0,1.0,1.0,1.0,"{""fixed"": 1010}",0,0,0,0,0,0,False,False,,,,,,,0.0,0.0,0.0,0.0,,1.0,6317,4281,2036,2.0,0.5,2.6,current_priority_adaptive,11.0,0.25,off,,0.1,fixed,dense,0.35,0.7,0.7,reanalysis,off,unknown,0.0,0.0,0.0,0.0,0,0.0,0.0,0,0,0.0,0.0,0.0,False,2619,14674,0.1784789423470083,66.76876831054688,57.87870788574219,27.313209533691406,43.269798278808594,12.632037162780762,9.74083423614502,15.787867546081543,0.10988035053014755,0.05000000074505806,0.3372962772846222,0.4977857172489166,0.40487250685691833,12858.916015625,,True,False
20260202181200,gaussian,diagnostic_weighted,pydda_3dvar_proxy,diagnostic_adaptive_v3,"8:4,10:5",8,4.0,2,1.0,8.0,default_timepower15_8_4_conservative_v2,1,618,0.46792221469589224,1.0,39.26576577127818,True,8,4.0,2,1.0,2,1,1,618,1133,40.764003556407964,40.764003556407964,-40.65181064605713,3.0222966670989893,177887,0.014103324909568405,97467,80420,0.006375898121995936,0,17.49555015563965,114.51280975341797,0.13316723704338074,1.8491040468215942,1.750242829322815,4.730131149291992,8.090312957763672,49.97733688354492,68.72826385498047,14436,18499,4504,20.686418533325195,7182,0.4975062344139651,4314,0.29883624272651704,0,0.0,0,0.3308055965776724,0.9993537964458805,0.9897964424143308,8.0,1.0,0.8412993818117314,0.6840419573500094,0.9318235952061992,0.3526680404183746,0.8345784078093587,0.8413102571741948,False,False,80420,0.1,120.0,preserve_strong_layers,fixed,0.12,0.35,1.0,1.0,1.0,"{""fixed"": 619}",,False,0.0,0.0,0.0,0,0,0,0,0,0,0,0,0,0,0,0,0,1.0,1.0,1.0,"{""fixed"": 619}",0,0,0,0,0,0,False,False,,,,,,,0.0,0.0,0.0,0.0,,1.0,11520,7186,4334,2.0,0.5,2.6,current_priority_adaptive,11.0,0.25,off,,0.1,fixed,dense,0.35,0.7,0.7,reanalysis,off,unknown,0.0,0.0,0.0,0.0,0,0.0,0.0,0,0,0.0,0.0,0.0,False,1414,1445,0.9785467128027682,474.20062255859375,342.34368896484375,41.41815948486328,59.62171173095703,13.055350303649902,10.23597240447998,15.0997314453125,0.2422439157962799,0.05000000074505806,0.43779855966567993,0.33214741945266724,0.6691328287124634,12021.923828125,,True,False
20260206100000,gaussian,diagnostic_weighted,pydda_3dvar_proxy,diagnostic_adaptive_v3,"8:4,10:5",8,4.0,2,1.0,8.0,default_timepower15_8_4_conservative_v2,22,1036,0.5425176620206269,0.9997164461247637,6.745689213797604,True,8,4.0,2,1.0,26,4,22,1036,5008,5.487323251368465,4.831859144561293,2.8047089138384096,1.319326451412738,247969,0.019659600614439325,142618,105351,0.008352489965809425,0,22.010149002075195,186.79611206054688,0.13394398987293243,2.094961643218994,2.74958872795105,4.705839157104492,7.667313575744629,38.591739654541016,82.47119903564453,14171,23039,7376,34.824466705322266,3463,0.2443723096464611,2916,0.2057723519864512,12,0.0008467998024133794,4313,0.3584791149293786,0.9852551984877127,0.9577324516028527,8.0,0.9997164461247637,0.8425773858974751,0.6668344143320537,0.9509355506665015,0.34982803133894425,0.9008633119620538,0.8413396538767988,False,False,105351,0.1,120.0,preserve_strong_layers,fixed,0.12,0.35,1.0,1.0,1.0,"{""fixed"": 1058}",,False,0.0,0.0,0.0,0,0,0,0,0,0,0,0,0,0,0,0,0,1.0,1.0,1.0,"{""fixed"": 1058}",0,0,0,0,0,0,False,False,,,,,,,0.0,0.0,0.0,0.0,,1.0,6398,3459,2939,2.0,0.5,2.6,current_priority_adaptive,11.0,0.25,off,,0.1,fixed,dense,0.35,0.7,0.7,reanalysis,off,unknown,0.0,0.0,0.0,0.0,0,0.0,0.0,0,0,0.0,0.0,0.0,False,4312,8253,0.5224766751484309,1215.1318359375,1030.723388671875,32.571006774902344,69.15426635742188,12.409250259399414,8.078734397888184,17.17664909362793,0.21719293296337128,0.05000000074505806,0.513009786605835,0.42501410841941833,0.7009219527244568,10794.9912109375,,True,False
20260210024800,gaussian,diagnostic_weighted,pydda_3dvar_proxy,diagnostic_adaptive_v3,"8:4,10:5",10,5.0,2,1.0,10.0,default_timepower15_8_4_conservative_v2;moderate_current_support_fresh_context_prefers_10_5,11,766,0.6259044368875631,1.0,17.799225051008527,True,10,5.0,2,1.0,13,2,11,766,4892,4.60235812241524,4.293622540876369,2.400819777833071,-3.4184693963422847,267762,0.021228839006986768,158067,109695,0.008696893117288539,0,21.750696182250977,170.53199768066406,0.14501138031482697,1.9470752477645874,2.129488229751587,4.838800430297852,8.025407791137695,34.236080169677734,89.61799621582031,12930,22975,5573,37.10203552246094,4135,0.31979891724671305,3729,0.28839907192575404,8,0.0006187161639597834,2369,0.33107393941036783,0.9970398970398971,0.9831386932711976,8.0,1.0,0.8423133531582774,0.6966855506665015,0.935923678982478,0.35041477075938376,0.8567277584587092,0.8421063577819005,False,False,109695,0.1,120.0,preserve_strong_layers,fixed,0.12,0.35,1.0,1.0,1.0,"{""fixed"": 777}",,False,0.0,0.0,0.0,0,0,0,0,0,0,0,0,0,0,0,0,0,1.0,1.0,1.0,"{""fixed"": 777}",0,0,0,0,0,0,False,False,,,,,,,0.0,0.0,0.0,0.0,,1.0,7921,4137,3784,2.0,0.5,2.6,current_priority_adaptive,11.0,0.25,off,,0.1,fixed,dense,0.35,0.7,0.7,reanalysis,off,unknown,0.0,0.0,0.0,0.0,0,0.0,0.0,0,0,0.0,0.0,0.0,False,4332,10052,0.4309590131317151,674.131591796875,492.2525939941406,43.8138427734375,96.91423797607422,13.299246788024902,9.539746284484863,16.029626846313477,0.22213590145111084,0.05000000074505806,0.47498762607574463,0.2967400848865509,0.5948832631111145,12112.1884765625,,True,False
20260214102400,gaussian,diagnostic_weighted,pydda_3dvar_proxy,diagnostic_adaptive_v3,"8:4,10:5",8,4.0,2,1.0,8.0,default_timepower15_8_4_conservative_v2;low_current_but_stable_context_prefers_10_5;v3_low_error_guard_prefers_8_4,2,313,0.5535675214067277,1.0,4.330555362285136,True,8,4.0,2,1.0,3,1,2,313,4887,1.440971458303309,1.440971458303309,-0.8862181042909647,1.1362289449189782,100555,0.007972251127297953,53821,46734,0.003705188048164115,0,11.330869674682617,38.72340774536133,0.1251942664384842,0.9420041441917419,1.0950955152511597,1.9702664613723755,3.315232276916504,15.14893627166748,29.954927444458008,0,1286,0,0.0,0,0.0,0,0.0,0,0.0,0,0.32246378738984643,1.0,0.983854001462855,8.0,1.0,0.8264750517715211,0.7851017505310108,0.8986850719186955,0.3856109960632862,0.8699355506665014,0.8261973489031829,False,False,46734,0.1,120.0,preserve_strong_layers,fixed,0.12,0.35,1.0,1.0,1.0,"{""fixed"": 315}",,False,0.0,0.0,0.0,0,0,0,0,0,0,0,0,0,0,0,0,0,1.0,1.0,1.0,"{""fixed"": 315}",0,0,0,0,0,0,False,False,,,,,,,0.0,0.0,0.0,0.0,,1.0,0,0,0,2.0,0.5,2.6,current_priority_adaptive,11.0,0.25,off,,0.1,fixed,dense,0.35,0.7,0.7,reanalysis,off,unknown,0.0,0.0,0.0,0.0,0,0.0,0.0,0,0,0.0,0.0,0.0,False,0,2848,0.0,0.0,0.0,4.412848472595215,12.515279769897461,14.28606128692627,11.073454856872559,16.549285888671875,0.2586989998817444,0.05000000074505806,0.4710216522216797,0.33009791374206543,0.6429662704467773,0.0,,True,False
20260219054800,gaussian,diagnostic_weighted,pydda_3dvar_proxy,diagnostic_adaptive_v3,"8:4,10:5",10,5.0,2,1.0,10.0,default_timepower15_8_4_conservative_v2;moderate_current_support_fresh_context_prefers_10_5,14,1104,0.5155350785384805,0.9999105545617174,3.6711395668654037,True,10,5.0,2,1.0,17,3,14,1104,5384,6.973747847643037,4.802467983604713,-4.3950587619374035,-0.8708521956762386,272012,0.02156578960408305,166734,105278,0.008346702343788712,0,16.7469425201416,129.30801391601562,0.1472681313753128,1.1912953853607178,1.5219147205352783,2.795698881149292,4.543306827545166,20.801237106323242,34.251888275146484,3023,9214,1596,30.28899574279785,524,0.1733377439629507,122,0.04035726099900761,20,0.006615944426066821,3,0.3306435386033658,0.9957066189624327,0.979085508513535,8.0,0.9999105545617174,0.834256598172908,0.6665800944686893,0.9402423774357515,0.36831867072687097,0.886888611890991,0.8335891632163382,False,False,105278,0.1,120.0,preserve_strong_layers,fixed,0.12,0.35,1.0,1.0,1.0,"{""fixed"": 1118}",,False,0.0,0.0,0.0,0,0,0,0,0,0,0,0,0,0,0,0,0,1.0,1.0,1.0,"{""fixed"": 1118}",0,0,0,0,0,0,False,False,,,,,,,0.0,0.0,0.0,0.0,,1.0,647,524,123,2.0,0.5,2.6,current_priority_adaptive,11.0,0.25,off,,0.1,fixed,dense,0.35,0.7,0.7,reanalysis,off,unknown,0.0,0.0,0.0,0.0,0,0.0,0.0,0,0,0.0,0.0,0.0,False,481,11659,0.04125568230551505,134.5320281982422,102.86766815185547,16.649614334106445,22.05560874938965,14.204880714416504,10.595805168151855,16.251792907714844,0.26766517758369446,0.05000000074505806,0.4695514440536499,0.3088039457798004,0.6325233578681946,14203.7421875,,True,False
20260223002400,gaussian,diagnostic_weighted,pydda_3dvar_proxy,diagnostic_adaptive_v3,"8:4,10:5",8,4.0,2,1.0,8.0,default_timepower15_8_4_conservative_v2,22,401,0.5561283273206518,0.999290780141844,9.941809333057265,True,8,4.0,2,1.0,26,4,22,401,4676,4.415889767264163,3.6590384531327675,-2.921090609437549,1.2518849581784979,166028,0.013163113819929637,84781,81247,0.006441464744066201,0,15.183255195617676,45.991207122802734,0.13183429837226868,1.3083378076553345,1.5790938138961792,2.8858373165130615,4.83018684387207,24.901145935058594,30.85419464111328,0,7464,0,0.0,0,0.0,0,0.0,0,0.0,0,0.3059231990559319,1.0,0.9941164128439228,8.0,0.999290780141844,0.8324895902765745,0.7724747210958813,0.9252409071773161,0.3722453549409457,0.8829192155376219,0.8297228776687365,False,False,81247,0.1,120.0,preserve_strong_layers,fixed,0.12,0.35,1.0,1.0,1.0,"{""fixed"": 423}",,False,0.0,0.0,0.0,0,0,0,0,0,0,0,0,0,0,0,0,0,1.0,1.0,1.0,"{""fixed"": 423}",0,0,0,0,0,0,False,False,,,,,,,0.0,0.0,0.0,0.0,,1.0,0,0,0,2.0,0.5,2.6,current_priority_adaptive,11.0,0.25,off,,0.1,fixed,dense,0.35,0.7,0.7,reanalysis,off,unknown,0.0,0.0,0.0,0.0,0,0.0,0.0,0,0,0.0,0.0,0.0,False,3670,7083,0.5181420302131865,550.9437866210938,459.4714660644531,33.228050231933594,72.6925277709961,12.979616165161133,9.319337844848633,17.296709060668945,0.2595723271369934,0.05000000074505806,0.5254876017570496,0.4536241888999939,0.8050938248634338,11750.2724609375,,True,False
20260127070600,gaussian,diagnostic_weighted,pydda_3dvar_proxy,diagnostic_adaptive_v3,"8:4,10:5",10,5.0,2,1.0,10.0,default_timepower15_8_4_conservative_v2;moderate_current_support_fresh_context_prefers_10_5,14,1261,0.5774305926568313,1.0,7.141301039622966,True,10,5.0,2,1.0,17,3,14,1261,4515,2.6605348492936765,2.3701352261288346,-0.8939123604230086,-0.558469367180111,300074,0.0237906149348397,192894,107180,0.008497497646300976,0,14.903938293457031,198.2169952392578,0.15699324011802673,1.1703534126281738,1.358913540840149,2.839226007461548,4.551369667053223,19.084379196166992,38.99991226196289,1406,8914,416,26.711977005004883,277,0.19701280227596016,174,0.12375533428165007,0,0.0,170,0.35852584628162876,0.9961568627450982,0.9706580542041041,8.0,1.0,0.8493665705150306,0.6686705676922298,0.944609337358253,0.33474095441104285,0.8907876794417762,0.8489067009472476,False,False,107180,0.1,120.0,preserve_strong_layers,fixed,0.12,0.35,1.0,1.0,1.0,"{""fixed"": 1275}",,False,0.0,0.0,0.0,0,0,0,0,0,0,0,0,0,0,0,0,0,1.0,1.0,1.0,"{""fixed"": 1275}",0,0,0,0,0,0,False,False,,,,,,,0.0,0.0,0.0,0.0,,1.0,458,277,181,2.0,0.5,2.6,current_priority_adaptive,11.0,0.25,off,,0.1,fixed,dense,0.35,0.7,0.7,reanalysis,off,unknown,0.0,0.0,0.0,0.0,0,0.0,0.0,0,0,0.0,0.0,0.0,False,1404,12986,0.10811643308178037,233.82470703125,154.39852905273438,17.072189331054688,74.91893768310547,13.535270690917969,9.664469718933105,16.792320251464844,0.19892846047878265,0.05000000074505806,0.4871332347393036,0.24014200270175934,0.47418907284736633,12690.8828125,,True,False
20260131182400,gaussian,diagnostic_weighted,pydda_3dvar_proxy,diagnostic_adaptive_v3,"8:4,10:5",8,4.0,2,1.0,6.0,default_timepower15_8_4_conservative_v2;dense_current_stale_conflict_prefers_6_3,42,640,0.4789007194125755,1.0,24.178405794736715,True,8,4.0,2,1.0,48,6,42,640,1027,39.07398864407974,27.43686085345195,-9.27706005143811,-4.245781927980135,197320,0.01564402160447946,114981,82339,0.006528041226896586,0,19.0496768951416,104.28045654296875,0.12596221268177032,1.8373335599899292,2.3100123405456543,3.950070858001709,6.624294281005859,31.952383041381836,62.014339447021484,17131,14338,3684,14.623312950134277,6925,0.4042379312357714,2454,0.14324908061409142,0,0.0,0,0.33311387843624335,0.9938416422287389,0.9887002540495414,8.0,1.0,0.8393931020986257,0.7207401610390672,0.9509355506665015,0.35690421755860957,0.8756748344313404,0.8370121134142913,False,False,82339,0.1,120.0,preserve_strong_layers,fixed,0.12,0.35,1.0,1.0,1.0,"{""fixed"": 682}",,False,0.0,0.0,0.0,0,0,0,0,0,0,0,0,0,0,0,0,0,1.0,1.0,1.0,"{""fixed"": 682}",0,0,0,0,0,0,False,False,,,,,,,0.0,0.0,0.0,0.0,,1.0,9471,6938,2533,2.0,0.5,2.6,current_priority_adaptive,11.0,0.25,off,,0.1,fixed,dense,0.35,0.7,0.7,reanalysis,off,unknown,0.0,0.0,0.0,0.0,0,0.0,0.0,0,0,0.0,0.0,0.0,False,9729,12504,0.7780710172744721,1619.8507080078125,1231.010498046875,38.218692779541016,146.39117431640625,12.400100708007812,7.591537952423096,16.721446990966797,0.20024637877941132,0.05000000074505806,0.49915239214897156,0.29679998755455017,0.5715275406837463,10410.01171875,,True,False
20260202224200,gaussian,diagnostic_weighted,pydda_3dvar_proxy,diagnostic_adaptive_v3,"8:4,10:5",8,4.0,2,1.0,8.0,default_timepower15_8_4_conservative_v2;moderate_current_support_fresh_context_prefers_10_5;v3_low_error_guard_prefers_8_4,5,623,0.5168446970625306,0.9998407643312102,43.67624887397862,True,8,4.0,2,1.0,6,1,5,623,1004,4.337905925424349,4.337905925424349,-4.314343310573349,-0.45151923142062067,162724,0.012901164461622318,90373,72351,0.0057361676824736136,0,20.289583206176758,101.79521179199219,0.14014773070812225,2.0695629119873047,2.0092673301696777,5.033566474914551,8.829119682312012,51.619449615478516,70.05421447753906,16638,20622,5228,19.954349517822266,8186,0.49200625075129223,4049,0.24335857675201347,0,0.0,0,0.3355263368225707,0.9993630573248408,0.9852928667004822,8.0,0.9998407643312102,0.8389385660996148,0.6910008850607923,0.9167885684381041,0.35791429755641185,0.8181726935236444,0.8391052263931618,False,False,72351,0.1,120.0,preserve_strong_layers,fixed,0.12,0.35,1.0,1.0,1.0,"{""fixed"": 628}",,False,0.0,0.0,0.0,0,0,0,0,0,0,0,0,0,0,0,0,0,1.0,1.0,1.0,"{""fixed"": 628}",0,0,0,0,0,0,False,False,,,,,,,0.0,0.0,0.0,0.0,,1.0,12325,8214,4111,2.0,0.5,2.6,current_priority_adaptive,11.0,0.25,off,,0.1,fixed,dense,0.35,0.7,0.7,reanalysis,off,unknown,0.0,0.0,0.0,0.0,0,0.0,0.0,0,0,0.0,0.0,0.0,False,1670,3267,0.5111723293541476,114.70809936523438,93.59545135498047,34.481414794921875,50.40377426147461,13.435103416442871,10.340874671936035,16.145130157470703,0.22661134600639343,0.05000000074505806,0.4555381238460541,0.3432821035385132,0.6235804557800293,12509.5810546875,,True,False
20260206145400,gaussian,diagnostic_weighted,pydda_3dvar_proxy,diagnostic_adaptive_v3,"8:4,10:5",10,5.0,2,1.0,10.0,default_timepower15_8_4_conservative_v2;moderate_current_support_fresh_context_prefers_10_5,9,926,0.5679940553327976,0.9996791443850268,25.831321008991623,True,10,5.0,2,1.0,11,2,9,926,4580,6.402853220963286,5.383770077010294,-4.0941274864872215,0.528492074492139,272372,0.02159433130171944,169353,103019,0.008167603191120362,0,24.500167846679688,128.1450653076172,0.14546823501586914,1.871994137763977,2.2000794410705566,4.522672653198242,7.431630611419678,35.65964126586914,77.1056900024414,21494,23362,5696,19.711944580078125,7351,0.342002419279799,3465,0.16120777891504606,0,0.0,1215,0.35893131543487183,0.9958823529411766,0.9672518160041795,8.0,0.9996791443850268,0.8415302266419015,0.6966855506665015,0.970240907177316,0.35215505190688545,0.9588433024816612,0.8403900347600897,False,False,103019,0.1,120.0,preserve_strong_layers,fixed,0.12,0.35,1.0,1.0,1.0,"{""fixed"": 935}",,False,0.0,0.0,0.0,0,0,0,0,0,0,0,0,0,0,0,0,0,1.0,1.0,1.0,"{""fixed"": 935}",0,0,0,0,0,0,False,False,,,,,,,0.0,0.0,0.0,0.0,,1.0,10903,7362,3541,2.0,0.5,2.6,current_priority_adaptive,11.0,0.25,off,,0.1,fixed,dense,0.35,0.7,0.7,reanalysis,off,unknown,0.0,0.0,0.0,0.0,0,0.0,0.0,0,0,0.0,0.0,0.0,False,45,4855,0.009268795056642637,2.154980421066284,1.6057463884353638,14.271866798400879,19.45983123779297,12.198097229003906,11.757307052612305,12.485869407653809,0.23987552523612976,0.1484474241733551,0.29041266441345215,0.01763514056801796,0.592095673084259,2988.888916015625,,True,False
20260210041800,gaussian,diagnostic_weighted,pydda_3dvar_proxy,diagnostic_adaptive_v3,"8:4,10:5",8,4.0,2,1.0,8.0,default_timepower15_8_4_conservative_v2,25,860,0.554996666564948,1.0,6.238290770674092,True,8,4.0,2,1.0,29,4,25,860,4819,4.487471321125626,4.0678616401766545,-1.1418940916963845,-0.7663094240692074,220883,0.017512154997274664,122379,98504,0.007809642733263961,0,20.444963455200195,171.0930633544922,0.1355748027563095,2.0068395137786865,2.343907356262207,4.637456893920898,7.675337314605713,32.44911575317383,89.65616607666016,9543,17756,4351,39.880516052246094,3250,0.34056376401550875,2797,0.29309441475427017,1,0.00010478885046631039,2102,0.3343649149154762,0.9948022598870057,0.9775402183830857,8.0,1.0,0.8410462417864619,0.6719105101268252,0.9509355506665015,0.35323843042723946,0.8793332780417529,0.8399332465464827,False,False,98504,0.1,120.0,preserve_strong_layers,fixed,0.12,0.35,1.0,1.0,1.0,"{""fixed"": 885}",,False,0.0,0.0,0.0,0,0,0,0,0,0,0,0,0,0,0,0,0,1.0,1.0,1.0,"{""fixed"": 885}",0,0,0,0,0,0,False,False,,,,,,,0.0,0.0,0.0,0.0,,1.0,6097,3248,2849,2.0,0.5,2.6,current_priority_adaptive,11.0,0.25,off,,0.1,fixed,dense,0.35,0.7,0.7,reanalysis,off,unknown,0.0,0.0,0.0,0.0,0,0.0,0.0,0,0,0.0,0.0,0.0,False,3621,11900,0.30428571428571427,1234.326416015625,1055.4735107421875,44.407196044921875,255.871826171875,11.664093017578125,7.9902496337890625,16.77532386779785,0.20094680786132812,0.05000000074505806,0.4863482117652893,0.34682154655456543,0.6438790559768677,9209.7490234375,,True,False
20260214153000,gaussian,diagnostic_weighted,pydda_3dvar_proxy,diagnostic_adaptive_v3,"8:4,10:5",8,4.0,2,1.0,8.0,default_timepower15_8_4_conservative_v2,11,275,0.6011885823125954,1.0,14.339387790030022,True,8,4.0,2,1.0,13,2,11,275,3847,3.511427681140102,3.196624618339288,-1.3816182179895775,1.821884364576234,114709,0.009094415539368713,60397,54312,0.004305990783410138,0,14.043367385864258,73.02932739257812,0.1305096596479416,1.364727258682251,1.5357075929641724,3.0305888652801514,5.259548664093018,27.71795654296875,47.59709167480469,2340,7193,566,13.336633682250977,1700,0.7264957264957265,566,0.24188034188034188,0,0.0,0,0.32086940590767593,1.0,0.9927724959180778,8.0,1.0,0.8370993586357312,0.7641212649522158,0.9104355506665015,0.36200142525393064,0.8883446415755922,0.8350495473181367,False,False,54312,0.1,120.0,preserve_strong_layers,fixed,0.12,0.35,1.0,1.0,1.0,"{""fixed"": 286}",,False,0.0,0.0,0.0,0,0,0,0,0,0,0,0,0,0,0,0,0,1.0,1.0,1.0,"{""fixed"": 286}",0,0,0,0,0,0,False,False,,,,,,,0.0,0.0,0.0,0.0,,1.0,2266,1700,566,2.0,0.5,2.6,current_priority_adaptive,11.0,0.25,off,,0.1,fixed,dense,0.35,0.7,0.7,reanalysis,off,unknown,0.0,0.0,0.0,0.0,0,0.0,0.0,0,0,0.0,0.0,0.0,False,178,5913,0.030103162523253846,3.765349864959717,2.3445122241973877,16.050561904907227,27.69114875793457,13.78971004486084,11.545957565307617,16.390525817871094,0.24193918704986572,0.05000000074505806,0.41216176748275757,0.05320730060338974,0.4955715239048004,11660.1123046875,,True,False
20260219081800,gaussian,diagnostic_weighted,pydda_3dvar_proxy,diagnostic_adaptive_v3,"8:4,10:5",10,5.0,2,1.0,10.0,default_timepower15_8_4_conservative_v2;moderate_current_support_fresh_context_prefers_10_5,14,1064,0.5316407111258572,0.9999072356215214,6.430099638440107,True,10,5.0,2,1.0,16,2,14,1064,4701,5.04948246959053,4.860266721410853,-1.8214612047798102,-3.721492747692616,264079,0.020936841583667806,163816,100263,0.007949100639215103,0,16.868762969970703,131.39544677734375,0.14844752848148346,1.2863012552261353,1.5921956300735474,3.1128551959991455,4.959197998046875,22.171531677246094,37.684600830078125,2631,9274,1686,34.082244873046875,103,0.039148612694792854,113,0.04294944887875333,11,0.004180919802356519,26,0.34285907014145633,0.9953617810760668,0.9659653690876191,8.0,0.9999072356215214,0.8330353645357551,0.6922969644808622,0.9328503521202718,0.37103252325387776,0.87373385761571,0.8324998580478609,False,False,100263,0.1,120.0,preserve_strong_layers,fixed,0.12,0.35,1.0,1.0,1.0,"{""fixed"": 1078}",,False,0.0,0.0,0.0,0,0,0,0,0,0,0,0,0,0,0,0,0,1.0,1.0,1.0,"{""fixed"": 1078}",0,0,0,0,0,0,False,False,,,,,,,0.0,0.0,0.0,0.0,,1.0,216,103,113,2.0,0.5,2.6,current_priority_adaptive,11.0,0.25,off,,0.1,fixed,dense,0.35,0.7,0.7,reanalysis,off,unknown,0.0,0.0,0.0,0.0,0,0.0,0.0,0,0,0.0,0.0,0.0,False,95,12080,0.007864238410596027,2.409909725189209,1.97756028175354,15.026945114135742,18.49396514892578,13.734949111938477,11.133477210998535,15.152761459350586,0.19321371614933014,0.05000000074505806,0.3202957808971405,0.23936045169830322,0.4334314167499542,13052.6318359375,,True,False
20260223060000,gaussian,diagnostic_weighted,pydda_3dvar_proxy,diagnostic_adaptive_v3,"8:4,10:5",8,4.0,2,1.0,8.0,default_timepower15_8_4_conservative_v2;moderate_current_support_fresh_context_prefers_10_5;v3_low_error_guard_prefers_8_4,8,796,0.5335286821213124,0.9993781094527363,14.707405475550752,True,8,4.0,2,1.0,10,2,8,796,5307,5.140996752393742,5.135539617879383,4.0628799956376405,3.0508867584405204,181409,0.014382557851444428,104284,77125,0.006114662306129528,0,18.219850540161133,173.77682495117188,0.1265818178653717,1.4926267862319946,1.958587884902954,3.433418035507202,5.571882247924805,24.96356964111328,37.01740646362305,3086,8429,1133,32.364681243896484,499,0.16169799092676604,400,0.12961762799740764,0,0.0,2515,0.3201370641125442,0.9967661691542288,0.9823963815915775,8.0,0.9993781094527363,0.8303171290042801,0.6644956612482407,0.9509355506665015,0.377073046657155,0.9154980506665015,0.8294610393393332,False,False,77125,0.1,120.0,preserve_strong_layers,fixed,0.12,0.35,1.0,1.0,1.0,"{""fixed"": 804}",,False,0.0,0.0,0.0,0,0,0,0,0,0,0,0,0,0,0,0,0,1.0,1.0,1.0,"{""fixed"": 804}",0,0,0,0,0,0,False,False,,,,,,,0.0,0.0,0.0,0.0,,1.0,901,499,402,2.0,0.5,2.6,current_priority_adaptive,11.0,0.25,off,,0.1,fixed,dense,0.35,0.7,0.7,reanalysis,off,unknown,0.0,0.0,0.0,0.0,0,0.0,0.0,0,0,0.0,0.0,0.0,False,929,5499,0.16893980723767957,104.81463623046875,78.4037094116211,20.558740615844727,40.471378326416016,12.42741870880127,8.600924491882324,15.19357967376709,0.1918339878320694,0.05000000074505806,0.3706017732620239,0.1965140700340271,0.5391889214515686,9953.7138671875,,True,False
20260127080600,gaussian,diagnostic_weighted,pydda_3dvar_proxy,diagnostic_adaptive_v3,"8:4,10:5",8,4.0,2,1.0,8.0,default_timepower15_8_4_conservative_v2,19,1280,0.5678405104712069,1.0,9.550225747227687,True,8,4.0,2,1.0,22,3,19,1280,4583,2.717531111934398,2.439769082896465,-1.5241921058281278,-1.1803442646206366,258305,0.020479064466577473,154468,103837,0.008232456270749715,0,14.077554702758789,198.2864227294922,0.14429233968257904,1.223655104637146,1.5248194932937622,2.736649513244629,4.44134521484375,19.21966552734375,41.8427619934082,1266,8002,442,30.687475204467773,338,0.2669826224328594,211,0.16666666666666666,0,0.0,133,0.35589801770116597,0.9960739030023094,0.9724293873565901,8.0,1.0,0.8478269189766185,0.6777639100481472,0.944609337358253,0.3381624022741812,0.8889381950883003,0.8472166734718357,False,False,103837,0.1,120.0,preserve_strong_layers,fixed,0.12,0.35,1.0,1.0,1.0,"{""fixed"": 1299}",,False,0.0,0.0,0.0,0,0,0,0,0,0,0,0,0,0,0,0,0,1.0,1.0,1.0,"{""fixed"": 1299}",0,0,0,0,0,0,False,False,,,,,,,0.0,0.0,0.0,0.0,,1.0,556,339,217,2.0,0.5,2.6,current_priority_adaptive,11.0,0.25,off,,0.1,fixed,dense,0.35,0.7,0.7,reanalysis,off,unknown,0.0,0.0,0.0,0.0,0,0.0,0.0,0,0,0.0,0.0,0.0,False,297,7570,0.0392338177014531,167.06173706054688,93.2288818359375,19.46223258972168,25.463314056396484,15.375335693359375,13.48633098602295,16.87592315673828,0.41909557580947876,0.16837970912456512,0.5224056839942932,0.07273657619953156,0.7867980003356934,13900.673828125,,True,False
20260131204800,gaussian,diagnostic_weighted,pydda_3dvar_proxy,diagnostic_adaptive_v3,"8:4,10:5",8,4.0,2,1.0,8.0,default_timepower15_8_4_conservative_v2,5,663,0.43546985592557824,1.0,10.22876319487269,True,8,4.0,2,1.0,6,1,5,663,935,7.29679027567331,7.29679027567331,7.07579746722204,1.7822004741371629,237748,0.018849254249046134,132288,105460,0.008361131757593777,0,16.481082916259766,104.23532104492188,0.12232324481010437,1.646996259689331,2.1164350509643555,3.617046356201172,6.019486427307129,27.358564376831055,61.18949890136719,16074,13093,3327,14.65156078338623,6888,0.42851810377006344,2244,0.13960432997387084,0,0.0,0,0.3293638677788012,0.9934131736526947,0.9923496827173321,8.0,1.0,0.8359457241035898,0.7169355506665015,0.9318235952061992,0.36456505754757784,0.8871641220950728,0.8355594616752983,False,False,105460,0.1,120.0,preserve_strong_layers,fixed,0.12,0.35,1.0,1.0,1.0,"{""fixed"": 668}",,False,0.0,0.0,0.0,0,0,0,0,0,0,0,0,0,0,0,0,0,1.0,1.0,1.0,"{""fixed"": 668}",0,0,0,0,0,0,False,False,,,,,,,0.0,0.0,0.0,0.0,,1.0,9203,6893,2310,2.0,0.5,2.6,current_priority_adaptive,11.0,0.25,off,,0.1,fixed,dense,0.35,0.7,0.7,reanalysis,off,unknown,0.0,0.0,0.0,0.0,0,0.0,0.0,0,0,0.0,0.0,0.0,False,2122,2948,0.7198100407055631,36.9793701171875,31.422718048095703,27.840974807739258,52.918087005615234,12.195401191711426,9.147780418395996,15.527520179748535,0.13138937950134277,0.05000000074505806,0.2941620945930481,0.38495922088623047,0.4466927945613861,11305.13671875,,True,False
20260203014200,gaussian,diagnostic_weighted,pydda_3dvar_proxy,diagnostic_adaptive_v3,"8:4,10:5",8,4.0,2,1.0,8.0,default_timepower15_8_4_conservative_v2,1,653,0.578338141794504,0.9998470948012232,41.76332616797934,True,8,4.0,2,1.0,2,1,1,653,4811,23.880174736655437,23.880174736655437,21.79602766992404,-9.756839819588222,173812,0.013780248748823151,94782,79030,0.006265695456122095,0,18.816741943359375,108.61778259277344,0.13531479239463806,1.8819355964660645,1.9378818273544312,4.731050491333008,8.117499351501465,49.64064407348633,69.25172424316406,13530,17282,4579,22.395288467407227,6647,0.49127864005912786,3982,0.2943089430894309,0,0.0,0,0.34145727044735064,0.998776758409786,0.9839750690794777,8.0,0.9998470948012232,0.8419155934615096,0.6848645340984175,0.9252409071773161,0.35129868119664553,0.8260926935236443,0.8419398245487038,False,False,79030,0.1,120.0,preserve_strong_layers,fixed,0.12,0.35,1.0,1.0,1.0,"{""fixed"": 654}",,False,0.0,0.0,0.0,0,0,0,0,0,0,0,0,0,0,0,0,0,1.0,1.0,1.0,"{""fixed"": 654}",0,0,0,0,0,0,False,False,,,,,,,0.0,0.0,0.0,0.0,,1.0,10690,6658,4032,2.0,0.5,2.6,current_priority_adaptive,11.0,0.25,off,,0.1,fixed,dense,0.35,0.7,0.7,reanalysis,off,unknown,0.0,0.0,0.0,0.0,0,0.0,0.0,0,0,0.0,0.0,0.0,False,584,1397,0.4180386542591267,29.84408187866211,24.295263290405273,41.28831481933594,86.4399642944336,13.590997695922852,10.909089088439941,15.446157455444336,0.2121896743774414,0.05000000074505806,0.34507909417152405,0.38147005438804626,0.6052947640419006,12907.5341796875,,True,False
20260206180600,gaussian,diagnostic_weighted,pydda_3dvar_proxy,diagnostic_adaptive_v3,"8:4,10:5",10,5.0,2,1.0,10.0,default_timepower15_8_4_conservative_v2;moderate_current_support_fresh_context_prefers_10_5,8,748,0.5320817022251951,0.9996031746031747,27.351827006415327,True,10,5.0,2,1.0,10,2,8,748,1187,6.468892088363268,5.303426443992542,4.363420912115605,1.0982040148500456,259126,0.020544155393687133,159352,99774,0.007910331499925673,0,27.017730712890625,128.14505004882812,0.14189887046813965,2.1857709884643555,2.599419355392456,5.186600685119629,8.594611167907715,41.488563537597656,75.6607894897461,32891,28500,7488,16.90492057800293,9798,0.2978930406494178,3891,0.11829983886169469,1,3.0403453832355356e-05,1215,0.3575333361023075,0.9922619047619047,0.9681908671495975,8.0,0.9996031746031747,0.8324109627531572,0.6716172461837487,0.9509355506665015,0.37242008277076183,0.9256230506665015,0.8314140420268112,False,False,99774,0.1,120.0,preserve_strong_layers,fixed,0.12,0.35,1.0,1.0,1.0,"{""fixed"": 756}",,False,0.0,0.0,0.0,0,0,0,0,0,0,0,0,0,0,0,0,0,1.0,1.0,1.0,"{""fixed"": 756}",0,0,0,0,0,0,False,False,,,,,,,0.0,0.0,0.0,0.0,,1.0,13832,9830,4002,2.0,0.5,2.6,current_priority_adaptive,11.0,0.25,off,,0.1,fixed,dense,0.35,0.7,0.7,reanalysis,off,unknown,0.0,0.0,0.0,0.0,0,0.0,0.0,0,0,0.0,0.0,0.0,False,3285,4609,0.7127359513994359,720.1099853515625,521.0118408203125,39.98323059082031,75.79390716552734,11.614659309387207,8.509185791015625,14.50130558013916,0.2376125603914261,0.05000000074505806,0.44826647639274597,0.3254145085811615,0.767207145690918,7989.64990234375,,True,False
20260210055400,gaussian,diagnostic_weighted,pydda_3dvar_proxy,diagnostic_adaptive_v3,"8:4,10:5",10,5.0,2,1.0,10.0,default_timepower15_8_4_conservative_v2;moderate_current_support_fresh_context_prefers_10_5,7,940,0.5016856278636452,0.9997888067581837,15.273791294169813,True,10,5.0,2,1.0,9,2,7,940,5159,5.71103874298432,4.697396997358809,3.1746351313681416,0.7688798155092109,279657,0.022171904266389177,166843,112814,0.00894417521431049,0,21.542816162109375,170.53793334960938,0.13793425261974335,1.9960143566131592,2.229179859161377,4.92692756652832,8.173243522644043,36.62641143798828,85.23340606689453,14033,23915,6468,36.8901481628418,5166,0.36813225967362645,4123,0.2938074538587615,10,0.0007126060001425212,2474,0.3412185619647502,0.9939281942977825,0.9756709034953865,8.0,0.9997888067581837,0.8381593476495376,0.6635609793801038,0.9357352053691056,0.3596458941121387,0.891664122095073,0.8377609078398368,False,False,112814,0.1,120.0,preserve_strong_layers,fixed,0.12,0.35,1.0,1.0,1.0,"{""fixed"": 947}",,False,0.0,0.0,0.0,0,0,0,0,0,0,0,0,0,0,0,0,0,1.0,1.0,1.0,"{""fixed"": 947}",0,0,0,0,0,0,False,False,,,,,,,0.0,0.0,0.0,0.0,,1.0,9350,5165,4185,2.0,0.5,2.6,current_priority_adaptive,11.0,0.25,off,,0.1,fixed,dense,0.35,0.7,0.7,reanalysis,off,unknown,0.0,0.0,0.0,0.0,0,0.0,0.0,0,0,0.0,0.0,0.0,False,2181,6024,0.36205179282868527,613.9937744140625,528.9220581054688,19.382843017578125,49.39451217651367,12.471941947937012,9.160240173339844,16.15460777282715,0.19644664227962494,0.05000000074505806,0.3721804618835449,0.36176598072052,0.5944668650627136,11658.642578125,,True,False
20260215020600,gaussian,diagnostic_weighted,pydda_3dvar_proxy,diagnostic_adaptive_v3,"8:4,10:5",8,4.0,2,1.0,8.0,default_timepower15_8_4_conservative_v2,24,436,0.5501784546916446,0.9996739130434783,26.621433085820353,True,8,4.0,2,1.0,28,4,24,436,5333,4.641052590322316,3.7371218055228614,2.2774501809658956,2.182725048895101,147846,0.01172159952430504,78019,69827,0.005536058669045141,0,19.64999771118164,105.04306030273438,0.13228924572467804,1.9607670307159424,2.080681324005127,4.750695705413818,8.123722076416016,39.310462951660156,74.61235046386719,12187,15911,3633,19.986034393310547,7041,0.5777467793550505,3391,0.27824731271026504,0,0.0,0,0.3513000756231728,0.9982608695652173,0.9891578570609331,8.0,0.9996739130434783,0.8461642976278595,0.7169355506665015,0.9339137105927138,0.3418571163825346,0.8660871890843062,0.8450676247036514,False,False,69827,0.1,120.0,preserve_strong_layers,fixed,0.12,0.35,1.0,1.0,1.0,"{""fixed"": 460}",,False,0.0,0.0,0.0,0,0,0,0,0,0,0,0,0,0,0,0,0,1.0,1.0,1.0,"{""fixed"": 460}",0,0,0,0,0,0,False,False,,,,,,,0.0,0.0,0.0,0.0,,1.0,10464,7047,3417,2.0,0.5,2.6,current_priority_adaptive,11.0,0.25,off,,0.1,fixed,dense,0.35,0.7,0.7,reanalysis,off,unknown,0.0,0.0,0.0,0.0,0,0.0,0.0,0,0,0.0,0.0,0.0,False,1465,4238,0.34568192543652665,32.506343841552734,23.891498565673828,46.49546813964844,88.57502746582031,14.267142295837402,12.010143280029297,16.74386978149414,0.27145901322364807,0.05000000074505806,0.49344801902770996,0.18251949548721313,0.611448347568512,12641.638671875,,True,False
20260219084800,gaussian,diagnostic_weighted,pydda_3dvar_proxy,diagnostic_adaptive_v3,"8:4,10:5",10,5.0,2,1.0,10.0,default_timepower15_8_4_conservative_v2;moderate_current_support_fresh_context_prefers_10_5,17,1044,0.5367375645510218,0.9999057492931198,7.723553524732613,True,10,5.0,2,1.0,20,3,17,1044,5016,2.363261005027124,2.2642003898306458,-0.14010035216763583,-0.3549612648946727,262160,0.02078469847876716,162943,99217,0.007866171151082702,0,16.883705139160156,131.39544677734375,0.14844080805778503,1.2973119020462036,1.6081243753433228,3.1553876399993896,5.018159866333008,21.736974716186523,40.083980560302734,2864,9284,1749,34.971797943115234,184,0.06424581005586592,161,0.05621508379888268,20,0.006983240223463687,99,0.34104368331793466,0.9952874646559849,0.9658929478264614,8.0,0.9999057492931198,0.8328541031942154,0.6963487987547077,0.9509355506665015,0.3714353262350768,0.8988718915682902,0.831779100893105,False,False,99217,0.1,120.0,preserve_strong_layers,fixed,0.12,0.35,1.0,1.0,1.0,"{""fixed"": 1061}",,False,0.0,0.0,0.0,0,0,0,0,0,0,0,0,0,0,0,0,0,1.0,1.0,1.0,"{""fixed"": 1061}",0,0,0,0,0,0,False,False,,,,,,,0.0,0.0,0.0,0.0,,1.0,345,184,161,2.0,0.5,2.6,current_priority_adaptive,11.0,0.25,off,,0.1,fixed,dense,0.35,0.7,0.7,reanalysis,off,unknown,0.0,0.0,0.0,0.0,0,0.0,0.0,0,0,0.0,0.0,0.0,False,1037,14822,0.0699635676696802,186.24520874023438,138.711181640625,21.724355697631836,102.6234130859375,12.471935272216797,8.42333984375,15.768954277038574,0.26551440358161926,0.05000000074505806,0.49134954810142517,0.213078573346138,0.7174506187438965,8795.564453125,,True,False
20260223065400,gaussian,diagnostic_weighted,pydda_3dvar_proxy,diagnostic_adaptive_v3,"8:4,10:5",8,4.0,2,1.0,8.0,default_timepower15_8_4_conservative_v2;moderate_current_support_fresh_context_prefers_10_5;v3_low_error_guard_prefers_8_4,7,813,0.5443178792079018,0.999390243902439,9.347341428834445,True,8,4.0,2,1.0,9,2,7,813,5274,2.837164705923647,2.4394183398467293,0.6260253924715924,-1.5832046323768711,180693,0.014325791586145385,104027,76666,0.00607827164164313,0,18.459388732910156,173.78912353515625,0.13057786226272583,1.4794871807098389,1.9592963457107544,3.366304636001587,5.488095760345459,24.158906936645508,41.564762115478516,4475,7491,1244,27.440143585205078,845,0.1888268156424581,650,0.1452513966480447,0,0.0,2702,0.31518860684804767,0.9968292682926829,0.9885170381189298,8.0,0.999390243902439,0.8303460209642604,0.6716172461837487,0.9509355506665015,0.37700884230164355,0.8836451654501998,0.8298871107411344,False,False,76666,0.1,120.0,preserve_strong_layers,fixed,0.12,0.35,1.0,1.0,1.0,"{""fixed"": 820}",,False,0.0,0.0,0.0,0,0,0,0,0,0,0,0,0,0,0,0,0,1.0,1.0,1.0,"{""fixed"": 820}",0,0,0,0,0,0,False,False,,,,,,,0.0,0.0,0.0,0.0,,1.0,1498,845,653,2.0,0.5,2.6,current_priority_adaptive,11.0,0.25,off,,0.1,fixed,dense,0.35,0.7,0.7,reanalysis,off,unknown,0.0,0.0,0.0,0.0,0,0.0,0.0,0,0,0.0,0.0,0.0,False,1773,6924,0.25606585788561526,122.6915512084961,90.48826599121094,57.392333984375,70.05683898925781,14.320476531982422,11.561097145080566,16.362510681152344,0.27063339948654175,0.05000000074505806,0.3852382004261017,0.19457028806209564,0.6027129292488098,12921.6015625,,True,False
20260127093600,gaussian,diagnostic_weighted,pydda_3dvar_proxy,diagnostic_adaptive_v3,"8:4,10:5",10,5.0,2,1.0,10.0,default_timepower15_8_4_conservative_v2;moderate_current_support_fresh_context_prefers_10_5,8,1222,0.5498365148723204,1.0,12.880332738083151,True,10,5.0,2,1.0,10,2,8,1222,4444,7.86787839092999,7.865117734191561,5.089818665265941,-5.759769998022632,310120,0.02458708686388187,198576,111544,0.008843486447648779,0,14.396585464477539,198.24534606933594,0.1571943610906601,1.0521105527877808,1.293473243713379,2.5752127170562744,4.068089962005615,17.916728973388672,35.78489303588867,1142,8302,695,37.45997619628906,237,0.2075306479859895,206,0.18038528896672504,3,0.002626970227670753,94,0.35731700671691546,0.9926829268292683,0.9655679451948469,8.0,1.0,0.8461548761816993,0.6685361058307048,0.9509355506665015,0.34187805292955703,0.9509355506665015,0.8454689143192784,False,False,111544,0.1,120.0,preserve_strong_layers,fixed,0.12,0.35,1.0,1.0,1.0,"{""fixed"": 1230}",,False,0.0,0.0,0.0,0,0,0,0,0,0,0,0,0,0,0,0,0,1.0,1.0,1.0,"{""fixed"": 1230}",0,0,0,0,0,0,False,False,,,,,,,0.0,0.0,0.0,0.0,,1.0,449,238,211,2.0,0.5,2.6,current_priority_adaptive,11.0,0.25,off,,0.1,fixed,dense,0.35,0.7,0.7,reanalysis,off,unknown,0.0,0.0,0.0,0.0,0,0.0,0.0,0,0,0.0,0.0,0.0,False,205,6074,0.03375041159038525,1.0755550861358643,0.9497399926185608,14.967092514038086,21.2758731842041,11.248525619506836,8.53994369506836,12.653345108032227,0.1370551437139511,0.05000000074505806,0.25242310762405396,0.2199949324131012,0.47746679186820984,7031.70751953125,,True,False
20260201011200,gaussian,diagnostic_weighted,pydda_3dvar_proxy,diagnostic_adaptive_v3,"8:4,10:5",8,4.0,2,1.0,8.0,default_timepower15_8_4_conservative_v2,28,891,0.557480058064456,1.0,2.8587657506204724,True,8,4.0,2,1.0,32,4,28,891,5101,3.9537128216148067,3.362088232037798,1.9114571755441925,2.089707642133213,271882,0.021555482879936572,154802,117080,0.00928239433130172,0,14.889754295349121,159.11183166503906,0.13644932210445404,1.4694881439208984,1.816245198249817,3.2580995559692383,5.448404788970947,24.464860916137695,58.0178337097168,9742,13259,2662,20.76136589050293,4322,0.44364606856908234,2135,0.21915417778690208,10,0.0010264832683227264,516,0.33831227714276946,0.9949945593035908,0.9802617260523653,8.0,1.0,0.8506502244606475,0.674027834221666,0.9509355506665015,0.33188839008744997,0.906918203727726,0.8488819826879446,False,False,117080,0.1,120.0,preserve_strong_layers,fixed,0.12,0.35,1.0,1.0,1.0,"{""fixed"": 919}",,False,0.0,0.0,0.0,0,0,0,0,0,0,0,0,0,0,0,0,0,1.0,1.0,1.0,"{""fixed"": 919}",0,0,0,0,0,0,False,False,,,,,,,0.0,0.0,0.0,0.0,,1.0,6513,4327,2186,2.0,0.5,2.6,current_priority_adaptive,11.0,0.25,off,,0.1,fixed,dense,0.35,0.7,0.7,reanalysis,off,unknown,0.0,0.0,0.0,0.0,0,0.0,0.0,0,0,0.0,0.0,0.0,False,3237,18037,0.17946443421855077,581.422607421875,458.8095397949219,20.92763900756836,62.81880569458008,12.924837112426758,8.187429428100586,16.78885269165039,0.2224428653717041,0.05000000074505806,0.4824766218662262,0.3202119767665863,0.6236844062805176,11664.041015625,,True,False
20260203023000,gaussian,diagnostic_weighted,pydda_3dvar_proxy,diagnostic_adaptive_v3,"8:4,10:5",10,5.0,2,1.0,10.0,default_timepower15_8_4_conservative_v2;moderate_current_support_fresh_context_prefers_10_5,6,652,0.579100446935488,0.9998480243161094,19.702640655584155,True,10,5.0,2,1.0,7,1,6,652,4857,3.3773966712854095,3.3773966712854095,0.9240974326075673,-3.248515385565823,214235,0.01698508498092265,124399,89836,0.007122422080174422,0,19.396881103515625,108.61324310302734,0.13525111973285675,1.7833701372146606,1.7720333337783813,4.816553592681885,8.117775917053223,47.71719741821289,68.71836853027344,13079,21451,4661,23.279483795166016,5632,0.4306139613120269,4013,0.30682773912378625,0,0.0,0,0.3398274424288828,0.9987841945288755,0.9829060478230113,8.0,0.9998480243161094,0.8418007026238069,0.6911438920756654,0.9252409071773161,0.351553994169318,0.8703948716267661,0.8415375660992399,False,False,89836,0.1,120.0,preserve_strong_layers,fixed,0.12,0.35,1.0,1.0,1.0,"{""fixed"": 658}",,False,0.0,0.0,0.0,0,0,0,0,0,0,0,0,0,0,0,0,0,1.0,1.0,1.0,"{""fixed"": 658}",0,0,0,0,0,0,False,False,,,,,,,0.0,0.0,0.0,0.0,,1.0,9716,5649,4067,2.0,0.5,2.6,current_priority_adaptive,11.0,0.25,off,,0.1,fixed,dense,0.35,0.7,0.7,reanalysis,off,unknown,0.0,0.0,0.0,0.0,0,0.0,0.0,0,0,0.0,0.0,0.0,False,59,5940,0.009932659932659932,19.748554229736328,16.6601619720459,18.404605865478516,31.61018943786621,13.908090591430664,11.466999053955078,15.21491813659668,0.2826458215713501,0.05605819821357727,0.4209635853767395,0.27934202551841736,0.6972475051879883,12771.1865234375,,True,False
20260207001200,gaussian,diagnostic_weighted,pydda_3dvar_proxy,diagnostic_adaptive_v3,"8:4,10:5",8,4.0,2,1.0,8.0,default_timepower15_8_4_conservative_v2,22,870,0.5645566089480734,0.9999439461883408,9.570826394050703,True,8,4.0,2,1.0,26,4,22,870,4267,49.37070361343369,26.857288006147893,-23.970358421020883,5.492938513171342,230956,0.018310767553639563,125404,105552,0.008368425746989743,0,20.27718734741211,130.80885314941406,0.1336761713027954,1.9703725576400757,2.3874001502990723,4.411782741546631,7.450861930847168,37.39482116699219,68.98291778564453,16973,22723,4425,19.548490524291992,5416,0.3190950332881636,2935,0.17292169916926883,3,0.0001767513109055559,18,0.34672847311340316,0.9927130044843049,0.9784688937206037,8.0,0.9999439461883408,0.8429541879621921,0.7072275513242516,0.9509355506665015,0.34899069341735084,0.8801043818353326,0.8420147577722966,False,False,105552,0.1,120.0,preserve_strong_layers,fixed,0.12,0.35,1.0,1.0,1.0,"{""fixed"": 892}",,False,0.0,0.0,0.0,0,0,0,0,0,0,0,0,0,0,0,0,0,1.0,1.0,1.0,"{""fixed"": 892}",0,0,0,0,0,0,False,False,,,,,,,0.0,0.0,0.0,0.0,,1.0,8473,5452,3021,2.0,0.5,2.6,current_priority_adaptive,11.0,0.25,off,,0.1,fixed,dense,0.35,0.7,0.7,reanalysis,off,unknown,0.0,0.0,0.0,0.0,0,0.0,0.0,0,0,0.0,0.0,0.0,False,3752,12142,0.3090100477680777,697.99365234375,458.4033508300781,64.3377685546875,128.42681884765625,14.041903495788574,10.938445091247559,16.2906551361084,0.29311835765838623,0.05000000074505806,0.49674710631370544,0.14726735651493073,0.6356163620948792,12420.17578125,,True,False
20260210100600,gaussian,diagnostic_weighted,pydda_3dvar_proxy,diagnostic_adaptive_v3,"8:4,10:5",8,4.0,2,1.0,8.0,default_timepower15_8_4_conservative_v2,42,858,0.5425689392050033,0.9997777777777778,18.244106144722444,True,8,4.0,2,1.0,48,6,42,858,4764,18.106069804708508,9.159480723750521,2.1128895528240386,-7.903433734076928,197185,0.015633318467865816,113158,84027,0.006661870075813884,0,20.46676254272461,216.11561584472656,0.12490224093198776,2.196028232574463,2.6589772701263428,5.073552131652832,8.289105415344238,36.3201904296875,108.8073959350586,8136,16747,4305,45.498722076416016,2562,0.3148967551622419,2582,0.3173549655850541,27,0.00331858407079646,3084,0.3508833491005666,0.9875555555555555,0.963189083524077,8.0,0.9997777777777778,0.847051285795007,0.6631043260710267,0.970240907177316,0.3398860315666511,0.9292096241875447,0.8430295489506171,False,False,84027,0.1,120.0,preserve_strong_layers,fixed,0.12,0.35,1.0,1.0,1.0,"{""fixed"": 900}",,False,0.0,0.0,0.0,0,0,0,0,0,0,0,0,0,0,0,0,0,1.0,1.0,1.0,"{""fixed"": 900}",0,0,0,0,0,0,False,False,,,,,,,0.0,0.0,0.0,0.0,,1.0,5179,2566,2613,2.0,0.5,2.6,current_priority_adaptive,11.0,0.25,off,,0.1,fixed,dense,0.35,0.7,0.7,reanalysis,off,unknown,0.0,0.0,0.0,0.0,0,0.0,0.0,0,0,0.0,0.0,0.0,False,11022,15173,0.7264219336980162,2465.508056640625,2066.7939453125,42.10329818725586,134.4844512939453,12.256510734558105,7.97358512878418,16.613189697265625,0.20233747363090515,0.05000000074505806,0.45975762605667114,0.3567245304584503,0.6358465552330017,9716.0673828125,,True,False
20260215023600,gaussian,diagnostic_weighted,pydda_3dvar_proxy,diagnostic_adaptive_v3,"8:4,10:5",8,4.0,2,1.0,8.0,default_timepower15_8_4_conservative_v2,2,495,0.5685144640295171,0.9996981891348089,7.382508776562369,True,8,4.0,2,1.0,3,1,2,495,5115,4.012730254497501,4.012730254497501,-1.3563103993973726,3.7765627488294324,152908,0.012122927506070066,81109,71799,0.005692403746097815,0,19.844514846801758,105.04309844970703,0.13514702022075653,1.9208333492279053,2.0814576148986816,4.699076175689697,8.029080390930176,39.12429428100586,74.6086196899414,12153,16550,3611,19.856971740722656,6933,0.5704764255739324,3334,0.27433555500699414,0,0.0,0,0.35183405983706556,0.998390342052314,0.9870937920134049,8.0,0.9996981891348089,0.843224876382081,0.7169355506665015,0.9339137105927138,0.34838916359537536,0.8901855506665015,0.8430351362839622,False,False,71799,0.1,120.0,preserve_strong_layers,fixed,0.12,0.35,1.0,1.0,1.0,"{""fixed"": 497}",,False,0.0,0.0,0.0,0,0,0,0,0,0,0,0,0,0,0,0,0,1.0,1.0,1.0,"{""fixed"": 497}",0,0,0,0,0,0,False,False,,,,,,,0.0,0.0,0.0,0.0,,1.0,10283,6936,3347,2.0,0.5,2.6,current_priority_adaptive,11.0,0.25,off,,0.1,fixed,dense,0.35,0.7,0.7,reanalysis,off,unknown,0.0,0.0,0.0,0.0,0,0.0,0.0,0,0,0.0,0.0,0.0,False,149,2135,0.06978922716627635,36.217960357666016,24.4038028717041,16.265464782714844,23.01953887939453,13.223542213439941,10.486980438232422,14.98133659362793,0.18405647575855255,0.05000000074505806,0.3890729248523712,0.33850499987602234,0.48023104667663574,12936.2412109375,,True,False
20260219093600,gaussian,diagnostic_weighted,pydda_3dvar_proxy,diagnostic_adaptive_v3,"8:4,10:5",10,5.0,2,1.0,10.0,default_timepower15_8_4_conservative_v2;moderate_current_support_fresh_context_prefers_10_5,16,995,0.5473419885287614,0.9999010880316518,3.9626842223228476,True,10,5.0,2,1.0,19,3,16,995,5237,3.51095376796587,3.16337509463986,0.18922279195696548,0.22032640437261972,256392,0.02032739705663743,157663,98729,0.007827481294286705,0,16.536041259765625,131.39878845214844,0.14947004616260529,1.290680170059204,1.612707257270813,3.0624301433563232,4.846158027648926,21.052953720092773,37.181060791015625,1585,8547,1133,44.34737777709961,202,0.12744479495268138,639,0.4031545741324921,10,0.006309148264984227,99,0.3378963340049282,0.9948565776458951,0.9684400523718331,8.0,0.9999010880316518,0.8341895144488833,0.689191049775924,0.9407139565357139,0.36846774566914825,0.8872123363807872,0.833336886156511,False,False,98729,0.1,120.0,preserve_strong_layers,fixed,0.12,0.35,1.0,1.0,1.0,"{""fixed"": 1011}",,False,0.0,0.0,0.0,0,0,0,0,0,0,0,0,0,0,0,0,0,1.0,1.0,1.0,"{""fixed"": 1011}",0,0,0,0,0,0,False,False,,,,,,,0.0,0.0,0.0,0.0,,1.0,841,202,639,2.0,0.5,2.6,current_priority_adaptive,11.0,0.25,off,,0.1,fixed,dense,0.35,0.7,0.7,reanalysis,off,unknown,0.0,0.0,0.0,0.0,0,0.0,0.0,0,0,0.0,0.0,0.0,False,4524,12322,0.367148190228859,720.5365600585938,598.1508178710938,70.87712097167969,140.57376098632812,13.397518157958984,10.088369369506836,16.85275650024414,0.23339247703552246,0.05000000074505806,0.4677072763442993,0.4259793162345886,0.7029595375061035,12556.9189453125,,True,False
20260223083000,gaussian,diagnostic_weighted,pydda_3dvar_proxy,diagnostic_adaptive_v3,"8:4,10:5",8,4.0,2,1.0,8.0,default_timepower15_8_4_conservative_v2,1,904,0.5340169733122997,0.9991160220994476,20.047352532891,True,8,4.0,2,1.0,2,1,1,904,4901,3.155357434804261,3.155357434804261,-2.574694966033647,1.8240686317284016,175465,0.013911302710470244,100985,74480,0.0059049601109954905,0,18.609106063842773,183.53150939941406,0.1452288180589676,1.512576937675476,2.0659897327423096,3.4488837718963623,5.606718063354492,24.42842674255371,38.39380645751953,3876,8145,1364,32.41111755371094,478,0.12332301341589268,512,0.13209494324045407,0,0.0,3399,0.32818162907398374,0.9949723756906077,0.97808934030728,8.0,0.9991160220994476,0.8308665974516463,0.6704665178235374,0.9318235952061992,0.37585200566300825,0.8529641220950729,0.8308421532872178,False,False,74480,0.1,120.0,preserve_strong_layers,fixed,0.12,0.35,1.0,1.0,1.0,"{""fixed"": 905}",,False,0.0,0.0,0.0,0,0,0,0,0,0,0,0,0,0,0,0,0,1.0,1.0,1.0,"{""fixed"": 905}",0,0,0,0,0,0,False,False,,,,,,,0.0,0.0,0.0,0.0,,1.0,993,478,515,2.0,0.5,2.6,current_priority_adaptive,11.0,0.25,off,,0.1,fixed,dense,0.35,0.7,0.7,reanalysis,off,unknown,0.0,0.0,0.0,0.0,0,0.0,0.0,0,0,0.0,0.0,0.0,False,223,1445,0.15432525951557094,7.5937395095825195,6.07971715927124,16.620676040649414,23.525344848632812,14.363382339477539,11.360997200012207,16.038232803344727,0.21912305057048798,0.05000000074505806,0.3684539198875427,0.17401468753814697,0.464962899684906,13665.9189453125,,True,False
20260127121200,gaussian,diagnostic_weighted,pydda_3dvar_proxy,diagnostic_adaptive_v3,"8:4,10:5",8,4.0,2,1.0,8.0,default_timepower15_8_4_conservative_v2,31,1186,0.5002153249184121,1.0,13.114304096732965,True,8,4.0,2,1.0,36,5,31,1186,4509,5.965762428665507,5.0634693590500275,1.3324127034386215,0.08037560080781994,256291,0.020319389524800554,157222,99069,0.007854437342054408,0,17.25271224975586,197.64620971679688,0.1422082632780075,1.5654315948486328,2.0694165229797363,3.525148868560791,5.76300573348999,26.301715850830078,63.416839599609375,10967,13656,3697,22.514366149902344,4830,0.4404121455274916,2443,0.22275918665086167,47,0.0042855840248016775,745,0.34753562686102857,0.9927691043549712,0.9720831439812593,8.0,1.0,0.8399554117638163,0.6648536574888408,0.9509355506665015,0.3556574971839113,0.9078126118173572,0.8381817412733781,False,False,99069,0.1,120.0,preserve_strong_layers,fixed,0.12,0.35,1.0,1.0,1.0,"{""fixed"": 1217}",,False,0.0,0.0,0.0,0,0,0,0,0,0,0,0,0,0,0,0,0,1.0,1.0,1.0,"{""fixed"": 1217}",0,0,0,0,0,0,False,False,,,,,,,0.0,0.0,0.0,0.0,,1.0,7369,4835,2534,2.0,0.5,2.6,current_priority_adaptive,11.0,0.25,off,,0.1,fixed,dense,0.35,0.7,0.7,reanalysis,off,unknown,0.0,0.0,0.0,0.0,0,0.0,0.0,0,0,0.0,0.0,0.0,False,4353,20341,0.21400127820657786,404.17095947265625,290.1161193847656,88.71229553222656,256.9577331542969,13.127094268798828,8.580015182495117,16.74873924255371,0.22109848260879517,0.05000000074505806,0.4653267562389374,0.25334998965263367,0.5424495935440063,11568.91796875,,True,False
20260201033000,gaussian,diagnostic_weighted,pydda_3dvar_proxy,diagnostic_adaptive_v3,"8:4,10:5",10,5.0,2,1.0,10.0,default_timepower15_8_4_conservative_v2;moderate_current_support_fresh_context_prefers_10_5,7,1127,0.5961859451007667,1.0,4.17500408896742,True,10,5.0,2,1.0,8,1,7,1127,4654,4.402231627704594,4.402231627704594,-2.4752607232803534,3.640429597691495,346496,0.027471066845052277,218635,127861,0.010137138893018186,0,15.475484848022461,157.14414978027344,0.15031352639198303,1.346045970916748,1.6247085332870483,3.3246617317199707,5.439093589782715,23.63809585571289,56.61970138549805,10205,16490,3037,22.35983657836914,3817,0.37403233708966194,2024,0.1983341499265066,13,0.0012738853503184713,1620,0.3387694490615588,0.993121693121693,0.978693213581354,8.0,1.0,0.8527677023550619,0.6711815635010575,0.9450474041886935,0.327182883655418,0.8912600404624199,0.8525286195096745,False,False,127861,0.1,120.0,preserve_strong_layers,fixed,0.12,0.35,1.0,1.0,1.0,"{""fixed"": 1134}",,False,0.0,0.0,0.0,0,0,0,0,0,0,0,0,0,0,0,0,0,1.0,1.0,1.0,"{""fixed"": 1134}",0,0,0,0,0,0,False,False,,,,,,,0.0,0.0,0.0,0.0,,1.0,5906,3817,2089,2.0,0.5,2.6,current_priority_adaptive,11.0,0.25,off,,0.1,fixed,dense,0.35,0.7,0.7,reanalysis,off,unknown,0.0,0.0,0.0,0.0,0,0.0,0.0,0,0,0.0,0.0,0.0,False,538,9160,0.058733624454148474,2.7612104415893555,2.217150926589966,30.465068817138672,111.26124572753906,13.636628150939941,11.928576469421387,16.81105613708496,0.20034389197826385,0.08619439601898193,0.4530150294303894,0.09489704668521881,0.4361226260662079,11820.6318359375,,True,False
20260203075400,gaussian,diagnostic_weighted,pydda_3dvar_proxy,diagnostic_adaptive_v3,"8:4,10:5",10,5.0,2,1.0,10.0,default_timepower15_8_4_conservative_v2;moderate_current_support_fresh_context_prefers_10_5,14,648,0.5132064579343156,1.0,6.1672384917034275,True,10,5.0,2,1.0,16,2,14,648,4538,10.802383920015078,9.461774530058687,-9.027022238707929,2.7603988665798225,170719,0.013535027996630493,103347,67372,0.005341420147663644,0,18.98306655883789,108.61483764648438,0.14367762207984924,1.6951820850372314,1.8991189002990723,4.200340747833252,6.948268890380859,35.051448822021484,50.35560989379883,4430,13466,2403,30.895601272583008,769,0.17358916478555306,805,0.18171557562076748,0,0.0,0,0.35026567532872294,0.9987915407854986,0.9718432476190364,8.0,1.0,0.8447436449961238,0.6963487987547077,0.9509355506665015,0.3450141222308361,0.8864172336659049,0.8438432896853567,False,False,67372,0.1,120.0,preserve_strong_layers,fixed,0.12,0.35,1.0,1.0,1.0,"{""fixed"": 662}",,False,0.0,0.0,0.0,0,0,0,0,0,0,0,0,0,0,0,0,0,1.0,1.0,1.0,"{""fixed"": 662}",0,0,0,0,0,0,False,False,,,,,,,0.0,0.0,0.0,0.0,,1.0,1608,769,839,2.0,0.5,2.6,current_priority_adaptive,11.0,0.25,off,,0.1,fixed,dense,0.35,0.7,0.7,reanalysis,off,unknown,0.0,0.0,0.0,0.0,0,0.0,0.0,0,0,0.0,0.0,0.0,False,1827,11690,0.1562874251497006,1061.6229248046875,868.5403442382812,22.98703956604004,50.74851989746094,11.849267959594727,8.44660472869873,16.779125213623047,0.2266186624765396,0.05000000074505806,0.5111131072044373,0.27727577090263367,0.6844071745872498,9489.8740234375,,True,False
20260207010600,gaussian,diagnostic_weighted,pydda_3dvar_proxy,diagnostic_adaptive_v3,"8:4,10:5",8,4.0,2,1.0,8.0,default_timepower15_8_4_conservative_v2,23,897,0.6079099649926223,1.0,8.63944892926941,True,8,4.0,2,1.0,27,4,23,897,4829,10.237787174153176,8.557396249679792,0.9632179809853065,5.514334349531756,229096,0.018163302115851543,126591,102505,0.00812685198949507,0,20.061504364013672,134.37576293945312,0.1311606466770172,1.8788769245147705,2.3346104621887207,4.178110122680664,6.970938682556152,34.95868682861328,68.42416381835938,13930,20772,3653,19.250545501708984,4593,0.3297200287150036,2784,0.1998564249820531,9,0.0006460875807609476,18,0.341848130914579,0.9927173913043478,0.9815790046513669,8.0,1.0,0.8445027836199064,0.7051000150492666,0.9509355506665015,0.3455493697335415,0.8895278122837709,0.8433482957054482,False,False,102505,0.1,120.0,preserve_strong_layers,fixed,0.12,0.35,1.0,1.0,1.0,"{""fixed"": 920}",,False,0.0,0.0,0.0,0,0,0,0,0,0,0,0,0,0,0,0,0,1.0,1.0,1.0,"{""fixed"": 920}",0,0,0,0,0,0,False,False,,,,,,,0.0,0.0,0.0,0.0,,1.0,7414,4603,2811,2.0,0.5,2.6,current_priority_adaptive,11.0,0.25,off,,0.1,fixed,dense,0.35,0.7,0.7,reanalysis,off,unknown,0.0,0.0,0.0,0.0,0,0.0,0.0,0,0,0.0,0.0,0.0,False,1252,11332,0.11048358630427109,185.23480224609375,124.33010864257812,33.05780029296875,66.35118865966797,13.99183177947998,10.008426666259766,16.379844665527344,0.31481868028640747,0.05000000074505806,0.442293643951416,0.1223769411444664,0.683608889579773,11783.5458984375,,True,False
20260211000000,gaussian,diagnostic_weighted,pydda_3dvar_proxy,diagnostic_adaptive_v3,"8:4,10:5",10,5.0,2,1.0,10.0,default_timepower15_8_4_conservative_v2;moderate_current_support_fresh_context_prefers_10_5,12,904,0.5546798033223326,1.0,2.561238468666738,True,10,5.0,2,1.0,14,2,12,904,3543,3.552872061255761,2.833784692635507,2.0314504705511593,1.9601359153793076,275852,0.021870234378871214,167830,108022,0.008564253505772756,0,15.658515930175781,129.77671813964844,0.14005771279335022,1.4916307926177979,1.675635576248169,4.042178630828857,6.494362831115723,27.465818405151367,62.464534759521484,5845,16589,1955,25.44801139831543,2524,0.43182207014542345,1387,0.23729683490162531,0,0.0,4,0.33365125526170014,0.9986353711790393,0.9870670938539721,8.0,1.0,0.8458913988340184,0.7169355506665015,0.9318235952061992,0.34246355814662566,0.9113399688141351,0.8450226125068487,False,False,108022,0.1,120.0,preserve_strong_layers,fixed,0.12,0.35,1.0,1.0,1.0,"{""fixed"": 916}",,False,0.0,0.0,0.0,0,0,0,0,0,0,0,0,0,0,0,0,0,1.0,1.0,1.0,"{""fixed"": 916}",0,0,0,0,0,0,False,False,,,,,,,0.0,0.0,0.0,0.0,,1.0,3943,2523,1420,2.0,0.5,2.6,current_priority_adaptive,11.0,0.25,off,,0.1,fixed,dense,0.35,0.7,0.7,reanalysis,off,unknown,0.0,0.0,0.0,0.0,0,0.0,0.0,0,0,0.0,0.0,0.0,False,1125,5938,0.18945772987537893,173.83909606933594,138.82118225097656,26.33730125427246,54.341407775878906,12.81893539428711,9.338459014892578,15.3460693359375,0.24828727543354034,0.05000000074505806,0.4384683072566986,0.25309473276138306,0.6687015891075134,10715.111328125,,True,False
20260215041800,gaussian,diagnostic_weighted,pydda_3dvar_proxy,diagnostic_adaptive_v3,"8:4,10:5",8,4.0,2,1.0,8.0,default_timepower15_8_4_conservative_v2,21,624,0.544663105363287,0.9994573643410855,16.766555722306695,True,8,4.0,2,1.0,25,4,21,624,5088,6.751520415217176,5.566381496284362,-3.0580647803681966,-1.6133596009908415,159477,0.012643734205440762,90962,68515,0.005432040037659185,0,20.1835994720459,105.04322814941406,0.12202595919370651,1.9793263673782349,2.2080912590026855,4.828914642333984,8.194806098937988,39.10658645629883,70.86626434326172,12039,17360,3630,19.611412048339844,6367,0.5288645236315308,3041,0.25259573054240386,0,0.0,0,0.34956291846262777,0.9987596899224807,0.9857926945834018,8.0,0.9994573643410855,0.8462096197485798,0.7045958176123202,0.9571380680420841,0.3417564005587118,0.9157237064135777,0.8438702033704306,False,False,68515,0.1,120.0,preserve_strong_layers,fixed,0.12,0.35,1.0,1.0,1.0,"{""fixed"": 645}",,False,0.0,0.0,0.0,0,0,0,0,0,0,0,0,0,0,0,0,0,1.0,1.0,1.0,"{""fixed"": 645}",0,0,0,0,0,0,False,False,,,,,,,0.0,0.0,0.0,0.0,,1.0,9428,6379,3049,2.0,0.5,2.6,current_priority_adaptive,11.0,0.25,off,,0.1,fixed,dense,0.35,0.7,0.7,reanalysis,off,unknown,0.0,0.0,0.0,0.0,0,0.0,0.0,0,0,0.0,0.0,0.0,False,2772,11190,0.2477211796246649,608.2379760742188,502.1712646484375,16.876848220825195,82.13764953613281,12.74614143371582,7.788816452026367,16.892423629760742,0.22152097523212433,0.05000000074505806,0.5107921361923218,0.31788843870162964,0.62203049659729,10609.3076171875,,True,False
20260220002400,gaussian,diagnostic_weighted,pydda_3dvar_proxy,diagnostic_adaptive_v3,"8:4,10:5",10,5.0,2,1.0,10.0,default_timepower15_8_4_conservative_v2;moderate_current_support_fresh_context_prefers_10_5,7,359,0.5946104798484885,1.0,3.538732732387444,True,10,5.0,2,1.0,8,1,7,359,4442,4.523940916259648,4.523940916259648,-3.562155071042934,-2.788743922207863,171088,0.013564283236707794,93901,77187,0.0061195778207224615,0,16.470090866088867,121.62869262695312,0.13322563469409943,1.3204984664916992,1.5891488790512085,3.168165683746338,5.229858875274658,24.12613296508789,45.826717376708984,5836,7545,2126,20.472631454467773,1509,0.2585675119945168,714,0.1223440712816998,0,0.0,99,0.30796980712652156,0.9971311475409835,0.988888489216293,8.0,1.0,0.8251204933907139,0.6916237549747024,0.9104355506665015,0.3886211257984131,0.8856763669930322,0.8239397381951258,False,False,77187,0.1,120.0,preserve_strong_layers,fixed,0.12,0.35,1.0,1.0,1.0,"{""fixed"": 366}",,False,0.0,0.0,0.0,0,0,0,0,0,0,0,0,0,0,0,0,0,1.0,1.0,1.0,"{""fixed"": 366}",0,0,0,0,0,0,False,False,,,,,,,0.0,0.0,0.0,0.0,,1.0,2223,1509,714,2.0,0.5,2.6,current_priority_adaptive,11.0,0.25,off,,0.1,fixed,dense,0.35,0.7,0.7,reanalysis,off,unknown,0.0,0.0,0.0,0.0,0,0.0,0.0,0,0,0.0,0.0,0.0,False,0,7724,0.0,0.0,0.0,3.1606411933898926,12.849678039550781,13.664491653442383,9.913640975952148,17.298255920410156,0.2865354120731354,0.05000000074505806,0.5277092456817627,0.3466985523700714,0.7608721256256104,0.0,,True,False
20260223133000,gaussian,diagnostic_weighted,pydda_3dvar_proxy,diagnostic_adaptive_v3,"8:4,10:5",10,5.0,2,1.0,10.0,default_timepower15_8_4_conservative_v2;moderate_current_support_fresh_context_prefers_10_5,17,671,0.6279681936501181,0.9991279069767444,19.186164043044123,True,10,5.0,2,1.0,20,3,17,671,5225,109.69269797723214,80.43043119863744,-28.08865064870562,73.22609065706949,190357,0.015091977602695605,116573,73784,0.005849779495565135,0,18.67692756652832,162.3753662109375,0.1438707560300827,1.4349656105041504,1.791723608970642,3.5782759189605713,5.875720500946045,28.376447677612305,50.78866958618164,4013,11713,1967,37.81499099731445,1116,0.2780961873909793,763,0.1901320707699975,0,0.0,3051,0.3259702446302525,0.9973837209302326,0.9835016332163282,8.0,0.9991279069767444,0.8357943060587089,0.6966855506665015,0.9369501977978081,0.3649065952226802,0.8599611905432619,0.8351820302968052,False,False,73784,0.1,120.0,preserve_strong_layers,fixed,0.12,0.35,1.0,1.0,1.0,"{""fixed"": 688}",,False,0.0,0.0,0.0,0,0,0,0,0,0,0,0,0,0,0,0,0,1.0,1.0,1.0,"{""fixed"": 688}",0,0,0,0,0,0,False,False,,,,,,,0.0,0.0,0.0,0.0,,1.0,1881,1115,766,2.0,0.5,2.6,current_priority_adaptive,11.0,0.25,off,,0.1,fixed,dense,0.35,0.7,0.7,reanalysis,off,unknown,0.0,0.0,0.0,0.0,0,0.0,0.0,0,0,0.0,0.0,0.0,False,2438,16009,0.1522893372477981,391.96685791015625,244.6578369140625,73.43942260742188,139.4884490966797,15.104975700378418,11.122138977050781,16.52227020263672,0.3671104311943054,0.05000000074505806,0.4641075134277344,0.11142841726541519,0.7280358672142029,13339.41796875,,True,False
