time_str,kernel,confidence_mode,physics_constraint_mode,localization_policy,localization_radius_xy,localization_sigma_xy,localization_radius_z,localization_sigma_z,strict_holdout_no_leakage,motion_used_as_wind,z,y,x,lat,lon,alt_m,gt_u,gt_v,gt_speed,pred_u,pred_v,pred_speed,u_error,v_error,abs_u_error,abs_v_error,vector_error,error_to_truth_speed_ratio,recon_confidence,obs_count,obs_conf,nearest_role_gap_mps,nearest_current_count,nearest_context_count,recon_vertical_jump_mps,vertical_speed_gap_mps,vertical_neighbor_max_speed_mps,point_neighbor_count,point_neighbor_mean_vector_error,point_neighbor_min_vector_error,point_neighbor_weighted_vector_error,point_neighbor_std_vector_error,representativeness_gap_point_minus_min_mps,role_overlap_at_point,role_conflict_at_point,role_conflict_component_gap_at_point_mps,role_conflict_threshold_at_point_mps,role_conflict_context_factor_at_point,role_conflict_current_density_at_point,role_conflict_context_time_conf_at_point,role_conflict_context_weight_at_point,role_conflict_context_removed_weight_at_point,qc_review_flag,qc_review_reasons,nearest_train_distance_vox,nearest_train_source_role,nearest_train_u,nearest_train_v,nearest_train_base_weight,nearest_observations_json,frame_holdout_wind_records,frame_rmse_vector,frame_mae_vector,adaptive_reasons,adaptive_current_support,adaptive_context_support
20260127152400,gaussian,diagnostic_weighted,pydda_3dvar_proxy,diagnostic_adaptive_v3,10,5.0,2,1.0,True,False,5,403,503,21.92,113.28,2500.0,-4.914912265733951,-3.441458618106277,6.0,5.506777233676985e-05,-0.0001801186299417168,0.00018834856092419562,4.914967333506287,3.4412784994763355,4.914967333506287,3.4412784994763355,5.9999417997503945,0.999990299958399,5.519439946510829e-05,1,1.0,0.0,3,0,0.005214211530983448,0.002512931590899825,0.005402560345828533,18,5.999137216144138,5.998330116271973,5.998408775740885,0.0008046633934502951,0.001611683478421888,False,False,0.0,13.75,0.44999998807907104,0.0,1.0,0.0,0.0,False,,6.6332495807108,current_wind_train,2.6313453425046345,-8.606742803667318,0.5669373788524215,"[{""distance_vox"": 6.6332495807108, ""source_role"": ""current_wind_train"", ""z"": 11, ""y"": 401, ""x"": 501, ""u"": 2.6313453425046345, ""v"": -8.606742803667318, ""base_weight"": 0.5669373788524215, ""time_conf"": 1.0, ""qc_flags"": ""ok""}, {""distance_vox"": 8.774964387392123, ""source_role"": ""current_wind_train"", ""z"": 13, ""y"": 400, ""x"": 501, ""u"": 2.247639560495474, ""v"": -5.563103127400724, ""base_weight"": 0.5669373788524215, ""time_conf"": 1.0, ""qc_flags"": ""ok""}, {""distance_vox"": 10.954451150103322, ""source_role"": ""current_wind_train"", ""z"": 15, ""y"": 399, ""x"": 501, ""u"": 3.0000000000000027, ""v"": -5.19615242270663, ""base_weight"": 0.5669373788524215, ""time_conf"": 1.0, ""qc_flags"": ""ok""}]",2,6.2302509464603695,6.226143249244829,default_timepower15_8_4_conservative_v2;moderate_current_support_fresh_context_prefers_10_5,11,765
20260201042400,gaussian,diagnostic_weighted,pydda_3dvar_proxy,diagnostic_adaptive_v3,8,4.0,2,1.0,True,False,5,327,503,28.000000000000004,113.28,2500.0,0.8290375725550418,0.5591929034707466,1.0,1.4494186639785767,-0.8181431293487549,1.6643835626411405,0.6203810914235348,-1.3773360328195015,0.6203810914235348,1.3773360328195015,1.5106049271397268,1.5106049271397268,1.0,1,1.0,0.0,0,3,1.0678629875183105,0.23007667064666748,2.2211718559265137,27,1.538607899789457,0.683925211429596,1.5615115109784166,0.6731683784952531,0.8266797157101309,True,False,5.239586353302002,10.060456275939941,0.10517693310976028,0.46538427472114563,0.6361228227615356,0.2633463442325592,0.0,True,context_only_nearest_support,0.0,context_wind,-2.03168144123793,6.3491434977977725,0.08307431328392004,"[{""distance_vox"": 0.0, ""source_role"": ""context_wind"", ""z"": 5, ""y"": 327, ""x"": 503, ""u"": -2.03168144123793, ""v"": 6.3491434977977725, ""base_weight"": 0.08307431328392004, ""time_conf"": 0.6778421872685008, ""qc_flags"": ""ok""}, {""distance_vox"": 1.0, ""source_role"": ""context_wind"", ""z"": 5, ""y"": 328, ""x"": 503, ""u"": -2.696382138897501, ""v"": 1.3151134403672327, ""base_weight"": 0.032206228136561606, ""time_conf"": 0.5655701084185464, ""qc_flags"": ""ok""}, {""distance_vox"": 1.0, ""source_role"": ""context_wind"", ""z"": 4, ""y"": 327, ""x"": 503, ""u"": 0.6340512980720017, ""v"": -1.7375230376035373, ""base_weight"": 0.08697430113449603, ""time_conf"": 0.638971799563896, ""qc_flags"": ""ok""}]",4,2.7619904953417005,2.228676129117966,default_timepower15_8_4_conservative_v2,25,1202
20260201042400,gaussian,diagnostic_weighted,pydda_3dvar_proxy,diagnostic_adaptive_v3,8,4.0,2,1.0,True,False,17,323,501,28.320000000000004,113.12,8500.0,22.996496988597,0.40140534805752043,23.0,19.406761169433594,-3.010098695755005,19.638815474605934,-3.589735819163405,-3.4115040438125255,3.589735819163405,3.4115040438125255,4.952228093730535,0.21531426494480588,1.0,1,1.0,4.817526266165121,1,2,5.43931770324707,3.338560104370117,17.235809326171875,27,7.34525438591286,4.471604824066162,7.34525438591286,2.411354622997218,0.4806232696643731,True,True,9.805490493774414,8.934048652648926,0.05000000074505806,1.0,0.7906210422515869,1.1974668502807617,1.1375935077667236,True,role_conflict_triggered_at_holdout_voxel,0.0,context_wind,18.711347307231954,3.2993153756716764,0.019522224941848732,"[{""distance_vox"": 0.0, ""source_role"": ""context_wind"", ""z"": 17, ""y"": 323, ""x"": 501, ""u"": 18.711347307231954, ""v"": 3.2993153756716764, ""base_weight"": 0.019522224941848732, ""time_conf"": 0.4665164957684037, ""qc_flags"": ""ok""}, {""distance_vox"": 1.0, ""source_role"": ""current_wind_train"", ""z"": 18, ""y"": 323, ""x"": 501, ""u"": 19.35415060517989, ""v"": -1.4751336234629997, ""base_weight"": 0.973165761934816, ""time_conf"": 1.0, ""qc_flags"": ""ok""}, {""distance_vox"": 1.0, ""source_role"": ""context_wind"", ""z"": 16, ""y"": 323, ""x"": 501, ""u"": 19.98519431238255, ""v"": -0.6857987478307812, ""base_weight"": 0.17605777649967447, ""time_conf"": 0.894873182440491, ""qc_flags"": ""ok""}]",4,2.7619904953417005,2.228676129117966,default_timepower15_8_4_conservative_v2,25,1202
20260201042400,gaussian,diagnostic_weighted,pydda_3dvar_proxy,diagnostic_adaptive_v3,8,4.0,2,1.0,True,False,23,327,493,28.000000000000004,112.47999999999999,11500.0,29.981724810572874,-1.0469849010750385,30.000000000000004,28.164390563964844,-1.1093676090240479,28.18623054492217,-1.8173342466080307,-0.06238270794900935,1.8173342466080307,0.06238270794900935,1.8184046211295852,0.060613487370986166,1.0,1,1.0,8.332248227289611,1,2,1.8258857727050781,0.26670074462890625,29.376068115234375,27,2.141172311924122,0.7509997487068176,2.141172311924122,1.1214941822972286,1.0674048724227676,True,False,1.7977253198623657,9.995036125183105,0.05000000074505806,1.0,0.6121322512626648,0.3038286566734314,0.0,False,,1.0,current_wind_train,30.99527854984813,0.5410245995557884,0.5669373788524215,"[{""distance_vox"": 1.0, ""source_role"": ""current_wind_train"", ""z"": 23, ""y"": 327, ""x"": 492, ""u"": 30.99527854984813, ""v"": 0.5410245995557884, ""base_weight"": 0.5669373788524215, ""time_conf"": 1.0, ""qc_flags"": ""ok""}, {""distance_vox"": 1.0, ""source_role"": ""context_wind"", ""z"": 22, ""y"": 327, ""x"": 493, ""u"": 30.830178756416476, ""v"": 3.240382361297254, ""base_weight"": 0.02201445027592186, ""time_conf"": 0.48857998421712295, ""qc_flags"": ""ok""}, {""distance_vox"": 1.0, ""source_role"": ""context_wind"", ""z"": 23, ""y"": 327, ""x"": 492, ""u"": 22.874003593470288, ""v"": 2.4041546551560273, ""base_weight"": 0.02201445027592186, ""time_conf"": 0.48857998421712295, ""qc_flags"": ""ok""}]",4,2.7619904953417005,2.228676129117966,default_timepower15_8_4_conservative_v2,25,1202
20260203124800,gaussian,diagnostic_weighted,pydda_3dvar_proxy,diagnostic_adaptive_v3,10,5.0,2,1.0,True,False,15,246,513,34.480000000000004,114.08,7500.0,-7.641242075048969,7.912737803725163,10.999999999999998,-3.8385839462280273,8.282257080078125,9.128554598223301,3.8026581288209416,0.3695192763529622,3.8026581288209416,0.3695192763529622,3.8205697664464133,0.3473245242224013,1.0,1,1.0,0.0,0,3,7.71758508682251,0.7161731719970703,14.205402374267578,27,6.145374121489348,3.2133662700653076,6.145374121489348,3.549203629775438,0.6072034963811057,True,True,21.44876480102539,10.36533260345459,0.16111010313034058,0.5162009000778198,0.7835608124732971,1.1851282119750977,0.9941920638084412,True,context_only_nearest_support;role_conflict_triggered_at_holdout_voxel,1.0,context_wind,10.998324646720304,-0.19197647081011443,0.03668314889628013,"[{""distance_vox"": 1.0, ""source_role"": ""context_wind"", ""z"": 15, ""y"": 247, ""x"": 513, ""u"": 10.998324646720304, ""v"": -0.19197647081011443, ""base_weight"": 0.03668314889628013, ""time_conf"": 0.5946035575013605, ""qc_flags"": ""ok""}, {""distance_vox"": 1.0, ""source_role"": ""context_wind"", ""z"": 15, ""y"": 246, ""x"": 514, ""u"": 14.917828430524102, ""v"": 1.5679269490148005, ""base_weight"": 0.12823098835990984, ""time_conf"": 0.9622238368941451, ""qc_flags"": ""ok""}, {""distance_vox"": 1.0, ""source_role"": ""context_wind"", ""z"": 16, ""y"": 246, ""x"": 513, ""u"": -12.830062863787127, ""v"": 11.153003492838623, ""base_weight"": 0.095916841515065, ""time_conf"": 0.86055143724433, ""qc_flags"": ""ok""}]",2,25.219406939625173,19.640486654724175,default_timepower15_8_4_conservative_v2;moderate_current_support_fresh_context_prefers_10_5,9,591
20260207024800,gaussian,diagnostic_weighted,pydda_3dvar_proxy,diagnostic_adaptive_v3,8,4.0,2,1.0,True,False,4,246,512,34.480000000000004,114.0,2000.0,-8.527346277223966,17.52345670858581,19.488128939161054,-4.434847831726074,10.89983081817627,11.767505562158474,4.092498445497892,-6.623625890409542,4.092498445497892,6.623625890409542,7.785946536067805,0.3995225278103575,1.0,2,1.0,0.0,0,3,3.439148187637329,2.5596837997436523,10.063093185424805,27,9.817998144361708,6.7965087890625,9.740790724986311,1.6080475504144496,0.9894377470053053,True,True,20.56386375427246,9.273870468139648,0.05658932030200958,0.8336910605430603,0.7967624068260193,0.4995267987251282,0.4712589383125305,True,context_only_nearest_support;role_conflict_triggered_at_holdout_voxel,0.0,context_wind,6.767713105082516,-4.781198535239202,0.05566702138326175,"[{""distance_vox"": 0.0, ""source_role"": ""context_wind"", ""z"": 4, ""y"": 246, ""x"": 512, ""u"": 6.767713105082516, ""v"": -4.781198535239202, ""base_weight"": 0.05566702138326175, ""time_conf"": 0.5607203307746672, ""qc_flags"": ""ok""}, {""distance_vox"": 1.0, ""source_role"": ""context_wind"", ""z"": 4, ""y"": 246, ""x"": 513, ""u"": 4.479875687736581, ""v"": -2.331368914148776, ""base_weight"": 0.04401224971737458, ""time_conf"": 0.551338225608389, ""qc_flags"": ""ok""}, {""distance_vox"": 1.0, ""source_role"": ""context_wind"", ""z"": 4, ""y"": 245, ""x"": 512, ""u"": 9.457158420977693, ""v"": -0.06124273204150495, ""base_weight"": 0.20114573103364847, ""time_conf"": 0.92944696061351, ""qc_flags"": ""ok""}]",7,5.515103481033908,4.798145530649745,default_timepower15_8_4_conservative_v2,46,957
20260207024800,gaussian,diagnostic_weighted,pydda_3dvar_proxy,diagnostic_adaptive_v3,8,4.0,2,1.0,True,False,7,247,515,34.400000000000006,114.24000000000001,3500.0,-4.706022062216803,13.18482646506976,13.999510440157371,-0.36262017488479614,4.6291728019714355,4.643353768747924,4.343401887332007,-8.555653663098324,4.343401887332007,8.555653663098324,9.59501691284424,0.6853823177502757,1.0,3,1.0,19.092669352442947,1,2,5.746507167816162,1.1384520530700684,8.584156036376953,27,10.199547432087085,4.064291000366211,10.199547432087085,4.250891950863403,5.5307259124780295,True,True,12.864983558654785,8.589412689208984,0.05000000074505806,1.0,0.7695189714431763,1.5166677236557007,1.4408342838287354,True,role_conflict_triggered_at_holdout_voxel,0.0,context_wind,7.2426591357271155,-4.878054504304124,0.17163784284219183,"[{""distance_vox"": 0.0, ""source_role"": ""context_wind"", ""z"": 7, ""y"": 247, ""x"": 515, ""u"": 7.2426591357271155, ""v"": -4.878054504304124, ""base_weight"": 0.17163784284219183, ""time_conf"": 0.8136937285437262, ""qc_flags"": ""ok""}, {""distance_vox"": 1.0, ""source_role"": ""current_wind_train"", ""z"": 8, ""y"": 247, ""x"": 515, ""u"": -3.370107423243181, ""v"": 10.993278425431676, ""base_weight"": 0.973165761934816, ""time_conf"": 1.0, ""qc_flags"": ""ok""}, {""distance_vox"": 1.0, ""source_role"": ""context_wind"", ""z"": 7, ""y"": 247, ""x"": 514, ""u"": -7.7178384955722965, ""v"": 15.147110911202253, ""base_weight"": 0.031556714151100534, ""time_conf"": 0.4558612442791084, ""qc_flags"": ""ok""}]",7,5.515103481033908,4.798145530649745,default_timepower15_8_4_conservative_v2,46,957
20260207024800,gaussian,diagnostic_weighted,pydda_3dvar_proxy,diagnostic_adaptive_v3,8,4.0,2,1.0,True,False,11,244,514,34.64,114.16,5500.0,27.24042959871175,-22.629782906130437,35.413953169633075,25.002044677734375,-20.647602081298828,32.42569520881675,-2.2383849209773743,1.9821808248316088,2.2383849209773743,1.9821808248316088,2.989884258092444,0.08442672987595816,1.0,2,1.0,26.141204498359304,2,1,14.309318542480469,1.2211723327636719,45.81918716430664,27,9.850070264604357,2.3881964683532715,9.850070264604357,4.766385262260902,0.6016877897391724,True,True,32.11072540283203,9.247300148010254,0.0633617490530014,0.8900300860404968,0.8497445583343506,1.0428221225738525,0.9767470955848694,True,role_conflict_triggered_at_holdout_voxel,1.4142135623730951,current_wind_train,34.81957804731175,-23.486101945771374,0.5669373788524215,"[{""distance_vox"": 1.4142135623730951, ""source_role"": ""current_wind_train"", ""z"": 12, ""y"": 244, ""x"": 515, ""u"": 34.81957804731175, ""v"": -23.486101945771374, ""base_weight"": 0.5669373788524215, ""time_conf"": 1.0, ""qc_flags"": ""ok""}, {""distance_vox"": 1.4142135623730951, ""source_role"": ""context_wind"", ""z"": 10, ""y"": 245, ""x"": 514, ""u"": 12.25671108990365, ""v"": -10.284601754984628, ""base_weight"": 0.04348967843048643, ""time_conf"": 0.6348309823580358, ""qc_flags"": ""ok""}, {""distance_vox"": 1.7320508075688772, ""source_role"": ""current_wind_train"", ""z"": 10, ""y"": 243, ""x"": 513, ""u"": 20.608090176972073, ""v"": -22.47041060859067, ""base_weight"": 0.973165761934816, ""time_conf"": 1.0, ""qc_flags"": ""ok""}]",7,5.515103481033908,4.798145530649745,default_timepower15_8_4_conservative_v2,46,957
20260207024800,gaussian,diagnostic_weighted,pydda_3dvar_proxy,diagnostic_adaptive_v3,8,4.0,2,1.0,True,False,17,245,519,34.56,114.56,8500.0,69.72360836115557,-10.415851360490397,70.49731571105124,68.10967254638672,-12.341201782226562,69.21873124960943,-1.6139358147688512,-1.9253504217361659,1.6139358147688512,1.9253504217361659,2.512322244592287,0.03563713340362621,1.0,2,1.0,0.0,3,0,6.329800128936768,0.3267669677734375,71.80242919921875,27,4.970859381887648,1.9633076190948486,4.970859381887648,2.813088511915708,0.5490146254974384,True,True,60.29147720336914,9.081533432006836,0.05000000074505806,1.0,0.8353134393692017,0.33859503269195557,0.32166528701782227,True,role_conflict_triggered_at_holdout_voxel,1.0,current_wind_train,65.98010938676777,-16.450688900777386,0.5669373788524215,"[{""distance_vox"": 1.0, ""source_role"": ""current_wind_train"", ""z"": 17, ""y"": 245, ""x"": 518, ""u"": 65.98010938676777, ""v"": -16.450688900777386, ""base_weight"": 0.5669373788524215, ""time_conf"": 1.0, ""qc_flags"": ""ok""}, {""distance_vox"": 1.7320508075688772, ""source_role"": ""current_wind_train"", ""z"": 18, ""y"": 246, ""x"": 520, ""u"": 72.27546631795451, ""v"": -5.666318761572722, ""base_weight"": 0.973165761934816, ""time_conf"": 1.0, ""qc_flags"": ""ok""}, {""distance_vox"": 2.23606797749979, ""source_role"": ""current_wind_train"", ""z"": 16, ""y"": 245, ""x"": 517, ""u"": 66.32705701974399, ""v"": -19.01897755137296, ""base_weight"": 0.5669373788524215, ""time_conf"": 1.0, ""qc_flags"": ""ok""}]",7,5.515103481033908,4.798145530649745,default_timepower15_8_4_conservative_v2,46,957
20260207024800,gaussian,diagnostic_weighted,pydda_3dvar_proxy,diagnostic_adaptive_v3,8,4.0,2,1.0,True,False,21,244,522,34.64,114.8,10500.0,89.6575228282571,-7.84401684728921,90.0,87.08418273925781,-5.841367244720459,87.27987428183053,-2.573340088999288,2.0026496025687512,2.573340088999288,2.0026496025687512,3.2607797601677486,0.036230886224086094,1.0,1,1.0,0.0,3,0,10.337597846984863,1.29071044921875,97.59356689453125,27,7.356341247205381,2.570101261138916,7.356341247205381,3.1187986300850503,0.6906784990288326,True,True,63.24937438964844,10.756523132324219,0.05230763554573059,1.0,0.818901002407074,0.06669268757104874,0.06320415437221527,True,strong_truth_speed_ge_90mps;role_conflict_triggered_at_holdout_voxel,1.0,current_wind_train,82.79781617156542,-5.789787320762393,0.5669373788524215,"[{""distance_vox"": 1.0, ""source_role"": ""current_wind_train"", ""z"": 20, ""y"": 244, ""x"": 522, ""u"": 82.79781617156542, ""v"": -5.789787320762393, ""base_weight"": 0.5669373788524215, ""time_conf"": 1.0, ""qc_flags"": ""ok""}, {""distance_vox"": 1.0, ""source_role"": ""current_wind_train"", ""z"": 21, ""y"": 243, ""x"": 522, ""u"": 94.63849631871582, ""v"": -8.2797955610275, ""base_weight"": 0.4535499030819372, ""time_conf"": 1.0, ""qc_flags"": ""ok""}, {""distance_vox"": 1.4142135623730951, ""source_role"": ""current_wind_train"", ""z"": 20, ""y"": 245, ""x"": 522, ""u"": 75.95370285345128, ""v"": -2.6523617493900975, ""base_weight"": 0.973165761934816, ""time_conf"": 1.0, ""qc_flags"": ""ok""}]",7,5.515103481033908,4.798145530649745,default_timepower15_8_4_conservative_v2,46,957
20260211005400,gaussian,diagnostic_weighted,pydda_3dvar_proxy,diagnostic_adaptive_v3,8,4.0,2,1.0,True,False,13,322,502,28.400000000000002,113.2,6500.0,-5.803263007885292,-3.914350324295228,7.0,0.9371902942657471,3.5730574131011963,3.6939227015441634,6.740453302151039,7.487407737396424,6.740453302151039,7.487407737396424,10.074471963557329,1.4392102805081899,1.0,1,1.0,8.040431307433819,1,2,2.405790090560913,0.3875417709350586,5.285259246826172,27,9.85826720131768,7.818126678466797,10.073912436155341,1.53825457239862,2.256345285090532,True,False,3.536473512649536,9.462237358093262,0.0529850497841835,0.7125951051712036,0.7047866582870483,0.20481657981872559,0.0,False,,1.0,context_wind,7.871577364254564,4.3632865822170315,0.00475807797257754,"[{""distance_vox"": 1.0, ""source_role"": ""context_wind"", ""z"": 14, ""y"": 322, ""x"": 502, ""u"": 7.871577364254564, ""v"": 4.3632865822170315, ""base_weight"": 0.00475807797257754, ""time_conf"": 0.2710567175753546, ""qc_flags"": ""ok""}, {""distance_vox"": 1.0, ""source_role"": ""context_wind"", ""z"": 13, ""y"": 322, ""x"": 503, ""u"": -3.5966990016932554, ""v"": -3.4732918522949863, ""base_weight"": 0.016140363177283717, ""time_conf"": 0.4336023390680082, ""qc_flags"": ""ok""}, {""distance_vox"": 1.4142135623730951, ""source_role"": ""current_wind_train"", ""z"": 14, ""y"": 321, ""x"": 502, ""u"": -0.05235721931185032, ""v"": 2.999543085469174, ""base_weight"": 0.5669373788524215, ""time_conf"": 1.0, ""qc_flags"": ""ok""}]",7,6.569753737281176,5.3038265872533525,default_timepower15_8_4_conservative_v2,44,866
20260211005400,gaussian,diagnostic_weighted,pydda_3dvar_proxy,diagnostic_adaptive_v3,8,4.0,2,1.0,True,False,16,321,502,28.480000000000004,113.2,8000.0,12.980573963935022,5.244492307822772,14.0,15.460649490356445,-6.824911117553711,16.900032379441384,2.480075526421423,-12.069403425376482,2.480075526421423,12.069403425376482,12.321577563820473,0.8801126831300338,1.0,1,1.0,11.042354434805526,1,2,16.83878517150879,2.457386016845703,33.364723205566406,27,16.510057979159885,8.89301872253418,16.510057979159885,8.065809243510357,3.428558841286293,True,True,12.561830520629883,8.517322540283203,0.05000000074505806,1.0,0.747673511505127,0.45384812355041504,0.4311557114124298,True,role_conflict_triggered_at_holdout_voxel,1.0,context_wind,13.944269378991493,0.8067693039920741,0.010734720536930904,"[{""distance_vox"": 1.0, ""source_role"": ""context_wind"", ""z"": 16, ""y"": 322, ""x"": 502, ""u"": 13.944269378991493, ""v"": 0.8067693039920741, ""base_weight"": 0.010734720536930904, ""time_conf"": 0.3192451703221272, ""qc_flags"": ""ok""}, {""distance_vox"": 1.4142135623730951, ""source_role"": ""context_wind"", ""z"": 16, ""y"": 322, ""x"": 503, ""u"": 20.054311699384062, ""v"": 5.287488595779493, ""base_weight"": 0.034213310104405356, ""time_conf"": 0.6066928872141476, ""qc_flags"": ""ok""}, {""distance_vox"": 1.7320508075688772, ""source_role"": ""current_wind_train"", ""z"": 15, ""y"": 322, ""x"": 503, ""u"": 9.0630778703665, ""v"": 4.226182617406992, ""base_weight"": 0.5669373788524215, ""time_conf"": 1.0, ""qc_flags"": ""ok""}]",7,6.569753737281176,5.3038265872533525,default_timepower15_8_4_conservative_v2,44,866
20260211005400,gaussian,diagnostic_weighted,pydda_3dvar_proxy,diagnostic_adaptive_v3,8,4.0,2,1.0,True,False,20,241,510,34.88,113.84,10000.0,7.956175162946187,-0.8362277061412239,8.0,10.538521766662598,-0.7095798850059509,10.56238347342239,2.5823466037164104,0.12664782113527295,2.5823466037164104,0.12664782113527295,2.585450377076302,0.32318129713453775,1.0,1,1.0,0.0,3,0,2.2649402618408203,0.018909454345703125,12.419963836669922,27,2.989072247787758,1.2014566659927368,2.989072247787758,1.2084446641204778,1.3839937110835652,True,False,8.777461051940918,9.830412864685059,0.05000000074505806,1.0,0.8122461438179016,0.6739808917045593,0.0,False,,1.0,current_wind_train,8.606742803667318,2.631345342504634,0.5669373788524215,"[{""distance_vox"": 1.0, ""source_role"": ""current_wind_train"", ""z"": 20, ""y"": 242, ""x"": 510, ""u"": 8.606742803667318, ""v"": 2.631345342504634, ""base_weight"": 0.5669373788524215, ""time_conf"": 1.0, ""qc_flags"": ""ok""}, {""distance_vox"": 1.4142135623730951, ""source_role"": ""current_wind_train"", ""z"": 19, ""y"": 242, ""x"": 510, ""u"": 5.60148255898321, ""v"": 2.1502076972718043, ""base_weight"": 0.5669373788524215, ""time_conf"": 1.0, ""qc_flags"": ""ok""}, {""distance_vox"": 1.4142135623730951, ""source_role"": ""current_wind_train"", ""z"": 21, ""y"": 241, ""x"": 509, ""u"": 10.9581416790092, ""v"": -0.9587131702242367, ""base_weight"": 0.5669373788524215, ""time_conf"": 1.0, ""qc_flags"": ""ok""}]",7,6.569753737281176,5.3038265872533525,default_timepower15_8_4_conservative_v2,44,866
20260211005400,gaussian,diagnostic_weighted,pydda_3dvar_proxy,diagnostic_adaptive_v3,8,4.0,2,1.0,True,False,22,241,509,34.88,113.76,11000.0,9.986295347545738,-0.5233595624294395,10.0,13.497797966003418,-3.8336849212646484,14.03166739937125,3.51150261845768,-3.310325358835209,3.51150261845768,3.310325358835209,4.825857915519539,0.4825857915519539,1.0,1,1.0,10.789298513607486,2,1,2.0168962478637695,0.2708778381347656,15.089736938476562,27,4.624742022267094,2.6719627380371094,4.624742022267094,1.367002560123347,2.15389517748243,True,False,4.563414096832275,10.292627334594727,0.05000000074505806,1.0,0.7856446504592896,0.609771728515625,0.0,False,,1.0,current_wind_train,10.9581416790092,-0.9587131702242367,0.5669373788524215,"[{""distance_vox"": 1.0, ""source_role"": ""current_wind_train"", ""z"": 21, ""y"": 241, ""x"": 509, ""u"": 10.9581416790092, ""v"": -0.9587131702242367, ""base_weight"": 0.5669373788524215, ""time_conf"": 1.0, ""qc_flags"": ""ok""}, {""distance_vox"": 1.0, ""source_role"": ""current_wind_train"", ""z"": 22, ""y"": 240, ""x"": 509, ""u"": 12.873484893640414, ""v"": -1.809250312480851, ""base_weight"": 0.5669373788524215, ""time_conf"": 1.0, ""qc_flags"": ""ok""}, {""distance_vox"": 1.0, ""source_role"": ""context_wind"", ""z"": 22, ""y"": 241, ""x"": 510, ""u"": 15.751713878545791, ""v"": -10.624665165944194, ""base_weight"": 0.06962290108012459, ""time_conf"": 0.7607822836063717, ""qc_flags"": ""ok""}]",7,6.569753737281176,5.3038265872533525,default_timepower15_8_4_conservative_v2,44,866
20260215091800,gaussian,diagnostic_weighted,pydda_3dvar_proxy,diagnostic_adaptive_v3,8,4.0,2,1.0,True,False,4,245,509,34.56,113.76,2000.0,-14.421066097481516,-24.000684419659144,28.0,-14.940197944641113,-23.63928985595703,27.964719550158403,-0.5191318471595974,0.3613945637021132,0.5191318471595974,0.3613945637021132,0.6325376711380725,0.022590631112074017,1.0,1,1.0,3.8520757092143754,1,2,0.5077427625656128,0.08974647521972656,28.287439346313477,27,0.6297894892869172,0.42903605103492737,0.6192113145916782,0.15816661742069402,0.2035016201031451,True,False,3.7788991928100586,8.207569122314453,0.05000000074505806,1.0,0.6538087725639343,0.5197881460189819,0.0,False,,0.0,context_wind,-14.59335641721692,-22.090377023432488,0.07726527607350019,"[{""distance_vox"": 0.0, ""source_role"": ""context_wind"", ""z"": 4, ""y"": 245, ""x"": 509, ""u"": -14.59335641721692, ""v"": -22.090377023432488, ""base_weight"": 0.07726527607350019, ""time_conf"": 0.5778515103342758, ""qc_flags"": ""ok""}, {""distance_vox"": 1.0, ""source_role"": ""current_wind_train"", ""z"": 5, ""y"": 245, ""x"": 509, ""u"": -12.274392110094167, ""v"": -25.166233296376678, ""base_weight"": 0.5669373788524215, ""time_conf"": 1.0, ""qc_flags"": ""ok""}, {""distance_vox"": 1.0, ""source_role"": ""context_wind"", ""z"": 4, ""y"": 245, ""x"": 508, ""u"": -15.484468919238678, ""v"": -23.982328690685424, ""base_weight"": 0.043421620855127505, ""time_conf"": 0.574007400426465, ""qc_flags"": ""ok""}]",5,3.9975293558785894,3.5514116222869205,default_timepower15_8_4_conservative_v2,35,726
20260215091800,gaussian,diagnostic_weighted,pydda_3dvar_proxy,diagnostic_adaptive_v3,8,4.0,2,1.0,True,False,17,246,514,34.480000000000004,114.16,8500.0,-6.10313031621658,-11.47831870716605,13.0,-4.257606029510498,-6.430400371551514,7.712150027130826,1.8455242867060822,5.047918335614536,1.8455242867060822,5.047918335614536,5.374703658422055,0.41343874295554267,1.0,1,1.0,0.0,0,3,10.507973670959473,3.6372618675231934,16.600061416625977,27,6.823446521052608,5.238767623901367,6.8255884082201925,1.2048786678670298,0.1359360345206877,True,False,3.661813497543335,11.293543815612793,0.22122089564800262,0.26872822642326355,0.7134087085723877,1.1179053783416748,0.0,True,context_only_nearest_support,0.0,context_wind,-5.991029385165298,-9.225376247399664,0.13214101026382616,"[{""distance_vox"": 0.0, ""source_role"": ""context_wind"", ""z"": 17, ""y"": 246, ""x"": 514, ""u"": -5.991029385165298, ""v"": -9.225376247399664, ""base_weight"": 0.13214101026382616, ""time_conf"": 0.9734043393240235, ""qc_flags"": ""ok""}, {""distance_vox"": 1.0, ""source_role"": ""context_wind"", ""z"": 17, ""y"": 247, ""x"": 514, ""u"": 2.2996261918883754, ""v"": -21.879481698102012, ""base_weight"": 0.015662773567257704, ""time_conf"": 0.4286219914265364, ""qc_flags"": ""ok""}, {""distance_vox"": 1.0, ""source_role"": ""context_wind"", ""z"": 16, ""y"": 246, ""x"": 514, ""u"": 1.089278070030054, ""v"": -1.677341135890848, ""base_weight"": 0.03631770507712375, ""time_conf"": 0.5923182505897684, ""qc_flags"": ""ok""}]",5,3.9975293558785894,3.5514116222869205,default_timepower15_8_4_conservative_v2,35,726
20260215091800,gaussian,diagnostic_weighted,pydda_3dvar_proxy,diagnostic_adaptive_v3,8,4.0,2,1.0,True,False,23,329,494,27.840000000000003,112.56,11500.0,30.376660163930527,12.894127240146036,33.0,26.55322265625,15.027400016784668,30.510594630338627,-3.823437507680527,2.1332727766386324,3.823437507680527,2.1332727766386324,4.378301852851831,0.13267581372278278,1.0,1,1.0,11.128649632216844,1,2,2.7848072052001953,0.8648490905761719,32.252655029296875,27,3.8128178428720543,1.1757338047027588,3.8128178428720543,1.5875916084636679,3.2025680481490726,True,False,1.6766167879104614,10.0515775680542,0.05000000074505806,1.0,0.6262786984443665,0.3007351756095886,0.0,False,,0.0,context_wind,27.661986687411623,8.703490847264218,0.01991012871509138,"[{""distance_vox"": 0.0, ""source_role"": ""context_wind"", ""z"": 23, ""y"": 329, ""x"": 494, ""u"": 27.661986687411623, ""v"": 8.703490847264218, ""base_weight"": 0.01991012871509138, ""time_conf"": 0.3818587827286608, ""qc_flags"": ""ok""}, {""distance_vox"": 1.0, ""source_role"": ""context_wind"", ""z"": 23, ""y"": 329, ""x"": 493, ""u"": 32.99005469338388, ""v"": 8.225344450388704, ""base_weight"": 0.01991012871509138, ""time_conf"": 0.3818587827286608, ""qc_flags"": ""ok""}, {""distance_vox"": 1.4142135623730951, ""source_role"": ""current_wind_train"", ""z"": 22, ""y"": 330, ""x"": 494, ""u"": 25.998787606308145, ""v"": 16.883810085465836, ""base_weight"": 0.5669373788524215, ""time_conf"": 1.0, ""qc_flags"": ""ok""}]",5,3.9975293558785894,3.5514116222869205,default_timepower15_8_4_conservative_v2,35,726
20260124004200,gaussian,diagnostic_weighted,pydda_3dvar_proxy,diagnostic_adaptive_v3,10,5.0,2,1.0,True,False,13,322,503,28.400000000000002,113.28,6500.0,-7.501981960687484,8.044890717810874,11.0,-3.398618698120117,3.7391440868377686,5.052900905157901,4.103363262567367,-4.305746630973106,4.103363262567367,4.305746630973106,5.947860465303785,0.5407145877548896,1.0,1,1.0,0.0,0,3,2.8779842853546143,0.7668962478637695,4.88070011138916,27,6.873939885033502,5.848018169403076,6.873939885033502,1.0093290753401922,0.09984229590070903,False,False,0.0,12.56419563293457,0.39533281326293945,0.0,0.8906656503677368,0.3197975158691406,0.0,True,context_only_nearest_support,1.4142135623730951,context_wind,-3.108583845827884,2.517281564199349,0.10288032952030562,"[{""distance_vox"": 1.4142135623730951, ""source_role"": ""context_wind"", ""z"": 14, ""y"": 322, ""x"": 502, ""u"": -3.108583845827884, ""v"": 2.517281564199349, ""base_weight"": 0.10288032952030562, ""time_conf"": 0.8840636953004919, ""qc_flags"": ""ok""}, {""distance_vox"": 1.4142135623730951, ""source_role"": ""context_wind"", ""z"": 12, ""y"": 322, ""x"": 502, ""u"": -3.4999999999999996, ""v"": 6.062177826491071, ""base_weight"": 0.10816167442218368, ""time_conf"": 0.9012504626108302, ""qc_flags"": ""ok""}, {""distance_vox"": 2.0, ""source_role"": ""context_wind"", ""z"": 13, ""y"": 322, ""x"": 501, ""u"": -4.3160388020319065, ""v"": 4.167950222753984, ""base_weight"": 0.10816167442218368, ""time_conf"": 0.9012504626108302, ""qc_flags"": ""ok""}]",3,4.399135354264431,4.225330617456656,default_timepower15_8_4_conservative_v2;moderate_current_support_fresh_context_prefers_10_5,14,519
20260128002400,gaussian,diagnostic_weighted,pydda_3dvar_proxy,diagnostic_adaptive_v3,8,4.0,2,1.0,True,False,4,396,510,22.48,113.84,2000.0,-3.6541818305704035,-1.6269465723032008,3.9999999999999996,-4.041480541229248,1.5233937501907349,4.319061643835944,-0.3872987106588446,3.1503403224939355,0.3872987106588446,3.1503403224939355,3.1740580396094202,0.7935145099023552,1.0,1,1.0,11.024469667338382,1,2,0.0008134036906994879,0.0002970695495605469,4.319057464599609,27,3.173798887817948,3.173156976699829,3.173798887817948,0.00036979552062365965,0.0009010629095911327,True,False,4.054250717163086,9.36264419555664,0.06115809082984924,1.0,0.9223161935806274,0.11132454127073288,0.0,False,,1.0,current_wind_train,-4.698463103929543,1.7101007166283435,0.5669373788524215,"[{""distance_vox"": 1.0, ""source_role"": ""current_wind_train"", ""z"": 4, ""y"": 396, ""x"": 511, ""u"": -4.698463103929543, ""v"": 1.7101007166283435, ""base_weight"": 0.5669373788524215, ""time_conf"": 1.0, ""qc_flags"": ""ok""}, {""distance_vox"": 1.0, ""source_role"": ""context_wind"", ""z"": 4, ""y"": 396, ""x"": 511, ""u"": -0.7986355100472927, ""v"": 0.6018150231520484, ""base_weight"": 0.11485837512859912, ""time_conf"": 0.9223161935859392, ""qc_flags"": ""ok""}, {""distance_vox"": 4.47213595499958, ""source_role"": ""context_wind"", ""z"": 8, ""y"": 396, ""x"": 508, ""u"": 0.5580517899530051, ""v"": -7.980512402078594, ""base_weight"": 0.12443666309898561, ""time_conf"": 0.9511717534876208, ""qc_flags"": ""ok""}]",4,3.9062308580090073,3.5082703987179755,default_timepower15_8_4_conservative_v2,24,664
20260128002400,gaussian,diagnostic_weighted,pydda_3dvar_proxy,diagnostic_adaptive_v3,8,4.0,2,1.0,True,False,19,246,515,34.480000000000004,114.24000000000001,9500.0,13.376606858593103,-12.04435091445944,18.0,12.813765525817871,-11.36431884765625,17.12718102379471,-0.562841332775232,0.6800320668031894,0.562841332775232,0.6800320668031894,0.8827423054101445,0.049041239189452475,1.0,1,1.0,5.571461364607744,1,2,2.452214002609253,0.3921661376953125,19.379337310791016,27,1.740839437202171,0.6584270000457764,1.740839437202171,0.6828018244610404,0.22431530536436817,True,False,4.442453384399414,9.622579574584961,0.05000000074505806,0.8359259963035583,0.6548528075218201,0.43821677565574646,0.0,False,,0.0,context_wind,14.380560817731727,-12.033590412476002,0.037623799135213784,"[{""distance_vox"": 0.0, ""source_role"": ""context_wind"", ""z"": 19, ""y"": 246, ""x"": 515, ""u"": 14.380560817731727, ""v"": -12.033590412476002, ""base_weight"": 0.037623799135213784, ""time_conf"": 0.5617686883288925, ""qc_flags"": ""ok""}, {""distance_vox"": 1.0, ""source_role"": ""current_wind_train"", ""z"": 18, ""y"": 246, ""x"": 515, ""u"": 11.809062521829134, ""v"": -13.584772444009895, ""base_weight"": 0.5669373788524215, ""time_conf"": 1.0, ""qc_flags"": ""ok""}, {""distance_vox"": 1.0, ""source_role"": ""context_wind"", ""z"": 20, ""y"": 246, ""x"": 515, ""u"": 17.258672166695888, ""v"": -12.425921092070382, ""base_weight"": 0.037623799135213784, ""time_conf"": 0.5617686883288925, ""qc_flags"": ""ok""}]",4,3.9062308580090073,3.5082703987179755,default_timepower15_8_4_conservative_v2,24,664
20260201043000,gaussian,diagnostic_weighted,pydda_3dvar_proxy,diagnostic_adaptive_v3,8,4.0,2,1.0,True,False,5,327,503,28.000000000000004,113.28,2500.0,0.8290375725550418,0.5591929034707466,1.0,1.502355933189392,-0.8676775097846985,1.7349171769786431,0.6733183606343502,-1.426870413255445,0.6733183606343502,1.426870413255445,1.5777568858956357,1.5777568858956357,1.0,1,1.0,0.0,0,3,1.0753941535949707,0.243064284324646,2.2818686962127686,27,1.5606933523107458,0.7120410799980164,1.573936246007655,0.6433688695167656,0.8657158058976193,True,False,5.236052513122559,9.962150573730469,0.09284984320402145,0.47878050804138184,0.6208460330963135,0.25060680508613586,0.0,True,context_only_nearest_support,0.0,context_wind,-2.0316814412379305,6.349143497797773,0.07823074996665626,"[{""distance_vox"": 0.0, ""source_role"": ""context_wind"", ""z"": 5, ""y"": 327, ""x"": 503, ""u"": -2.0316814412379305, ""v"": 6.349143497797773, ""base_weight"": 0.07823074996665626, ""time_conf"": 0.6623602503146884, ""qc_flags"": ""ok""}, {""distance_vox"": 1.0, ""source_role"": ""context_wind"", ""z"": 5, ""y"": 328, ""x"": 503, ""u"": -2.696382138897501, ""v"": 1.3151134403672327, ""base_weight"": 0.030328476771268386, ""time_conf"": 0.5526524692896199, ""qc_flags"": ""ok""}, {""distance_vox"": 1.0, ""source_role"": ""context_wind"", ""z"": 4, ""y"": 327, ""x"": 503, ""u"": 0.6340512980720016, ""v"": -1.7375230376035375, ""base_weight"": 0.08190335299340269, ""time_conf"": 0.6243776634922299, ""qc_flags"": ""ok""}]",4,23.047389766302587,19.993410994744966,default_timepower15_8_4_conservative_v2,27,1205
20260201043000,gaussian,diagnostic_weighted,pydda_3dvar_proxy,diagnostic_adaptive_v3,8,4.0,2,1.0,True,False,18,245,507,34.56,113.6,9000.0,-8.726573164434068,15.743154728509124,18.0,14.641643524169922,-5.515964984893799,15.64620065074718,23.36821668860399,-21.259119713402924,23.36821668860399,21.259119713402924,31.591513452102085,1.755084080672338,1.0,1,1.0,0.0,0,3,8.75175666809082,5.3103179931640625,12.443107604980469,27,27.564091364542644,21.79783058166504,27.564091364542644,3.6331331829817497,9.793682870437046,True,True,14.026183128356934,9.139030456542969,0.05000000074505806,1.0,0.7694030404090881,1.4900009632110596,1.4155008792877197,True,high_vector_error_ge_30mps;context_only_nearest_support;role_conflict_triggered_at_holdout_voxel,0.0,context_wind,14.336884822399403,-13.573024960809434,0.028170810937404353,"[{""distance_vox"": 0.0, ""source_role"": ""context_wind"", ""z"": 18, ""y"": 245, ""x"": 507, ""u"": 14.336884822399403, ""v"": -13.573024960809434, ""base_weight"": 0.028170810937404353, ""time_conf"": 0.446192681983852, ""qc_flags"": ""ok""}, {""distance_vox"": 1.0, ""source_role"": ""context_wind"", ""z"": 18, ""y"": 246, ""x"": 507, ""u"": 21.55497688643108, ""v"": -14.539015490239422, ""base_weight"": 0.03705226996279223, ""time_conf"": 0.5968976816791352, ""qc_flags"": ""ok""}, {""distance_vox"": 1.0, ""source_role"": ""context_wind"", ""z"": 17, ""y"": 245, ""x"": 507, ""u"": 13.022755533022629, ""v"": -10.927389364671168, ""base_weight"": 0.0201174970216487, ""time_conf"": 0.4719371563408467, ""qc_flags"": ""ok""}]",4,23.047389766302587,19.993410994744966,default_timepower15_8_4_conservative_v2,27,1205
20260201043000,gaussian,diagnostic_weighted,pydda_3dvar_proxy,diagnostic_adaptive_v3,8,4.0,2,1.0,True,False,23,247,506,34.400000000000006,113.52000000000001,11500.0,-16.996256472031796,28.286520923169704,33.0,2.123389482498169,8.936137199401855,9.184951330351048,19.119645954529965,-19.350383723767848,19.119645954529965,19.350383723767848,27.20290814754249,0.82433054992553,1.0,1,1.0,0.0,3,0,6.424814701080322,1.857015609741211,13.76163101196289,27,25.52548415572555,16.005176544189453,25.52548415572555,5.0287487276233716,11.197731603353038,True,True,18.5550594329834,10.552297592163086,0.050499796867370605,1.0,0.7809996008872986,1.3745508193969727,1.3051363229751587,True,role_conflict_triggered_at_holdout_voxel,1.0,current_wind_train,-17.48733571969576,27.985587173162056,0.5669373788524215,"[{""distance_vox"": 1.0, ""source_role"": ""current_wind_train"", ""z"": 23, ""y"": 247, ""x"": 507, ""u"": -17.48733571969576, ""v"": 27.985587173162056, ""base_weight"": 0.5669373788524215, ""time_conf"": 1.0, ""qc_flags"": ""ok""}, {""distance_vox"": 1.0, ""source_role"": ""current_wind_train"", ""z"": 24, ""y"": 247, ""x"": 506, ""u"": -20.15164429555601, ""v"": 31.030811013980685, ""base_weight"": 0.5669373788524215, ""time_conf"": 1.0, ""qc_flags"": ""ok""}, {""distance_vox"": 1.4142135623730951, ""source_role"": ""current_wind_train"", ""z"": 23, ""y"": 246, ""x"": 507, ""u"": -16.957416455462557, ""v"": 27.13753907700563, ""base_weight"": 0.5669373788524215, ""time_conf"": 1.0, ""qc_flags"": ""ok""}]",4,23.047389766302587,19.993410994744966,default_timepower15_8_4_conservative_v2,27,1205
20260203134200,gaussian,diagnostic_weighted,pydda_3dvar_proxy,diagnostic_adaptive_v3,10,5.0,2,1.0,True,False,18,321,502,28.480000000000004,113.2,9000.0,22.838636441065024,10.168416076895003,25.0,22.702878952026367,11.521523475646973,25.459108702196275,-0.1357574890386566,1.3531073987519697,0.1357574890386566,1.3531073987519697,1.3599006318063842,0.05439602527225537,1.0,1,1.0,0.0,0,3,0.441241055727005,0.09864616394042969,25.398975372314453,27,1.2670822165630482,0.7502710223197937,1.2670822165630482,0.2684795905620472,0.6096296094865905,True,False,1.4662282466888428,12.063668251037598,0.2913191616535187,0.19833563268184662,0.7871875762939453,0.9830666184425354,0.0,True,context_only_nearest_support,1.0,context_wind,24.27309108892724,9.31756668817782,0.0968819965767697,"[{""distance_vox"": 1.0, ""source_role"": ""context_wind"", ""z"": 19, ""y"": 321, ""x"": 502, ""u"": 24.27309108892724, ""v"": 9.31756668817782, ""base_weight"": 0.0968819965767697, ""time_conf"": 0.8638716525936915, ""qc_flags"": ""ok""}, {""distance_vox"": 1.0, ""source_role"": ""context_wind"", ""z"": 18, ""y"": 321, ""x"": 503, ""u"": 22.9566374143321, ""v"": 12.206260632433162, ""base_weight"": 0.08853381543286927, ""time_conf"": 0.8344450127685898, ""qc_flags"": ""ok""}, {""distance_vox"": 1.4142135623730951, ""source_role"": ""context_wind"", ""z"": 17, ""y"": 321, ""x"": 503, ""u"": 21.92509098342242, ""v"": 9.7616794338192, ""base_weight"": 0.08853381543286927, ""time_conf"": 0.8344450127685898, ""qc_flags"": ""ok""}]",1,1.3599006318063842,1.3599006318063842,default_timepower15_8_4_conservative_v2;moderate_current_support_fresh_context_prefers_10_5,4,545
20260211031200,gaussian,diagnostic_weighted,pydda_3dvar_proxy,diagnostic_adaptive_v3,10,5.0,2,1.0,True,False,14,291,480,30.880000000000006,111.44,7000.0,-4.880839716909605,10.962545491711209,12.0,8.298229217529297,5.582207202911377,10.001082211585532,13.179068934438902,-5.380338288799832,13.179068934438902,5.380338288799832,14.23502364173021,1.1862519701441843,1.0,1,1.0,50.74828515311611,1,2,0.08255376666784286,0.0033788681030273438,10.008959770202637,27,14.256138413040727,14.224058151245117,14.255360898599266,0.03864442121973571,0.010965490485093099,True,True,33.733882904052734,9.059036254882812,0.05000000074505806,1.0,0.6648547649383545,0.004025580827146769,0.0038243017625063658,True,nearest_current_context_role_gap_ge_30mps;role_conflict_triggered_at_holdout_voxel,1.4142135623730951,current_wind_train,8.290375725550419,5.591929034707466,0.5669373788524215,"[{""distance_vox"": 1.4142135623730951, ""source_role"": ""current_wind_train"", ""z"": 14, ""y"": 292, ""x"": 479, ""u"": 8.290375725550419, ""v"": 5.591929034707466, ""base_weight"": 0.5669373788524215, ""time_conf"": 1.0, ""qc_flags"": ""ok""}, {""distance_vox"": 5.385164807134504, ""source_role"": ""context_wind"", ""z"": 16, ""y"": 295, ""x"": 483, ""u"": 29.48947359440371, ""v"": -20.648751708637658, ""base_weight"": 0.04904161109584625, ""time_conf"": 0.6648547568080159, ""qc_flags"": ""ok""}, {""distance_vox"": 6.928203230275509, ""source_role"": ""context_wind"", ""z"": 18, ""y"": 295, ""x"": 484, ""u"": 57.682269931359855, ""v"": -6.062650869523872, ""base_weight"": 0.04904161109584625, ""time_conf"": 0.6648547568080159, ""qc_flags"": ""ok""}]",2,10.072477282304998,7.379093129678718,default_timepower15_8_4_conservative_v2;moderate_current_support_fresh_context_prefers_10_5,12,981
20260215142400,gaussian,diagnostic_weighted,pydda_3dvar_proxy,diagnostic_adaptive_v3,8,4.0,2,1.0,True,False,4,245,508,34.56,113.68,2000.0,-7.86646329649038,-21.612930278075893,23.0,-9.169441223144531,-22.147308349609375,23.97043844983607,-1.302977926654151,-0.5343780715334816,1.302977926654151,0.5343780715334816,1.408300891387843,0.06123047353860187,1.0,1,1.0,3.1235830136911455,2,1,1.9181690216064453,0.2714405059814453,24.675790786743164,27,1.8597315064182989,1.3679594993591309,1.8597315064182989,0.4301801807234065,0.04034139202871212,True,False,1.3328533172607422,8.2403564453125,0.05000000074505806,1.0,0.6637446284294128,0.6991703510284424,0.0,False,,0.0,context_wind,-9.401033106213708,-23.298371414428527,0.13544554998125014,"[{""distance_vox"": 0.0, ""source_role"": ""context_wind"", ""z"": 4, ""y"": 245, ""x"": 508, ""u"": -9.401033106213708, ""v"": -23.298371414428527, ""base_weight"": 0.13544554998125014, ""time_conf"": 0.6667210384628137, ""qc_flags"": ""ok""}, {""distance_vox"": 1.0, ""source_role"": ""current_wind_train"", ""z"": 4, ""y"": 245, ""x"": 509, ""u"": -8.034441853748632, ""v"": -24.72746942367399, ""base_weight"": 0.5669373788524215, ""time_conf"": 1.0, ""qc_flags"": ""ok""}, {""distance_vox"": 1.0, ""source_role"": ""current_wind_train"", ""z"": 5, ""y"": 245, ""x"": 508, ""u"": -8.241345055150065, ""v"": -20.39804480046932, ""base_weight"": 0.5669373788524215, ""time_conf"": 1.0, ""qc_flags"": ""ok""}]",4,4.267871793209877,3.432977386562679,default_timepower15_8_4_conservative_v2,28,577
20260215142400,gaussian,diagnostic_weighted,pydda_3dvar_proxy,diagnostic_adaptive_v3,8,4.0,2,1.0,True,False,11,244,505,34.64,113.44,5500.0,-5.3275264360228105,-23.386337473999383,23.985481408016593,-6.07523250579834,-23.335357666015625,24.113219764278327,-0.7477060697755293,0.05097980798375801,0.7477060697755293,0.05097980798375801,0.7494419974896186,0.03124565168156829,1.0,2,1.0,12.00142131944924,1,2,6.150197505950928,1.6365013122558594,24.792434692382812,27,2.9558126595285206,0.6259631514549255,2.9558126595285206,2.5893513899715552,0.12347884603469306,True,True,10.094171524047852,8.324044227600098,0.05000000074505806,1.0,0.6891043186187744,0.597368061542511,0.5674996376037598,True,role_conflict_triggered_at_holdout_voxel,0.0,context_wind,0.593291443942514,-16.98964405932463,0.006172840309585694,"[{""distance_vox"": 0.0, ""source_role"": ""context_wind"", ""z"": 11, ""y"": 244, ""x"": 505, ""u"": 0.593291443942514, ""v"": -16.98964405932463, ""base_weight"": 0.006172840309585694, ""time_conf"": 0.2996003285711177, ""qc_flags"": ""ok""}, {""distance_vox"": 1.0, ""source_role"": ""current_wind_train"", ""z"": 12, ""y"": 244, ""x"": 505, ""u"": -2.8044818627341312, ""v"": -26.849825744621626, ""base_weight"": 0.973165761934816, ""time_conf"": 1.0, ""qc_flags"": ""ok""}, {""distance_vox"": 1.0, ""source_role"": ""context_wind"", ""z"": 12, ""y"": 244, ""x"": 505, ""u"": -1.828040151077212, ""v"": -14.888192274619827, ""base_weight"": 0.006172840309585694, ""time_conf"": 0.2996003285711177, ""qc_flags"": ""ok""}]",4,4.267871793209877,3.432977386562679,default_timepower15_8_4_conservative_v2,28,577
20260215142400,gaussian,diagnostic_weighted,pydda_3dvar_proxy,diagnostic_adaptive_v3,8,4.0,2,1.0,True,False,19,247,513,34.400000000000006,114.08,9500.0,2.702851980630878,-12.715918809539472,13.000000000000002,0.09690101444721222,-6.13503360748291,6.135798820980498,-2.605950966183666,6.580885202056562,2.605950966183666,6.580885202056562,7.078066860435879,0.5444666815719906,1.0,1,1.0,0.0,0,3,3.7721357345581055,0.30472612380981445,9.298471450805664,27,7.306189466405798,3.7181220054626465,7.306189466405798,2.8180815419225373,3.3599448549732323,True,False,9.468496322631836,12.331890106201172,0.27840420603752136,0.0915922075510025,0.6694943904876709,0.6128912568092346,0.0,True,context_only_nearest_support,0.0,context_wind,3.2592345870210293,-9.02279821784185,0.12683590461545963,"[{""distance_vox"": 0.0, ""source_role"": ""context_wind"", ""z"": 19, ""y"": 247, ""x"": 513, ""u"": 3.2592345870210293, ""v"": -9.02279821784185, ""base_weight"": 0.12683590461545963, ""time_conf"": 0.8083519658788465, ""qc_flags"": ""ok""}, {""distance_vox"": 1.0, ""source_role"": ""context_wind"", ""z"": 18, ""y"": 247, ""x"": 513, ""u"": -11.202965117966423, ""v"": -4.300415394543604, ""base_weight"": 0.015662773567257704, ""time_conf"": 0.4286219914265364, ""qc_flags"": ""ok""}, {""distance_vox"": 1.0, ""source_role"": ""context_wind"", ""z"": 20, ""y"": 247, ""x"": 513, ""u"": 4.987820251299121, ""v"": -0.34878236872062607, ""base_weight"": 0.06236225261991676, ""time_conf"": 0.7292293051358275, ""qc_flags"": ""ok""}]",4,4.267871793209877,3.432977386562679,default_timepower15_8_4_conservative_v2,28,577
20260124031800,gaussian,diagnostic_weighted,pydda_3dvar_proxy,diagnostic_adaptive_v3,10,5.0,2,1.0,True,False,17,391,511,22.880000000000006,113.92,8500.0,8.74619707139396,4.848096202463369,10.0,7.901474952697754,6.225680828094482,10.05944373220573,-0.8447221186962057,1.3775846256311137,0.8447221186962057,1.3775846256311137,1.6159501411212607,0.16159501411212607,1.0,1,1.0,0.0,0,3,0.6200335621833801,0.01831531524658203,10.07320785522461,27,1.2479341405409354,0.15958592295646667,1.247600521457442,0.4397009599067961,1.456364218164794,False,False,0.0,12.670025825500488,0.3782724440097809,0.0,0.8394020795822144,0.5066158175468445,0.0,True,context_only_nearest_support,2.23606797749979,context_wind,8.381678967100619,6.846030223351444,0.23116536299886353,"[{""distance_vox"": 2.23606797749979, ""source_role"": ""context_wind"", ""z"": 18, ""y"": 391, ""x"": 509, ""u"": 8.381678967100619, ""v"": 6.846030223351444, ""base_weight"": 0.23116536299886353, ""time_conf"": 0.9092555136410244, ""qc_flags"": ""ok""}, {""distance_vox"": 2.23606797749979, ""source_role"": ""context_wind"", ""z"": 17, ""y"": 390, ""x"": 509, ""u"": 6.500000000000003, ""v"": 11.258330249197703, ""base_weight"": 0.07032347560203997, ""time_conf"": 0.7637175654573216, ""qc_flags"": ""ok""}, {""distance_vox"": 4.242640687119285, ""source_role"": ""context_wind"", ""z"": 18, ""y"": 395, ""x"": 512, ""u"": 9.975640502598242, ""v"": -0.697564737441252, ""base_weight"": 0.013079792990758898, ""time_conf"": 0.3999184588991651, ""qc_flags"": ""ok""}]",1,1.6159501411212607,1.6159501411212607,default_timepower15_8_4_conservative_v2;low_current_but_stable_context_prefers_10_5,2,522
20260128063600,gaussian,diagnostic_weighted,pydda_3dvar_proxy,diagnostic_adaptive_v3,10,5.0,2,1.0,True,False,5,245,507,34.56,113.6,2500.0,3.473291852294988,-3.5966990016932545,5.0,2.7813985347747803,-3.348877191543579,4.353292576118461,-0.6918933175202078,0.24782181014967541,0.6918933175202078,0.24782181014967541,0.734936740417147,0.1469873480834294,1.0,1,1.0,9.101026344773175,2,1,0.9588754773139954,0.13898468017578125,5.278820514678955,27,0.807724749048551,0.22753362357616425,0.807724749048551,0.44754517994146464,0.5074031168409827,True,False,3.284691572189331,8.155342102050781,0.05000000074505806,1.0,0.6379825472831726,0.47275853157043457,0.0,False,,0.0,context_wind,0.13549854392639385,-1.2249461370386636,0.12004951377373073,"[{""distance_vox"": 0.0, ""source_role"": ""context_wind"", ""z"": 5, ""y"": 245, ""x"": 507, ""u"": 0.13549854392639385, ""v"": -1.2249461370386636, ""base_weight"": 0.12004951377373073, ""time_conf"": 0.6285319580329981, ""qc_flags"": ""ok""}, {""distance_vox"": 1.0, ""source_role"": ""current_wind_train"", ""z"": 5, ""y"": 245, ""x"": 508, ""u"": 2.2396275343628633, ""v"": -3.18099939570712, ""base_weight"": 1.4728057237685466, ""time_conf"": 1.0, ""qc_flags"": ""ok""}, {""distance_vox"": 1.0, ""source_role"": ""current_wind_train"", ""z"": 6, ""y"": 245, ""x"": 507, ""u"": 7.313537016191703, ""v"": -6.819983600624986, ""base_weight"": 0.5669373788524215, ""time_conf"": 1.0, ""qc_flags"": ""ok""}]",2,2.3920158984379216,2.0184792805559715,default_timepower15_8_4_conservative_v2;moderate_current_support_fresh_context_prefers_10_5,10,989
20260201061200,gaussian,diagnostic_weighted,pydda_3dvar_proxy,diagnostic_adaptive_v3,10,5.0,2,1.0,True,False,18,245,508,34.56,113.68,9000.0,17.738028103446833,-6.8089910413607075,19.0,23.995723724365234,-9.087133407592773,25.658736341126644,6.257695620918401,-2.278142366232066,6.257695620918401,2.278142366232066,6.659480995158915,0.35049899974520604,1.0,1,1.0,0.0,0,3,4.141802787780762,3.630708694458008,22.53042984008789,27,4.39111661027979,2.2557320594787598,4.39111661027979,1.8432721365195013,4.403748935680155,True,False,3.117027521133423,12.270941734313965,0.3018281161785126,0.08931255340576172,0.7318893074989319,1.9251289367675781,0.0,True,context_only_nearest_support,0.0,context_wind,17.763486982844285,-18.121176716514757,0.037187536384431494,"[{""distance_vox"": 0.0, ""source_role"": ""context_wind"", ""z"": 18, ""y"": 245, ""x"": 508, ""u"": 17.763486982844285, ""v"": -18.121176716514757, ""base_weight"": 0.037187536384431494, ""time_conf"": 0.5098992682843435, ""qc_flags"": ""ok""}, {""distance_vox"": 1.0, ""source_role"": ""context_wind"", ""z"": 18, ""y"": 245, ""x"": 507, ""u"": 5.103809861378062, ""v"": -1.9873912978413062, ""base_weight"": 0.04830640503203093, ""time_conf"": 0.5423401176851977, ""qc_flags"": ""ok""}, {""distance_vox"": 1.0, ""source_role"": ""context_wind"", ""z"": 19, ""y"": 245, ""x"": 508, ""u"": 18.368981207617917, ""v"": -20.858558024111428, ""base_weight"": 0.03679469574230735, ""time_conf"": 0.473238998489284, ""qc_flags"": ""ok""}]",3,14.83665122535395,13.069173249444205,default_timepower15_8_4_conservative_v2;moderate_current_support_fresh_context_prefers_10_5,15,1312
20260201061200,gaussian,diagnostic_weighted,pydda_3dvar_proxy,diagnostic_adaptive_v3,10,5.0,2,1.0,True,False,23,245,507,34.56,113.6,11500.0,30.814464759246096,-14.369020899183786,34.0,12.670373916625977,-0.4886978268623352,12.679794980720148,-18.14409084262012,13.88032307232145,18.14409084262012,13.88032307232145,22.844504833707177,0.6718972009913875,1.0,1,1.0,0.0,0,3,13.656203269958496,10.188559532165527,25.305721282958984,27,15.404920736948648,7.100161552429199,15.404920736948648,5.865580084539002,15.744343281277978,True,True,30.46805763244629,13.374715805053711,0.32140034437179565,0.1822335571050644,0.7503641843795776,1.7805827856063843,1.2083028554916382,True,context_only_nearest_support;role_conflict_triggered_at_holdout_voxel,1.0,context_wind,10.740495916525823,3.9488957814333294,0.04830640503203093,"[{""distance_vox"": 1.0, ""source_role"": ""context_wind"", ""z"": 23, ""y"": 246, ""x"": 507, ""u"": 10.740495916525823, ""v"": 3.9488957814333294, ""base_weight"": 0.04830640503203093, ""time_conf"": 0.5423401176851977, ""qc_flags"": ""ok""}, {""distance_vox"": 1.4142135623730951, ""source_role"": ""context_wind"", ""z"": 22, ""y"": 246, ""x"": 507, ""u"": -14.16061491039071, ""v"": 21.805434766581023, ""base_weight"": 0.05313129696404512, ""time_conf"": 0.6856553850463664, ""qc_flags"": ""ok""}, {""distance_vox"": 1.4142135623730951, ""source_role"": ""context_wind"", ""z"": 23, ""y"": 246, ""x"": 508, ""u"": 29.90196694694907, ""v"": -23.361976979930276, ""base_weight"": 0.024567119877296265, ""time_conf"": 0.42268390898466734, ""qc_flags"": ""ok""}]",3,14.83665122535395,13.069173249444205,default_timepower15_8_4_conservative_v2;moderate_current_support_fresh_context_prefers_10_5,15,1312
20260203150600,gaussian,diagnostic_weighted,pydda_3dvar_proxy,diagnostic_adaptive_v3,10,5.0,2,1.0,True,False,16,290,517,30.96,114.4,8000.0,21.32522865503611,8.615951648565982,23.000000000000004,21.08464241027832,6.498826026916504,22.063474007903526,-0.24058624475778956,-2.1171256216494783,0.24058624475778956,2.1171256216494783,2.130751660567544,0.09264137654641494,1.0,1,1.0,0.0,0,3,1.18272066116333,0.11503028869628906,22.844724655151367,27,2.206882083857501,1.2297782897949219,2.0489032017378546,0.7674148043580582,0.900973370772622,False,False,0.0,12.244831085205078,0.34694424271583557,0.0,0.793888509273529,0.4098247289657593,0.0,True,context_only_nearest_support,0.0,context_wind,19.416407864998735,14.106846055019357,0.00475807797257754,"[{""distance_vox"": 0.0, ""source_role"": ""context_wind"", ""z"": 16, ""y"": 290, ""x"": 517, ""u"": 19.416407864998735, ""v"": 14.106846055019357, ""base_weight"": 0.00475807797257754, ""time_conf"": 0.2710567175753546, ""qc_flags"": ""ok""}, {""distance_vox"": 1.0, ""source_role"": ""context_wind"", ""z"": 17, ""y"": 290, ""x"": 517, ""u"": 21.34650597807192, ""v"": 5.322281703192691, ""base_weight"": 0.12443666309898561, ""time_conf"": 0.9511717534876208, ""qc_flags"": ""ok""}, {""distance_vox"": 1.0, ""source_role"": ""context_wind"", ""z"": 16, ""y"": 290, ""x"": 518, ""u"": 20.541099615409916, ""v"": 4.366145507172956, ""base_weight"": 0.07772888488099143, ""time_conf"": 0.7937005259840997, ""qc_flags"": ""ok""}]",1,2.130751660567544,2.130751660567544,default_timepower15_8_4_conservative_v2;moderate_current_support_fresh_context_prefers_10_5,6,506
20260207082400,gaussian,diagnostic_weighted,pydda_3dvar_proxy,diagnostic_adaptive_v3,10,5.0,2,1.0,True,False,14,322,503,28.400000000000002,113.28,7000.0,-5.63815572471545,-2.052120859954013,5.999999999999999,-2.575601577758789,-0.9443845748901367,2.7432801010184846,3.0625541469566606,1.1077362850638761,3.0625541469566606,1.1077362850638761,3.2567341893818345,0.5427890315636391,1.0,1,1.0,8.546450435465925,1,2,3.602464199066162,0.6131339073181152,6.332229137420654,27,3.4126433906731783,0.40604281425476074,3.4126433906731783,2.394378367731058,2.8506913751270737,True,False,3.3000307083129883,9.679539680480957,0.0703057274222374,0.5845676064491272,0.6498087644577026,0.6174396276473999,0.0,False,,0.0,context_wind,-2.4404198584548027,5.4812727458556045,0.011483496093272885,"[{""distance_vox"": 0.0, ""source_role"": ""context_wind"", ""z"": 14, ""y"": 322, ""x"": 503, ""u"": -2.4404198584548027, ""v"": 5.4812727458556045, ""base_weight"": 0.011483496093272885, ""time_conf"": 0.38039114180318584, ""qc_flags"": ""ok""}, {""distance_vox"": 1.0, ""source_role"": ""current_wind_train"", ""z"": 15, ""y"": 322, ""x"": 503, ""u"": -2.571150438746157, ""v"": -3.064177772475912, ""base_weight"": 0.5669373788524215, ""time_conf"": 1.0, ""qc_flags"": ""ok""}, {""distance_vox"": 1.0, ""source_role"": ""context_wind"", ""z"": 15, ""y"": 322, ""x"": 503, ""u"": -2.1236104524223736, ""v"": 3.4775470407954, ""base_weight"": 0.028977159655790452, ""time_conf"": 0.507336711588491, ""qc_flags"": ""ok""}]",3,3.56144700997879,3.554534877934501,default_timepower15_8_4_conservative_v2;moderate_current_support_fresh_context_prefers_10_5,16,1201
20260211092400,gaussian,diagnostic_weighted,pydda_3dvar_proxy,diagnostic_adaptive_v3,10,5.0,2,1.0,True,False,18,252,515,34.0,114.24000000000001,9000.0,14.917828430524102,1.5679269490148005,15.000000000000002,7.979742527008057,2.113518714904785,8.254892619264874,-6.938085903516045,0.5455917658899847,6.938085903516045,0.5455917658899847,6.959504751027548,0.46396698340183645,1.0,1,1.0,0.0,0,3,3.553004026412964,0.14785099029541016,10.59267807006836,27,7.372660416143912,2.9840362071990967,7.368695066298391,2.9973319434271453,3.975468543828451,False,False,0.0,12.516271591186523,0.32188117504119873,0.0,0.7094766497612,0.4384715259075165,0.0,True,context_only_nearest_support,2.23606797749979,context_wind,14.997715427345868,0.26178609655925245,0.01028593570819972,"[{""distance_vox"": 2.23606797749979, ""source_role"": ""context_wind"", ""z"": 18, ""y"": 251, ""x"": 517, ""u"": 14.997715427345868, ""v"": 0.26178609655925245, ""base_weight"": 0.01028593570819972, ""time_conf"": 0.3646146525679137, ""qc_flags"": ""ok""}, {""distance_vox"": 2.23606797749979, ""source_role"": ""context_wind"", ""z"": 19, ""y"": 252, ""x"": 517, ""u"": 15.0, ""v"": 2.755455298081544e-15, ""base_weight"": 0.01028593570819972, ""time_conf"": 0.3646146525679137, ""qc_flags"": ""ok""}, {""distance_vox"": 2.449489742783178, ""source_role"": ""context_wind"", ""z"": 17, ""y"": 251, ""x"": 517, ""u"": 11.992689924229149, ""v"": -0.41879396043001543, ""base_weight"": 0.01028593570819972, ""time_conf"": 0.3646146525679137, ""qc_flags"": ""ok""}]",2,5.014629039716314,4.161350210082906,default_timepower15_8_4_conservative_v2;moderate_current_support_fresh_context_prefers_10_5,13,863
20260215181200,gaussian,diagnostic_weighted,pydda_3dvar_proxy,diagnostic_adaptive_v3,8,4.0,2,1.0,True,False,21,239,508,35.040000000000006,113.68,10500.0,11.643548715311958,2.9030627471960133,12.000000000000002,10.337838172912598,2.4643514156341553,10.627507985838776,-1.3057105423993605,-0.43871133156185804,1.3057105423993605,0.43871133156185804,1.3774424318183358,0.11478686931819464,1.0,1,1.0,18.52628421892816,2,1,1.9477421045303345,1.5660533905029297,9.367189407348633,27,2.5889475831279047,1.3308522701263428,2.5651578493803986,0.8895629896509134,0.04659016169199304,True,True,14.738086700439453,11.066328048706055,0.10201741755008698,0.517098605632782,0.5802896022796631,0.10391334444284439,0.09331237524747849,True,role_conflict_triggered_at_holdout_voxel,1.0,current_wind_train,12.666810842208056,2.924363706470248,0.5669373788524215,"[{""distance_vox"": 1.0, ""source_role"": ""current_wind_train"", ""z"": 22, ""y"": 239, ""x"": 508, ""u"": 12.666810842208056, ""v"": 2.924363706470248, ""base_weight"": 0.5669373788524215, ""time_conf"": 1.0, ""qc_flags"": ""ok""}, {""distance_vox"": 2.0, ""source_role"": ""current_wind_train"", ""z"": 23, ""y"": 239, ""x"": 508, ""u"": 5.400786109226685, ""v"": 1.0320192921835192, ""base_weight"": 0.973165761934816, ""time_conf"": 1.0, ""qc_flags"": ""ok""}, {""distance_vox"": 3.1622776601683795, ""source_role"": ""context_wind"", ""z"": 21, ""y"": 238, ""x"": 511, ""u"": -5.656854249492381, ""v"": 5.65685424949238, ""base_weight"": 0.04054606563769602, ""time_conf"": 0.6179472329646446, ""qc_flags"": ""ok""}]",1,1.3774424318183358,1.3774424318183358,default_timepower15_8_4_conservative_v2,7,377
20260220054200,gaussian,diagnostic_weighted,pydda_3dvar_proxy,diagnostic_adaptive_v3,8,4.0,2,1.0,True,False,21,246,508,34.480000000000004,113.68,10500.0,26.140251941921647,-10.03430258726841,28.0,23.710704803466797,-10.779994010925293,26.046224163066874,-2.4295471384548506,-0.7456914236568828,2.4295471384548506,0.7456914236568828,2.5414080737436837,0.09076457406227442,1.0,1,1.0,10.402602601813793,1,2,1.8462024927139282,0.7708759307861328,26.347352981567383,27,3.0074905466150352,2.2533164024353027,3.0074905466150352,0.8278750653332679,0.288091671308381,True,False,5.745598316192627,10.610099792480469,0.07457104325294495,0.73455411195755,0.6776157021522522,0.3656023442745209,0.0,False,,1.0,current_wind_train,26.492818271635432,-11.795362649198193,0.5669373788524215,"[{""distance_vox"": 1.0, ""source_role"": ""current_wind_train"", ""z"": 22, ""y"": 246, ""x"": 508, ""u"": 26.492818271635432, ""v"": -11.795362649198193, ""base_weight"": 0.5669373788524215, ""time_conf"": 1.0, ""qc_flags"": ""ok""}, {""distance_vox"": 1.0, ""source_role"": ""context_wind"", ""z"": 21, ""y"": 246, ""x"": 507, ""u"": 18.169790363297672, ""v"": -5.555062389731997, ""base_weight"": 0.020524395168661624, ""time_conf"": 0.4755858767438104, ""qc_flags"": ""ok""}, {""distance_vox"": 1.4142135623730951, ""source_role"": ""context_wind"", ""z"": 21, ""y"": 247, ""x"": 509, ""u"": 18.70283480880493, ""v"": -18.06111763193393, ""base_weight"": 0.005930512119877212, ""time_conf"": 0.29502086352798257, ""qc_flags"": ""ok""}]",1,2.5414080737436837,2.5414080737436837,default_timepower15_8_4_conservative_v2;moderate_current_support_fresh_context_prefers_10_5;v3_low_error_guard_prefers_8_4,7,596
20260124070600,gaussian,diagnostic_weighted,pydda_3dvar_proxy,diagnostic_adaptive_v3,8,4.0,2,1.0,True,False,22,248,512,34.32000000000001,114.0,11000.0,13.965896703637538,0.9765906324177581,13.999999999999998,9.75241756439209,3.604661464691162,10.3972704410962,-4.2134791392454485,2.628070832273404,4.2134791392454485,2.628070832273404,4.965899994593406,0.35470714247095764,1.0,1,1.0,0.0,0,3,6.868802547454834,1.7540340423583984,15.667342185974121,27,4.644347296820746,1.4187191724777222,4.644347296820746,2.165368910655135,3.547180822115684,True,False,10.540157318115234,12.649645805358887,0.23812592029571533,0.14826692640781403,0.5771815776824951,0.5038294792175293,0.0,True,context_only_nearest_support,0.0,context_wind,19.184454610494623,-8.541469504591795,0.003973413434597731,"[{""distance_vox"": 0.0, ""source_role"": ""context_wind"", ""z"": 22, ""y"": 248, ""x"": 512, ""u"": 19.184454610494623, ""v"": -8.541469504591795, ""base_weight"": 0.003973413434597731, ""time_conf"": 0.25290486007548063, ""qc_flags"": ""ok""}, {""distance_vox"": 1.0, ""source_role"": ""context_wind"", ""z"": 22, ""y"": 249, ""x"": 512, ""u"": 23.637964389982923, ""v"": -8.139203861428907, ""base_weight"": 0.005002333127672576, ""time_conf"": 0.27632623464480993, ""qc_flags"": ""ok""}, {""distance_vox"": 1.0, ""source_role"": ""context_wind"", ""z"": 21, ""y"": 248, ""x"": 512, ""u"": 13.788799976141606, ""v"": -11.570176974357707, ""base_weight"": 0.005002333127672576, ""time_conf"": 0.27632623464480993, ""qc_flags"": ""ok""}]",3,6.883227854682982,5.5658513380955315,default_timepower15_8_4_conservative_v2,14,547
20260128091200,gaussian,diagnostic_weighted,pydda_3dvar_proxy,diagnostic_adaptive_v3,8,4.0,2,1.0,True,False,6,245,508,34.56,113.68,3000.0,0.6093467170257365,4.962730758206611,5.000000000000001,-0.9519123435020447,0.8673851490020752,1.2878253400290378,-1.5612590605277812,-4.095345609204536,1.5612590605277812,4.095345609204536,4.382851299429512,0.8765702598859022,1.0,1,1.0,0.0,0,3,1.4255445003509521,0.5488245487213135,2.3456902503967285,27,4.5920830920890525,3.9635379314422607,4.622967233288825,0.5891465605755362,0.41931336798725116,False,False,0.0,11.528247833251953,0.23837101459503174,0.0,0.5767420530319214,0.35572367906570435,0.0,True,context_only_nearest_support,0.0,context_wind,-2.3328655691146114,0.4125370073670463,0.12816237545406092,"[{""distance_vox"": 0.0, ""source_role"": ""context_wind"", ""z"": 6, ""y"": 245, ""x"": 508, ""u"": -2.3328655691146114, ""v"": 0.4125370073670463, ""base_weight"": 0.12816237545406092, ""time_conf"": 0.7406209684001576, ""qc_flags"": ""ok""}, {""distance_vox"": 1.0, ""source_role"": ""context_wind"", ""z"": 5, ""y"": 245, ""x"": 508, ""u"": -0.3695794886983514, ""v"": -0.08529694465250603, ""base_weight"": 0.045381722184785096, ""time_conf"": 0.5119959268847666, ""qc_flags"": ""ok""}, {""distance_vox"": 1.0, ""source_role"": ""context_wind"", ""z"": 6, ""y"": 245, ""x"": 507, ""u"": 2.454657799335469, ""v"": -2.0205606129272486, ""base_weight"": 0.030644607234598654, ""time_conf"": 0.41362901350439274, ""qc_flags"": ""ok""}]",6,3.421226369759455,3.185592693436025,default_timepower15_8_4_conservative_v2,37,975
20260128091200,gaussian,diagnostic_weighted,pydda_3dvar_proxy,diagnostic_adaptive_v3,8,4.0,2,1.0,True,False,16,247,513,34.400000000000006,114.08,8000.0,8.698697882665156,-9.660882731206126,13.0,6.471381187438965,-5.535594463348389,8.51596034137033,-2.2273166952261914,4.125288267857737,2.2273166952261914,4.125288267857737,4.688170533775197,0.3606285025980921,1.0,1,1.0,0.0,0,3,2.637338399887085,1.0021286010742188,11.153000831604004,27,4.073917671486184,2.1782476902008057,4.073917671486184,1.203433330345161,2.509922843574391,True,False,8.15467643737793,10.13621997833252,0.11087539792060852,0.4352235794067383,0.6264073252677917,1.2896872758865356,0.0,True,context_only_nearest_support,0.0,context_wind,16.3135401666597,-7.607128711332593,0.02201445027592186,"[{""distance_vox"": 0.0, ""source_role"": ""context_wind"", ""z"": 16, ""y"": 247, ""x"": 513, ""u"": 16.3135401666597, ""v"": -7.607128711332593, ""base_weight"": 0.02201445027592186, ""time_conf"": 0.48857998421712295, ""qc_flags"": ""ok""}, {""distance_vox"": 1.0, ""source_role"": ""context_wind"", ""z"": 16, ""y"": 247, ""x"": 512, ""u"": 0.9742117067204612, ""v"": -6.931876481190992, ""base_weight"": 0.02201445027592186, ""time_conf"": 0.48857998421712295, ""qc_flags"": ""ok""}, {""distance_vox"": 1.0, ""source_role"": ""context_wind"", ""z"": 16, ""y"": 247, ""x"": 514, ""u"": 6.742444200733423, ""v"": -5.854040365752716, ""base_weight"": 0.027515981811207638, ""time_conf"": 0.42591059055886893, ""qc_flags"": ""ok""}]",6,3.421226369759455,3.185592693436025,default_timepower15_8_4_conservative_v2,37,975
20260128091200,gaussian,diagnostic_weighted,pydda_3dvar_proxy,diagnostic_adaptive_v3,8,4.0,2,1.0,True,False,22,240,508,34.96,113.68,11000.0,23.5640024629529,-10.98807480525819,26.000000000000004,26.353715896606445,-13.014187812805176,29.391961928153318,2.789713433653546,-2.0261130075469858,2.789713433653546,2.0261130075469858,3.4478449734954943,0.132609422057519,1.0,1,1.0,6.177371187050687,1,2,6.131781578063965,0.7265453338623047,34.069644927978516,27,4.801940847326208,2.7186131477355957,4.801940847326208,2.323670221574103,0.7292318257598986,True,True,17.200777053833008,9.828653335571289,0.05000000074505806,1.0,0.5679891109466553,0.16807590425014496,0.1596721112728119,True,role_conflict_triggered_at_holdout_voxel,0.0,context_wind,20.22542485937369,-14.694631307311823,0.019522224941848732,"[{""distance_vox"": 0.0, ""source_role"": ""context_wind"", ""z"": 22, ""y"": 240, ""x"": 508, ""u"": 20.22542485937369, ""v"": -14.694631307311823, ""base_weight"": 0.019522224941848732, ""time_conf"": 0.4665164957684037, ""qc_flags"": ""ok""}, {""distance_vox"": 1.0, ""source_role"": ""current_wind_train"", ""z"": 21, ""y"": 240, ""x"": 508, ""u"": 21.32522865503611, ""v"": -8.615951648565975, ""base_weight"": 0.5669373788524215, ""time_conf"": 1.0, ""qc_flags"": ""ok""}, {""distance_vox"": 1.0, ""source_role"": ""context_wind"", ""z"": 21, ""y"": 240, ""x"": 508, ""u"": 19.659649062935806, ""v"": -13.765834472425105, ""base_weight"": 0.019522224941848732, ""time_conf"": 0.4665164957684037, ""qc_flags"": ""ok""}]",6,3.421226369759455,3.185592693436025,default_timepower15_8_4_conservative_v2,37,975
20260128091200,gaussian,diagnostic_weighted,pydda_3dvar_proxy,diagnostic_adaptive_v3,8,4.0,2,1.0,True,False,23,251,492,34.08,112.4,11500.0,-13.686786210075752,11.689619748093419,17.999314615155082,-14.638274192810059,12.898772239685059,19.510443271108908,-0.9514879827343066,1.2091524915916398,0.9514879827343066,1.2091524915916398,1.538628977112439,0.08548264253445198,1.0,2,1.0,0.0,3,0,1.8970848321914673,0.6398525238037109,21.154312133789062,27,2.021482511802956,1.1302073001861572,2.021482511802956,0.8922394160705283,0.40842167692628184,True,True,22.70638084411621,10.293423652648926,0.05000000074505806,1.0,0.6895824074745178,0.2303592711687088,0.2188412994146347,True,role_conflict_triggered_at_holdout_voxel,1.0,current_wind_train,-13.9864967705313,11.326041765109778,0.973165761934816,"[{""distance_vox"": 1.0, ""source_role"": ""current_wind_train"", ""z"": 23, ""y"": 251, ""x"": 491, ""u"": -13.9864967705313, ""v"": 11.326041765109778, ""base_weight"": 0.973165761934816, ""time_conf"": 1.0, ""qc_flags"": ""ok""}, {""distance_vox"": 1.0, ""source_role"": ""current_wind_train"", ""z"": 23, ""y"": 251, ""x"": 493, ""u"": -13.962127234121283, ""v"": 12.137092036324383, ""base_weight"": 0.973165761934816, ""time_conf"": 1.0, ""qc_flags"": ""ok""}, {""distance_vox"": 2.23606797749979, ""source_role"": ""current_wind_train"", ""z"": 23, ""y"": 250, ""x"": 494, ""u"": -14.105923238196656, ""v"": 12.724514861539546, ""base_weight"": 0.973165761934816, ""time_conf"": 1.0, ""qc_flags"": ""ok""}]",6,3.421226369759455,3.185592693436025,default_timepower15_8_4_conservative_v2,37,975
20260201075400,gaussian,diagnostic_weighted,pydda_3dvar_proxy,diagnostic_adaptive_v3,8,4.0,2,1.0,True,False,6,295,512,30.560000000000002,114.0,3000.0,2.1580194010159537,-2.0839751113769918,3.0,1.0592483282089233,-0.5402252078056335,1.1890543704818712,-1.0987710728070303,1.5437499035713582,1.0987710728070303,1.5437499035713582,1.8948513491073884,0.6316171163691294,1.0,1,1.0,0.0,0,3,3.3002326488494873,1.4147478342056274,3.6090307235717773,27,2.5209146826355546,1.8387322425842285,2.508641706342494,0.44949845869973926,0.05611910652315988,False,False,0.0,11.720659255981445,0.2675241529941559,0.0,0.6350483298301697,0.26668089628219604,0.0,True,context_only_nearest_support,1.0,context_wind,1.9681770869715223,-2.2641287406683155,0.08337194139723943,"[{""distance_vox"": 1.0, ""source_role"": ""context_wind"", ""z"": 6, ""y"": 295, ""x"": 513, ""u"": 1.9681770869715223, ""v"": -2.2641287406683155, ""base_weight"": 0.08337194139723943, ""time_conf"": 0.8153862623370692, ""qc_flags"": ""ok""}, {""distance_vox"": 1.4142135623730951, ""source_role"": ""context_wind"", ""z"": 5, ""y"": 295, ""x"": 513, ""u"": 0.7684620615058323, ""v"": -0.43813249428483736, ""base_weight"": 0.13522550888890922, ""time_conf"": 0.6664460758269993, ""qc_flags"": ""ok""}, {""distance_vox"": 1.7320508075688772, ""source_role"": ""context_wind"", ""z"": 5, ""y"": 294, ""x"": 513, ""u"": 3.3998957940973846, ""v"": 2.566701046822562, ""base_weight"": 0.04002186324319499, ""time_conf"": 0.5590006569692691, ""qc_flags"": ""ok""}]",1,1.8948513491073884,1.8948513491073884,default_timepower15_8_4_conservative_v2,1,1297
20260203170000,gaussian,diagnostic_weighted,pydda_3dvar_proxy,diagnostic_adaptive_v3,10,5.0,2,1.0,True,False,13,248,510,34.32000000000001,113.84,6500.0,-8.044890717810876,7.501981960687482,11.0,-4.338266849517822,5.973662853240967,7.382764193837989,3.706623868293054,-1.5283191074465154,3.706623868293054,1.5283191074465154,4.009341566290639,0.3644855969355127,1.0,1,1.0,18.86119815353423,1,2,10.528648376464844,1.9314846992492676,13.227593421936035,27,6.956957666962235,1.856330156326294,6.956957666962235,5.497003813200102,2.1530114099643454,True,True,23.57647132873535,11.058046340942383,0.22877664864063263,0.3216438293457031,0.7827039361000061,0.7133223414421082,0.5501308441162109,True,role_conflict_triggered_at_holdout_voxel,1.0,current_wind_train,-9.811224542896039,8.528767376876592,0.5669373788524215,"[{""distance_vox"": 1.0, ""source_role"": ""current_wind_train"", ""z"": 14, ""y"": 248, ""x"": 510, ""u"": -9.811224542896039, ""v"": 8.528767376876592, ""base_weight"": 0.5669373788524215, ""time_conf"": 1.0, ""qc_flags"": ""ok""}, {""distance_vox"": 1.4142135623730951, ""source_role"": ""context_wind"", ""z"": 14, ""y"": 247, ""x"": 510, ""u"": 7.564148604794534, ""v"": 2.604545235657253, ""base_weight"": 0.009981577251721767, ""time_conf"": 0.3604266960894828, ""qc_flags"": ""ok""}, {""distance_vox"": 1.4142135623730951, ""source_role"": ""context_wind"", ""z"": 13, ""y"": 247, ""x"": 509, ""u"": 8.302119450369267, ""v"": 3.2702918213070205, ""base_weight"": 0.017133689881491488, ""time_conf"": 0.3604266960894828, ""qc_flags"": ""ok""}]",3,4.212628611869625,3.4866477235259734,default_timepower15_8_4_conservative_v2;moderate_current_support_fresh_context_prefers_10_5,14,421
20260203170000,gaussian,diagnostic_weighted,pydda_3dvar_proxy,diagnostic_adaptive_v3,10,5.0,2,1.0,True,False,17,250,513,34.160000000000004,114.08,8500.0,-9.659411331972628,8.697373028844535,12.998020037033086,-9.494879722595215,8.371180534362793,12.658175401117031,0.16453160937741274,-0.3261924944817416,0.16453160937741274,0.3261924944817416,0.3653384649069169,0.02810723970774157,1.0,2,1.0,0.0,3,0,0.8366470336914062,0.04708576202392578,13.301349639892578,27,0.626509506393362,0.21331733465194702,0.626509506393362,0.3789136970150146,0.15202113025496988,True,True,48.5346794128418,8.964394569396973,0.05000000074505806,1.0,0.7998166680335999,0.7438752055168152,0.7066814303398132,True,role_conflict_triggered_at_holdout_voxel,1.0,current_wind_train,-8.917737905728732,8.029567276306299,0.5669373788524215,"[{""distance_vox"": 1.0, ""source_role"": ""current_wind_train"", ""z"": 17, ""y"": 249, ""x"": 513, ""u"": -8.917737905728732, ""v"": 8.029567276306299, ""base_weight"": 0.5669373788524215, ""time_conf"": 1.0, ""qc_flags"": ""ok""}, {""distance_vox"": 1.0, ""source_role"": ""current_wind_train"", ""z"": 18, ""y"": 250, ""x"": 513, ""u"": -8.776244419430046, ""v"": 8.183980320749981, ""base_weight"": 0.5669373788524215, ""time_conf"": 1.0, ""qc_flags"": ""ok""}, {""distance_vox"": 1.4142135623730951, ""source_role"": ""current_wind_train"", ""z"": 17, ""y"": 249, ""x"": 512, ""u"": -9.858334924347595, ""v"": 8.469543447729878, ""base_weight"": 1.2642411176571153, ""time_conf"": 1.0, ""qc_flags"": ""ok""}]",3,4.212628611869625,3.4866477235259734,default_timepower15_8_4_conservative_v2;moderate_current_support_fresh_context_prefers_10_5,14,421
20260203170000,gaussian,diagnostic_weighted,pydda_3dvar_proxy,diagnostic_adaptive_v3,10,5.0,2,1.0,True,False,23,252,516,34.0,114.32,11500.0,-18.066526371689175,20.06491028788964,27.0,-12.782471656799316,17.04676628112793,21.3068961207464,5.284054714889859,-3.018144006761709,5.284054714889859,3.018144006761709,6.0852631393803644,0.22538011627334684,1.0,1,1.0,4.504904927370447,1,2,1.221449613571167,0.4288616180419922,22.3896484375,27,6.174534303170663,4.729433059692383,6.174534303170663,1.1076552009459368,1.3558300796879816,True,False,6.028862476348877,10.694963455200195,0.07211577892303467,1.0,0.8242315649986267,1.1986101865768433,0.0,False,,0.0,context_wind,-19.09595408174996,20.477903645336774,0.13214101026382616,"[{""distance_vox"": 0.0, ""source_role"": ""context_wind"", ""z"": 23, ""y"": 252, ""x"": 516, ""u"": -19.09595408174996, ""v"": 20.477903645336774, ""base_weight"": 0.13214101026382616, ""time_conf"": 0.9734043393240235, ""qc_flags"": ""ok""}, {""distance_vox"": 1.0, ""source_role"": ""current_wind_train"", ""z"": 23, ""y"": 251, ""x"": 516, ""u"": -16.401475724762683, ""v"": 18.8677395055693, ""base_weight"": 0.5669373788524215, ""time_conf"": 1.0, ""qc_flags"": ""ok""}, {""distance_vox"": 1.0, ""source_role"": ""context_wind"", ""z"": 23, ""y"": 252, ""x"": 517, ""u"": -19.543279227061056, ""v"": 22.096243672763794, ""base_weight"": 0.22682418152871006, ""time_conf"": 0.9734043393240235, ""qc_flags"": ""ok""}]",3,4.212628611869625,3.4866477235259734,default_timepower15_8_4_conservative_v2;moderate_current_support_fresh_context_prefers_10_5,14,421
20260207131800,gaussian,diagnostic_weighted,pydda_3dvar_proxy,diagnostic_adaptive_v3,8,4.0,2,1.0,True,False,8,327,501,28.000000000000004,113.12,4000.0,-10.927389364671168,-13.022755533022627,17.0,-10.016470909118652,-11.025361061096191,14.895914741994075,0.9109184555525154,1.9973944719264356,0.9109184555525154,1.9973944719264356,2.1953034207481354,0.12913549533812563,1.0,1,1.0,0.0,0,3,0.666782021522522,0.6229848861694336,14.297738075256348,27,2.6409509446885853,2.0529983043670654,2.61399212633238,0.32355781031381897,0.14230511638107002,False,False,0.0,11.894251823425293,0.29382601380348206,0.0,0.687652051448822,0.3211808502674103,0.0,True,context_only_nearest_support,0.0,context_wind,-11.239754650516032,-8.44440734899864,0.01724329677548871,"[{""distance_vox"": 0.0, ""source_role"": ""context_wind"", ""z"": 8, ""y"": 327, ""x"": 501, ""u"": -11.239754650516032, ""v"": -8.44440734899864, ""base_weight"": 0.01724329677548871, ""time_conf"": 0.40495852364751406, ""qc_flags"": ""ok""}, {""distance_vox"": 1.0, ""source_role"": ""context_wind"", ""z"": 9, ""y"": 327, ""x"": 501, ""u"": -13.586629737454933, ""v"": -3.148775976416257, ""base_weight"": 0.009260948861585065, ""time_conf"": 0.28553381595086036, ""qc_flags"": ""ok""}, {""distance_vox"": 1.0, ""source_role"": ""context_wind"", ""z"": 8, ""y"": 328, ""x"": 501, ""u"": -8.714224560240433, ""v"": -13.418729087126785, ""base_weight"": 0.10496119551476024, ""time_conf"": 0.8908987181403393, ""qc_flags"": ""ok""}]",3,5.35471908890356,4.966558295504094,default_timepower15_8_4_conservative_v2,21,1049
20260207131800,gaussian,diagnostic_weighted,pydda_3dvar_proxy,diagnostic_adaptive_v3,8,4.0,2,1.0,True,False,21,374,508,24.240000000000002,113.68,10500.0,15.68357323340534,-16.81857319688452,22.996496988597,15.061101913452148,-10.999166488647461,18.649891535673266,-0.6224713199531919,5.819406708237057,0.6224713199531919,5.819406708237057,5.852603265217858,0.2544997730793485,1.0,2,1.0,6.5036140897028725,1,2,1.4084830284118652,0.3187541961669922,19.394088745117188,27,5.816979620191786,4.148288249969482,5.816979620191786,1.06742064394751,1.7043150152483753,True,False,6.182826042175293,10.806192398071289,0.11276254802942276,0.7788007855415344,0.7849713563919067,1.5538427829742432,0.0,False,,1.0,context_wind,19.05255888325765,-11.000000000000004,0.08591412032921704,"[{""distance_vox"": 1.0, ""source_role"": ""context_wind"", ""z"": 21, ""y"": 375, ""x"": 508, ""u"": 19.05255888325765, ""v"": -11.000000000000004, ""base_weight"": 0.08591412032921704, ""time_conf"": 0.8248605943353025, ""qc_flags"": ""ok""}, {""distance_vox"": 1.4142135623730951, ""source_role"": ""current_wind_train"", ""z"": 20, ""y"": 374, ""x"": 507, ""u"": 15.003963921374961, ""v"": -16.089781435621756, ""base_weight"": 0.5669373788524215, ""time_conf"": 1.0, ""qc_flags"": ""ok""}, {""distance_vox"": 1.4142135623730951, ""source_role"": ""context_wind"", ""z"": 22, ""y"": 374, ""x"": 509, ""u"": 17.20219293006883, ""v"": -12.045105163371968, ""base_weight"": 0.08591412032921704, ""time_conf"": 0.8248605943353025, ""qc_flags"": ""ok""}]",3,5.35471908890356,4.966558295504094,default_timepower15_8_4_conservative_v2,21,1049
20260211102400,gaussian,diagnostic_weighted,pydda_3dvar_proxy,diagnostic_adaptive_v3,8,4.0,2,1.0,True,False,16,322,501,28.400000000000002,113.12,8000.0,15.530272779924218,-6.914522932288596,17.0,13.866925239562988,-3.0023889541625977,14.18823297777798,-1.6633475403612294,3.9121339781259987,1.6633475403612294,3.9121339781259987,4.2510607267873395,0.2500623956933729,1.0,1,1.0,0.0,0,3,2.9831604957580566,0.5265283584594727,17.163244247436523,27,4.6015200350019665,3.4682669639587402,4.6015200350019665,0.8611182295372489,0.7827937628285992,True,False,4.955406188964844,8.931276321411133,0.05000000074505806,0.7370287775993347,0.5882284641265869,0.2802233397960663,0.0,True,context_only_nearest_support,1.0,context_wind,14.728811697373848,0.20652335911085853,0.014495629299175201,"[{""distance_vox"": 1.0, ""source_role"": ""context_wind"", ""z"": 16, ""y"": 322, ""x"": 502, ""u"": 14.728811697373848, ""v"": 0.20652335911085853, ""base_weight"": 0.014495629299175201, ""time_conf"": 0.35834058779264943, ""qc_flags"": ""ok""}, {""distance_vox"": 1.4142135623730951, ""source_role"": ""context_wind"", ""z"": 17, ""y"": 322, ""x"": 502, ""u"": 23.384881554845645, ""v"": -5.3988253042527585, ""base_weight"": 0.05642085766854281, ""time_conf"": 0.7016818199634473, ""qc_flags"": ""ok""}, {""distance_vox"": 2.0, ""source_role"": ""context_wind"", ""z"": 16, ""y"": 322, ""x"": 503, ""u"": 13.720874643711612, ""v"": -1.6105506308659432, ""base_weight"": 0.04059322236187095, ""time_conf"": 0.5404239593104694, ""qc_flags"": ""ok""}]",3,3.4180990094355455,3.154711766924993,default_timepower15_8_4_conservative_v2,21,819
20260216015400,gaussian,diagnostic_weighted,pydda_3dvar_proxy,diagnostic_adaptive_v3,10,5.0,2,1.0,True,False,8,267,473,32.800000000000004,110.88,4000.0,-8.191520442889917,5.735764363510461,10.0,2.2744884490966797,11.507041931152344,11.729676539034335,10.466008891986597,5.771277567641882,10.466008891986597,5.771277567641882,11.951777561932321,1.1951777561932322,1.0,1,1.0,26.301217673907125,1,2,13.51889705657959,6.879508018493652,25.209407806396484,27,14.2838028271993,6.831182956695557,12.621442460312668,6.981871548862899,5.120594605236764,True,True,23.52610969543457,9.274627685546875,0.08857998251914978,1.0,0.9771599769592285,0.2983279824256897,0.27190208435058594,True,role_conflict_triggered_at_holdout_voxel,0.0,context_wind,31.17691453623978,18.000000000000014,0.13347066794333667,"[{""distance_vox"": 0.0, ""source_role"": ""context_wind"", ""z"": 8, ""y"": 267, ""x"": 473, ""u"": 31.17691453623978, ""v"": 18.000000000000014, ""base_weight"": 0.13347066794333667, ""time_conf"": 0.9771599684342459, ""qc_flags"": ""ok""}, {""distance_vox"": 1.0, ""source_role"": ""context_wind"", ""z"": 8, ""y"": 267, ""x"": 472, ""u"": 18.3696528117342, ""v"": 21.13186824623762, ""base_weight"": 0.13347066794333667, ""time_conf"": 0.9771599684342459, ""qc_flags"": ""ok""}, {""distance_vox"": 1.7320508075688772, ""source_role"": ""current_wind_train"", ""z"": 9, ""y"": 268, ""x"": 474, ""u"": 6.000000000000002, ""v"": 10.392304845413264, ""base_weight"": 0.5669373788524215, ""time_conf"": 1.0, ""qc_flags"": ""ok""}]",3,29.00541123866669,26.92174805069419,default_timepower15_8_4_conservative_v2;moderate_current_support_fresh_context_prefers_10_5,14,533
20260216015400,gaussian,diagnostic_weighted,pydda_3dvar_proxy,diagnostic_adaptive_v3,10,5.0,2,1.0,True,False,22,269,480,32.64,111.44,11000.0,-22.999999999999996,-39.83716857408418,46.0,-3.991610050201416,-14.326822280883789,14.872484239725962,19.00838994979858,25.510346293200392,19.00838994979858,25.510346293200392,31.81346659015026,0.6915970997858752,0.0934542715549469,1,1.0,0.0,3,0,69.67243957519531,42.033241271972656,83.97702026367188,27,36.54837982742875,31.752763748168945,37.68528954784846,3.4503055304760486,0.06070284198131404,False,False,0.0,15.399999618530273,0.5014285445213318,0.0,1.0,0.0,0.0,True,high_vector_error_ge_30mps;rapid_reconstructed_vertical_jump_ge_25mps,3.3166247903554,current_wind_train,-41.99999999999999,-72.74613391789285,0.5669373788524215,"[{""distance_vox"": 3.3166247903554, ""source_role"": ""current_wind_train"", ""z"": 25, ""y"": 268, ""x"": 481, ""u"": -41.99999999999999, ""v"": -72.74613391789285, ""base_weight"": 0.5669373788524215, ""time_conf"": 1.0, ""qc_flags"": ""ok""}, {""distance_vox"": 3.605551275463989, ""source_role"": ""current_wind_train"", ""z"": 19, ""y"": 269, ""x"": 478, ""u"": 14.544288607390106, ""v"": -26.238591214181877, ""base_weight"": 0.5669373788524215, ""time_conf"": 1.0, ""qc_flags"": ""ok""}, {""distance_vox"": 5.477225575051661, ""source_role"": ""current_wind_train"", ""z"": 27, ""y"": 268, ""x"": 482, ""u"": -20.32143923037209, ""v"": -81.5048410071837, ""base_weight"": 0.5669373788524215, ""time_conf"": 1.0, ""qc_flags"": ""ok""}]",3,29.00541123866669,26.92174805069419,default_timepower15_8_4_conservative_v2;moderate_current_support_fresh_context_prefers_10_5,14,533
20260124121200,gaussian,diagnostic_weighted,pydda_3dvar_proxy,diagnostic_adaptive_v3,10,5.0,2,1.0,True,False,13,323,507,28.320000000000004,113.6,6500.0,19.40478758440689,21.551199938844434,29.000000000000004,21.00009536743164,42.521148681640625,47.424172008032066,1.5953077830247508,20.96994874279619,1.5953077830247508,20.96994874279619,21.030543435633774,0.7251911529528887,0.021189654245972633,1,1.0,0.0,0,3,5.414140701293945,0.8177757263183594,48.611663818359375,27,20.229266413935907,16.605358123779297,18.356899139597278,2.5355409732498457,4.425185311854477,False,False,0.0,11.408445358276367,0.09807956218719482,0.0,0.29615911841392517,0.003492228453978896,0.0,True,context_only_nearest_support,3.4641016151377544,context_wind,25.27623097238603,33.5426914219863,0.005990187393797712,"[{""distance_vox"": 3.4641016151377544, ""source_role"": ""context_wind"", ""z"": 15, ""y"": 325, ""x"": 505, ""u"": 25.27623097238603, ""v"": 33.5426914219863, ""base_weight"": 0.005990187393797712, ""time_conf"": 0.2961591252948842, ""qc_flags"": ""ok""}, {""distance_vox"": 3.7416573867739413, ""source_role"": ""context_wind"", ""z"": 16, ""y"": 325, ""x"": 506, ""u"": 40.164799750447486, ""v"": 12.279611598354958, ""base_weight"": 0.005990187393797712, ""time_conf"": 0.2961591252948842, ""qc_flags"": ""ok""}, {""distance_vox"": 3.7416573867739413, ""source_role"": ""context_wind"", ""z"": 14, ""y"": 326, ""x"": 505, ""u"": 19.93009551071421, ""v"": 44.76372742448744, ""base_weight"": 0.005990187393797712, ""time_conf"": 0.2961591252948842, ""qc_flags"": ""ok""}]",2,16.196957810013163,15.0539699728404,default_timepower15_8_4_conservative_v2;moderate_current_support_fresh_context_prefers_10_5,7,435
20260129073000,gaussian,diagnostic_weighted,pydda_3dvar_proxy,diagnostic_adaptive_v3,10,5.0,2,1.0,True,False,4,245,508,34.56,113.68,2000.0,-15.32088886237956,-12.855752193730787,20.0,-15.648000717163086,-11.446002960205078,19.387390495096547,-0.3271118547835261,1.4097492335257087,0.3271118547835261,1.4097492335257087,1.44720249687673,0.0723601248438365,1.0,1,1.0,7.123072928350913,2,1,2.7353310585021973,0.13459014892578125,19.61117172241211,27,2.245815219702544,1.1270389556884766,2.245815219702544,1.3176963834623372,0.3201635411882535,True,False,5.701443195343018,7.994429111480713,0.05000000074505806,0.9602164626121521,0.546122133731842,0.26865333318710327,0.0,False,,0.0,context_wind,-14.10000195088932,-8.307329816900825,0.013717161474893299,"[{""distance_vox"": 0.0, ""source_role"": ""context_wind"", ""z"": 4, ""y"": 245, ""x"": 508, ""u"": -14.10000195088932, ""v"": -8.307329816900825, ""base_weight"": 0.013717161474893299, ""time_conf"": 0.37749645868472276, ""qc_flags"": ""ok""}, {""distance_vox"": 1.0, ""source_role"": ""current_wind_train"", ""z"": 4, ""y"": 245, ""x"": 509, ""u"": -12.855752193730785, ""v"": -15.32088886237956, ""base_weight"": 0.5669373788524215, ""time_conf"": 1.0, ""qc_flags"": ""ok""}, {""distance_vox"": 1.0, ""source_role"": ""current_wind_train"", ""z"": 5, ""y"": 245, ""x"": 508, ""u"": -16.669609084227513, ""v"": -10.939285028180294, ""base_weight"": 0.973165761934816, ""time_conf"": 1.0, ""qc_flags"": ""ok""}]",2,9.669699581255486,7.522714883988568,default_timepower15_8_4_conservative_v2;moderate_current_support_fresh_context_prefers_10_5,12,742
20260129073000,gaussian,diagnostic_weighted,pydda_3dvar_proxy,diagnostic_adaptive_v3,10,5.0,2,1.0,True,False,23,382,446,23.600000000000005,108.72,11500.0,47.73705097767712,5.017366236847361,48.0,39.868896484375,16.10807991027832,42.999990061367704,-7.8681544933021215,11.090713673430958,7.8681544933021215,11.090713673430958,13.598227271100406,0.28329640148125845,0.44320541620254517,1,1.0,0.0,0,3,0.0013579585356637836,0.001354217529296875,42.998634338378906,27,13.598438404224536,13.598226547241211,13.598400577006002,0.00014989217978693257,7.238591948066642e-07,False,False,0.0,15.120790481567383,0.48926278948783875,0.0,0.9585255980491638,0.1219756156206131,0.0,True,context_only_nearest_support,1.4142135623730951,context_wind,39.86890574637185,16.10808351688423,0.12695352926682754,"[{""distance_vox"": 1.4142135623730951, ""source_role"": ""context_wind"", ""z"": 23, ""y"": 383, ""x"": 445, ""u"": 39.86890574637185, ""v"": 16.10808351688423, ""base_weight"": 0.12695352926682754, ""time_conf"": 0.958525613502759, ""qc_flags"": ""ok""}, {""distance_vox"": 28.30194339616981, ""source_role"": ""context_wind"", ""z"": 19, ""y"": 359, ""x"": 462, ""u"": 26.79236562262855, ""v"": 20.932490161072373, ""base_weight"": 0.0060504631450877, ""time_conf"": 0.29730177875068026, ""qc_flags"": ""ok""}, {""distance_vox"": 30.331501776206203, ""source_role"": ""context_wind"", ""z"": 17, ""y"": 360, ""x"": 466, ""u"": 29.124611797498105, ""v"": 21.160269082529034, ""base_weight"": 0.011599047796242044, ""time_conf"": 0.3818587827286608, ""qc_flags"": ""ok""}]",2,9.669699581255486,7.522714883988568,default_timepower15_8_4_conservative_v2;moderate_current_support_fresh_context_prefers_10_5,12,742
20260201110600,gaussian,diagnostic_weighted,pydda_3dvar_proxy,diagnostic_adaptive_v3,8,4.0,2,1.0,True,False,7,326,503,28.080000000000002,113.28,3500.0,-5.447885996874561,-10.692078290260415,12.0,-4.16541862487793,-7.394388198852539,8.486912816555243,1.2824673719966313,3.297690091407876,1.2824673719966313,3.297690091407876,3.538288074649326,0.2948573395541105,1.0,1,1.0,0.0,0,3,1.042816400527954,0.14258670806884766,8.779548645019531,27,3.754789838084468,3.423210382461548,3.7745316373447912,0.25390240033289696,0.11507769218777808,False,False,0.0,12.018172264099121,0.3126019239425659,0.0,0.7252038717269897,0.2715127170085907,0.0,True,context_only_nearest_support,3.605551275463989,context_wind,0.4745559021538128,-7.962278288039546,0.0858910703971128,"[{""distance_vox"": 3.605551275463989, ""source_role"": ""context_wind"", ""z"": 7, ""y"": 323, ""x"": 501, ""u"": 0.4745559021538128, ""v"": -7.962278288039546, ""base_weight"": 0.0858910703971128, ""time_conf"": 0.6450689112112552, ""qc_flags"": ""ok""}, {""distance_vox"": 3.7416573867739413, ""source_role"": ""context_wind"", ""z"": 6, ""y"": 323, ""x"": 501, ""u"": -1.2155372436685123, ""v"": -6.893654271085456, ""base_weight"": 0.06491045275475438, ""time_conf"": 0.7405487761432821, ""qc_flags"": ""ok""}, {""distance_vox"": 4.123105625617661, ""source_role"": ""context_wind"", ""z"": 6, ""y"": 322, ""x"": 503, ""u"": -6.537488975641994, ""v"": -7.177191357127253, ""base_weight"": 0.14399377640327882, ""time_conf"": 0.7633692800360008, ""qc_flags"": ""ok""}]",3,4.037262795444012,3.6487314782574223,default_timepower15_8_4_conservative_v2,20,1079
20260201110600,gaussian,diagnostic_weighted,pydda_3dvar_proxy,diagnostic_adaptive_v3,8,4.0,2,1.0,True,False,18,246,509,34.480000000000004,113.76,9000.0,16.249005625105305,-21.563158771276907,27.0,14.933000564575195,-15.895699501037598,21.809808997074917,-1.3160050605301095,5.667459270239309,1.3160050605301095,5.667459270239309,5.818244056342286,0.21549052060526985,1.0,1,1.0,41.215635982642894,1,2,0.8878393173217773,0.5710163116455078,21.341951370239258,27,6.239440352828415,5.655890941619873,6.239440352828415,0.37262715748639974,0.16235311472241332,True,False,5.824812889099121,8.948291778564453,0.05000000074505806,1.0,0.7116037607192993,1.2294135093688965,0.0,True,nearest_current_context_role_gap_ge_30mps,1.0,current_wind_train,14.775875407815796,-18.91225808656133,0.5669373788524215,"[{""distance_vox"": 1.0, ""source_role"": ""current_wind_train"", ""z"": 18, ""y"": 246, ""x"": 508, ""u"": 14.775875407815796, ""v"": -18.91225808656133, ""base_weight"": 0.5669373788524215, ""time_conf"": 1.0, ""qc_flags"": ""ok""}, {""distance_vox"": 1.0, ""source_role"": ""context_wind"", ""z"": 18, ""y"": 247, ""x"": 509, ""u"": 55.53909369275841, ""v"": -12.822210097600301, ""base_weight"": 0.003894640123590608, ""time_conf"": 0.25096456039861875, ""qc_flags"": ""ok""}, {""distance_vox"": 1.4142135623730951, ""source_role"": ""context_wind"", ""z"": 18, ""y"": 247, ""x"": 508, ""u"": 12.34349029814194, ""v"": -16.989356881873896, ""base_weight"": 0.08171908448288782, ""time_conf"": 0.8091305751159615, ""qc_flags"": ""ok""}]",3,4.037262795444012,3.6487314782574223,default_timepower15_8_4_conservative_v2,20,1079
20260203231200,gaussian,diagnostic_weighted,pydda_3dvar_proxy,diagnostic_adaptive_v3,10,5.0,2,1.0,True,False,14,243,509,34.72,113.76,7000.0,9.030558815966966,9.351417404402465,13.000000000000002,8.78164291381836,5.704087257385254,10.471574079653976,-0.2489159021486067,-3.647330147017211,0.2489159021486067,3.647330147017211,3.65581404446165,0.28121646495858843,1.0,1,1.0,23.906370255834027,1,2,3.1576907634735107,0.021636009216308594,12.927528381347656,27,4.5568508130532726,2.9585788249969482,4.5568508130532726,1.563204241609519,0.6972352194647016,True,False,9.214516639709473,9.514119148254395,0.05266984552145004,0.6233211755752563,0.6416645050048828,0.5212106108665466,0.0,False,,0.0,context_wind,18.973961160336902,-0.994383168615935,0.005755029639125293,"[{""distance_vox"": 0.0, ""source_role"": ""context_wind"", ""z"": 14, ""y"": 243, ""x"": 509, ""u"": 18.973961160336902, ""v"": -0.994383168615935, ""base_weight"": 0.005755029639125293, ""time_conf"": 0.29163225989402913, ""qc_flags"": ""ok""}, {""distance_vox"": 1.0, ""source_role"": ""context_wind"", ""z"": 14, ""y"": 243, ""x"": 508, ""u"": -12.789636406996411, ""v"": 5.694313003061205, ""base_weight"": 0.08171908448288782, ""time_conf"": 0.8091305751159615, ""qc_flags"": ""ok""}, {""distance_vox"": 1.4142135623730951, ""source_role"": ""current_wind_train"", ""z"": 15, ""y"": 242, ""x"": 509, ""u"": 10.606601717798211, ""v"": 10.606601717798215, ""base_weight"": 0.5669373788524215, ""time_conf"": 1.0, ""qc_flags"": ""ok""}]",2,3.7868348255101196,3.784642803047276,default_timepower15_8_4_conservative_v2;moderate_current_support_fresh_context_prefers_10_5,10,492
20260208014200,gaussian,diagnostic_weighted,pydda_3dvar_proxy,diagnostic_adaptive_v3,8,4.0,2,1.0,True,False,4,294,514,30.64,114.16,2000.0,-4.667902132486009,1.7918397477265013,5.0,-4.335494518280029,-0.8104719519615173,4.410598315756321,0.3324076142059793,-2.602311699688019,0.3324076142059793,2.602311699688019,2.6234559276487297,0.5246911855297459,1.0,1,1.0,0.0,0,3,2.0240602493286133,0.4502696990966797,6.02946662902832,27,3.021751227202239,2.0931897163391113,3.021751227202239,0.9559924084873176,0.5302662113096184,False,False,0.0,12.446475982666016,0.3774964511394501,0.0,0.8549929261207581,0.8068908452987671,0.0,True,context_only_nearest_support,0.0,context_wind,-3.1603810935059844,0.4358025396577674,0.2547275479183913,"[{""distance_vox"": 0.0, ""source_role"": ""context_wind"", ""z"": 4, ""y"": 294, ""x"": 514, ""u"": -3.1603810935059844, ""v"": 0.4358025396577674, ""base_weight"": 0.2547275479183913, ""time_conf"": 0.8827850449808045, ""qc_flags"": ""ok""}, {""distance_vox"": 1.0, ""source_role"": ""context_wind"", ""z"": 4, ""y"": 294, ""x"": 513, ""u"": -3.477736178028093, ""v"": 0.23539339812870635, ""base_weight"": 0.24324399618846318, ""time_conf"": 0.8640554205626747, ""qc_flags"": ""ok""}, {""distance_vox"": 1.4142135623730951, ""source_role"": ""context_wind"", ""z"": 5, ""y"": 295, ""x"": 514, ""u"": -10.324375854318829, ""v"": -14.744736797201853, ""base_weight"": 0.03489197505912226, ""time_conf"": 0.5832645197880583, ""qc_flags"": ""ok""}]",1,2.6234559276487297,2.6234559276487297,default_timepower15_8_4_conservative_v2,2,1217
20260211120600,gaussian,diagnostic_weighted,pydda_3dvar_proxy,diagnostic_adaptive_v3,10,5.0,2,1.0,True,False,20,378,509,23.920000000000005,113.76,10000.0,13.965896703637538,0.9765906324177581,13.999999999999998,18.01302146911621,1.6708269119262695,18.09034563009946,4.047124765478673,0.6942362795085114,4.047124765478673,0.6942362795085114,4.106237070498563,0.2933026478927545,1.0,1,1.0,6.880660654497403,2,1,0.6181814670562744,0.10215187072753906,18.69845962524414,27,4.187825335396661,3.4975552558898926,4.284835213816324,0.4228314910375672,0.6086818146086701,True,False,4.583543300628662,9.829751968383789,0.05000000074505806,1.0,0.8120458126068115,0.2958267033100128,0.0,False,,1.4142135623730951,current_wind_train,15.706034935162624,3.0529439260247138,0.5669373788524215,"[{""distance_vox"": 1.4142135623730951, ""source_role"": ""current_wind_train"", ""z"": 21, ""y"": 378, ""x"": 510, ""u"": 15.706034935162624, ""v"": 3.0529439260247138, ""base_weight"": 0.5669373788524215, ""time_conf"": 1.0, ""qc_flags"": ""ok""}, {""distance_vox"": 3.0, ""source_role"": ""current_wind_train"", ""z"": 22, ""y"": 377, ""x"": 511, ""u"": 20.843469184467764, ""v"": 2.5592562115080906, ""base_weight"": 0.5669373788524215, ""time_conf"": 1.0, ""qc_flags"": ""ok""}, {""distance_vox"": 4.242640687119285, ""source_role"": ""context_wind"", ""z"": 21, ""y"": 382, ""x"": 510, ""u"": 19.091789899552257, ""v"": -2.9370606118249514, ""base_weight"": 0.17046585643584328, ""time_conf"": 0.7917487388378426, ""qc_flags"": ""ok""}]",1,4.106237070498563,4.106237070498563,default_timepower15_8_4_conservative_v2;moderate_current_support_fresh_context_prefers_10_5,4,730
20260216073600,gaussian,diagnostic_weighted,pydda_3dvar_proxy,diagnostic_adaptive_v3,8,4.0,2,1.0,True,False,9,243,507,34.72,113.6,4500.0,-3.9453403211016966,-8.089146416692504,9.0,-5.479869365692139,-6.239774703979492,8.304441981341885,-1.534529044590442,1.8493717127130118,1.534529044590442,1.8493717127130118,2.4031136303709637,0.26701262559677374,1.0,1,1.0,7.408300909259885,1,2,0.7259418964385986,0.3889312744140625,8.129317283630371,27,2.4906870082572654,2.041665554046631,2.4906870082572654,0.278820068955066,0.36144807632433285,True,False,4.5913987159729,8.45678424835205,0.05000000074505806,1.0,0.7293285727500916,0.8981415629386902,0.0,False,,0.0,context_wind,-11.202071578093348,-7.7759640410516795,0.07479778211260064,"[{""distance_vox"": 0.0, ""source_role"": ""context_wind"", ""z"": 9, ""y"": 243, ""x"": 507, ""u"": -11.202071578093348, ""v"": -7.7759640410516795, ""base_weight"": 0.07479778211260064, ""time_conf"": 0.5937287905298174, ""qc_flags"": ""ok""}, {""distance_vox"": 1.0, ""source_role"": ""current_wind_train"", ""z"": 10, ""y"": 243, ""x"": 507, ""u"": -3.803564355666295, ""v"": -8.15677008332985, ""base_weight"": 0.5669373788524215, ""time_conf"": 1.0, ""qc_flags"": ""ok""}, {""distance_vox"": 1.0, ""source_role"": ""context_wind"", ""z"": 9, ""y"": 242, ""x"": 507, ""u"": -5.936336673094981, ""v"": -3.7094348496324345, ""base_weight"": 0.07618790211547989, ""time_conf"": 0.7876112128976197, ""qc_flags"": ""ok""}]",4,2.0301050945880346,2.0061947406696468,default_timepower15_8_4_conservative_v2,23,764
20260216073600,gaussian,diagnostic_weighted,pydda_3dvar_proxy,diagnostic_adaptive_v3,8,4.0,2,1.0,True,False,18,240,508,34.96,113.68,9000.0,-3.473291852294986,3.596699001693256,5.0,-1.7677271366119385,2.4534430503845215,3.023944779752823,1.7055647156830473,-1.1432559513087344,1.7055647156830473,1.1432559513087344,2.05328643145223,0.41065728629044596,1.0,1,1.0,10.912921069639777,2,1,4.028637886047363,1.829726219177246,7.035329341888428,27,2.3179780818797924,1.8920187950134277,2.3179780818797924,0.20939161627236066,0.16126763643880215,True,False,6.987888336181641,9.010644912719727,0.05000000074505806,1.0,0.7304986119270325,0.49971458315849304,0.0,False,,1.0,current_wind_train,-4.0150350544573215,5.734064310022943,0.5669373788524215,"[{""distance_vox"": 1.0, ""source_role"": ""current_wind_train"", ""z"": 17, ""y"": 240, ""x"": 508, ""u"": -4.0150350544573215, ""v"": 5.734064310022943, ""base_weight"": 0.5669373788524215, ""time_conf"": 1.0, ""qc_flags"": ""ok""}, {""distance_vox"": 1.0, ""source_role"": ""context_wind"", ""z"": 18, ""y"": 240, ""x"": 507, ""u"": 3.064177772475912, ""v"": -2.571150438746157, ""base_weight"": 0.07851102517563166, ""time_conf"": 0.7967628143670084, ""qc_flags"": ""ok""}, {""distance_vox"": 1.4142135623730951, ""source_role"": ""current_wind_train"", ""z"": 19, ""y"": 239, ""x"": 508, ""u"": -2.221962242064137, ""v"": 3.3254044862970478, ""base_weight"": 0.973165761934816, ""time_conf"": 1.0, ""qc_flags"": ""ok""}]",4,2.0301050945880346,2.0061947406696468,default_timepower15_8_4_conservative_v2,23,764
20260124121800,gaussian,diagnostic_weighted,pydda_3dvar_proxy,diagnostic_adaptive_v3,10,5.0,2,1.0,True,False,12,241,506,34.88,113.52000000000001,6000.0,-0.34904812874566876,19.996953903127825,20.0,0.5659793615341187,21.158926010131836,21.16649433751173,0.9150274902797875,1.1619721070040114,0.9150274902797875,1.1619721070040114,1.479004558959528,0.0739502279479764,1.0,1,1.0,19.17369374341943,2,1,4.239600658416748,1.0054550170898438,21.960216522216797,27,2.372031783616101,0.8002941012382507,2.372031783616101,0.7146145149326849,0.6787104577212772,True,False,6.791403293609619,9.427017211914062,0.07714785635471344,0.8198885917663574,0.8282177448272705,0.5069865584373474,0.0,False,,1.0,current_wind_train,3.9108616260057683,24.692208514878445,0.5669373788524215,"[{""distance_vox"": 1.0, ""source_role"": ""current_wind_train"", ""z"": 13, ""y"": 241, ""x"": 506, ""u"": 3.9108616260057683, ""v"": 24.692208514878445, ""base_weight"": 0.5669373788524215, ""time_conf"": 1.0, ""qc_flags"": ""ok""}, {""distance_vox"": 2.0, ""source_role"": ""current_wind_train"", ""z"": 14, ""y"": 241, ""x"": 506, ""u"": 0.663090437347517, ""v"": 18.98842571336282, ""base_weight"": 0.5669373788524215, ""time_conf"": 1.0, ""qc_flags"": ""ok""}, {""distance_vox"": 3.0, ""source_role"": ""context_wind"", ""z"": 12, ""y"": 244, ""x"": 506, ""u"": -11.153003492838623, ""v"": 12.830062863787123, ""base_weight"": 0.005206734755499068, ""time_conf"": 0.2806155120773432, ""qc_flags"": ""ok""}]",2,1.9253668312167904,1.882592431663364,default_timepower15_8_4_conservative_v2;moderate_current_support_fresh_context_prefers_10_5,10,431
20260129084200,gaussian,diagnostic_weighted,pydda_3dvar_proxy,diagnostic_adaptive_v3,8,4.0,2,1.0,True,False,13,244,512,34.64,114.0,6500.0,-18.735656978048034,20.808055113367033,27.999999999999996,-15.128312110900879,17.092363357543945,22.825746701283204,3.6073448671471553,-3.7156917558230873,3.6073448671471553,3.7156917558230873,5.178735580701585,0.18495484216791377,1.0,1,1.0,0.0,0,3,2.278235673904419,0.2667407989501953,24.20508575439453,27,5.493396617748119,3.2404773235321045,5.493396617748119,1.4665126812820846,1.9382582571694806,True,False,2.4386775493621826,11.549936294555664,0.25552651286125183,0.07236170768737793,0.6617061495780945,0.6587679982185364,0.0,True,context_only_nearest_support,1.0,context_wind,-23.461492836873475,17.045772316481717,0.022913988422874,"[{""distance_vox"": 1.0, ""source_role"": ""context_wind"", ""z"": 13, ""y"": 243, ""x"": 512, ""u"": -23.461492836873475, ""v"": 17.045772316481717, ""base_weight"": 0.022913988422874, ""time_conf"": 0.49616397313147176, ""qc_flags"": ""ok""}, {""distance_vox"": 1.4142135623730951, ""source_role"": ""context_wind"", ""z"": 14, ""y"": 243, ""x"": 512, ""u"": -20.459950801874957, ""v"": 21.940611048575114, ""base_weight"": 0.022913988422874, ""time_conf"": 0.49616397313147176, ""qc_flags"": ""ok""}, {""distance_vox"": 1.4142135623730951, ""source_role"": ""context_wind"", ""z"": 12, ""y"": 243, ""x"": 512, ""u"": -24.26743925007751, ""v"": 11.836020963305092, ""base_weight"": 0.022913988422874, ""time_conf"": 0.49616397313147176, ""qc_flags"": ""ok""}]",5,6.078200446178097,5.903676589741325,default_timepower15_8_4_conservative_v2,29,727
20260129084200,gaussian,diagnostic_weighted,pydda_3dvar_proxy,diagnostic_adaptive_v3,8,4.0,2,1.0,True,False,19,247,513,34.400000000000006,114.08,9500.0,-10.8756934444398,5.071419140888392,12.0,-12.83509635925293,9.829032897949219,16.166310224051617,-1.9594029148131291,4.757613757060827,1.9594029148131291,4.757613757060827,5.1453035327327985,0.4287752943943999,1.0,1,1.0,5.895486697397146,2,1,6.155330181121826,0.7711277008056641,20.53363800048828,27,6.31549036944354,4.01963996887207,6.31549036944354,2.2986100158156972,1.1256635638607282,True,True,10.740275382995605,9.014321327209473,0.05000000074505806,1.0,0.6482791304588318,0.7480777502059937,0.7106738686561584,True,role_conflict_triggered_at_holdout_voxel,0.0,context_wind,-10.698446647847236,13.211481344768504,0.0968819965767697,"[{""distance_vox"": 0.0, ""source_role"": ""context_wind"", ""z"": 19, ""y"": 247, ""x"": 513, ""u"": -10.698446647847236, ""v"": 13.211481344768504, ""base_weight"": 0.0968819965767697, ""time_conf"": 0.8638716525936915, ""qc_flags"": ""ok""}, {""distance_vox"": 1.0, ""source_role"": ""current_wind_train"", ""z"": 18, ""y"": 247, ""x"": 513, ""u"": -14.76577326768245, ""v"": 11.957087429946908, ""base_weight"": 0.5669373788524215, ""time_conf"": 1.0, ""qc_flags"": ""ok""}, {""distance_vox"": 1.0, ""source_role"": ""current_wind_train"", ""z"": 19, ""y"": 247, ""x"": 514, ""u"": -12.857509510531685, ""v"": 7.725571123650814, ""base_weight"": 0.5669373788524215, ""time_conf"": 1.0, ""qc_flags"": ""ok""}]",5,6.078200446178097,5.903676589741325,default_timepower15_8_4_conservative_v2,29,727
20260129084200,gaussian,diagnostic_weighted,pydda_3dvar_proxy,diagnostic_adaptive_v3,8,4.0,2,1.0,True,False,21,248,515,34.32000000000001,114.24000000000001,10500.0,2.394141003279681,6.5778483455013586,7.0,-1.602859616279602,6.767036437988281,6.954275023506125,-3.997000619559283,0.1891880924869227,3.997000619559283,0.1891880924869227,4.001475488753634,0.5716393555362335,1.0,1,1.0,17.6542664728499,1,2,7.092860221862793,2.9723567962646484,10.052160263061523,27,5.450442265581201,1.4339715242385864,5.450442265581201,2.7236662120418282,2.5675039645150477,True,False,7.47382116317749,9.47203540802002,0.05000000074505806,1.0,0.6203134655952454,0.6460192799568176,0.0,False,,1.0,current_wind_train,-4.7280645216403325,3.69396885195395,0.5669373788524215,"[{""distance_vox"": 1.0, ""source_role"": ""current_wind_train"", ""z"": 21, ""y"": 247, ""x"": 515, ""u"": -4.7280645216403325, ""v"": 3.69396885195395, ""base_weight"": 0.5669373788524215, ""time_conf"": 1.0, ""qc_flags"": ""ok""}, {""distance_vox"": 1.0, ""source_role"": ""context_wind"", ""z"": 21, ""y"": 247, ""x"": 515, ""u"": -1.622398155215141, ""v"": 15.436003313570051, ""base_weight"": 0.023039883064925767, ""time_conf"": 0.462878087246987, ""qc_flags"": ""ok""}, {""distance_vox"": 1.0, ""source_role"": ""context_wind"", ""z"": 21, ""y"": 248, ""x"": 516, ""u"": -1.09905508110182, ""v"": 20.97122022984605, ""base_weight"": 0.003933829608663584, ""time_conf"": 0.25193284230428786, ""qc_flags"": ""ok""}]",5,6.078200446178097,5.903676589741325,default_timepower15_8_4_conservative_v2,29,727
20260201120000,gaussian,diagnostic_weighted,pydda_3dvar_proxy,diagnostic_adaptive_v3,8,4.0,2,1.0,True,False,9,245,515,34.56,114.24000000000001,4500.0,11.979532650709396,-9.02722534728072,15.0,9.417472839355469,-6.796794891357422,11.614009448729595,-2.5620598113539277,2.2304304559232975,2.5620598113539277,2.2304304559232975,3.39690601807956,0.226460401205304,1.0,1,1.0,0.0,0,3,1.3186954259872437,0.30190181732177734,12.566106796264648,27,3.3473225346318,2.144987106323242,3.3473225346318,0.6617825928311598,1.2519189117563179,True,False,1.9973257780075073,11.381736755371094,0.23988114297389984,0.12369836866855621,0.6663511395454407,0.5974299907684326,0.0,True,context_only_nearest_support,1.0,context_wind,12.435563588325625,-8.387893552061206,0.04526672142981544,"[{""distance_vox"": 1.0, ""source_role"": ""context_wind"", ""z"": 9, ""y"": 246, ""x"": 515, ""u"": 12.435563588325625, ""v"": -8.387893552061206, ""base_weight"": 0.04526672142981544, ""time_conf"": 0.6446851542197896, ""qc_flags"": ""ok""}, {""distance_vox"": 1.0, ""source_role"": ""context_wind"", ""z"": 10, ""y"": 245, ""x"": 515, ""u"": 15.75171387854579, ""v"": -10.624665165944194, ""base_weight"": 0.04526672142981544, ""time_conf"": 0.6446851542197896, ""qc_flags"": ""ok""}, {""distance_vox"": 1.4142135623730951, ""source_role"": ""context_wind"", ""z"": 8, ""y"": 246, ""x"": 515, ""u"": 15.762125527635387, ""v"": -6.368312088070503, ""base_weight"": 0.04526672142981544, ""time_conf"": 0.6446851542197896, ""qc_flags"": ""ok""}]",4,4.760806578902042,4.675580918436799,default_timepower15_8_4_conservative_v2,27,1075
20260201120000,gaussian,diagnostic_weighted,pydda_3dvar_proxy,diagnostic_adaptive_v3,8,4.0,2,1.0,True,False,20,247,508,34.400000000000006,113.68,10000.0,16.60361076490099,-14.433298637791156,22.0,12.692120552062988,-12.11796760559082,17.548078612721344,-3.9114902128380002,2.3153310322003353,3.9114902128380002,2.3153310322003353,4.545383754293727,0.2066083524678967,1.0,1,1.0,0.0,0,3,10.999627113342285,5.724721908569336,28.50606918334961,27,5.186944308104338,3.8975839614868164,5.186944308104338,1.045742650097685,0.6477997928069108,True,False,4.50255012512207,10.965487480163574,0.1285167783498764,0.562401294708252,0.6821430325508118,0.8084466457366943,0.0,True,context_only_nearest_support,1.0,context_wind,23.018873610836835,-22.229067854687912,0.011369095536181704,"[{""distance_vox"": 1.0, ""source_role"": ""context_wind"", ""z"": 20, ""y"": 247, ""x"": 507, ""u"": 23.018873610836835, ""v"": -22.229067854687912, ""base_weight"": 0.011369095536181704, ""time_conf"": 0.3789291416275995, ""qc_flags"": ""ok""}, {""distance_vox"": 1.4142135623730951, ""source_role"": ""context_wind"", ""z"": 21, ""y"": 247, ""x"": 509, ""u"": -16.968336708621802, ""v"": 30.611689749878852, ""base_weight"": 0.023377448634644356, ""time_conf"": 0.5, ""qc_flags"": ""ok""}, {""distance_vox"": 1.4142135623730951, ""source_role"": ""context_wind"", ""z"": 20, ""y"": 246, ""x"": 507, ""u"": 12.360913797841308, ""v"": -20.57201521685069, ""base_weight"": 0.054205934940121304, ""time_conf"": 0.690956439983888, ""qc_flags"": ""ok""}]",4,4.760806578902042,4.675580918436799,default_timepower15_8_4_conservative_v2,27,1075
20260203233000,gaussian,diagnostic_weighted,pydda_3dvar_proxy,diagnostic_adaptive_v3,8,4.0,2,1.0,True,False,16,317,509,28.800000000000004,113.76,8000.0,55.99147092875791,0.9773347604878759,56.00000000000001,22.12407684326172,13.661137580871582,26.00195100699275,-33.867394085496194,12.683802820383706,33.867394085496194,12.683802820383706,36.16461303717595,0.6457966613781418,0.05112794414162636,1,1.0,0.0,0,3,1.8001822233200073,0.11092185974121094,27.612300872802734,27,36.14635467529297,33.33025360107422,37.11143130693757,1.4461331217174236,2.834359436101728,False,False,0.0,12.281429290771484,0.23413023352622986,0.0,0.5682604908943176,0.00949716754257679,0.0,True,high_vector_error_ge_30mps;context_only_nearest_support,6.48074069840786,context_wind,25.363971507042482,14.059478987143768,0.008763395831710173,"[{""distance_vox"": 6.48074069840786, ""source_role"": ""context_wind"", ""z"": 17, ""y"": 322, ""x"": 505, ""u"": 25.363971507042482, ""v"": 14.059478987143768, ""base_weight"": 0.008763395831710173, ""time_conf"": 0.3428276925231832, ""qc_flags"": ""ok""}, {""distance_vox"": 6.557438524302, ""source_role"": ""context_wind"", ""z"": 19, ""y"": 322, ""x"": 506, ""u"": 24.593394788536354, ""v"": 15.367658662762945, ""base_weight"": 0.007541352878119163, ""time_conf"": 0.3235862526485705, ""qc_flags"": ""ok""}, {""distance_vox"": 6.708203932499369, ""source_role"": ""context_wind"", ""z"": 18, ""y"": 322, ""x"": 505, ""u"": 26.23859121418188, ""v"": 14.544288607390104, ""base_weight"": 0.007541352878119163, ""time_conf"": 0.3235862526485705, ""qc_flags"": ""ok""}]",1,36.16461303717595,36.16461303717595,default_timepower15_8_4_conservative_v2,2,471
20260208051200,gaussian,diagnostic_weighted,pydda_3dvar_proxy,diagnostic_adaptive_v3,8,4.0,2,1.0,True,False,15,322,502,28.400000000000002,113.2,7500.0,-13.522961568046956,-3.6234666314352904,14.0,-13.134117126464844,3.098407506942749,13.494634554917607,0.38884444158211195,6.721874138378039,0.38884444158211195,6.721874138378039,6.733111608457476,0.48093654346124826,1.0,1,1.0,0.0,0,3,6.111536502838135,0.6432418823242188,14.932990074157715,27,5.741004330140573,0.7635824680328369,5.741004330140573,2.5762055377283994,5.969529140424639,True,False,8.658224105834961,11.389466285705566,0.24328261613845825,0.135335311293602,0.6812999844551086,0.5250033140182495,0.0,True,context_only_nearest_support,0.0,context_wind,-10.550139994117806,-5.281664602348771,0.03906259043224239,"[{""distance_vox"": 0.0, ""source_role"": ""context_wind"", ""z"": 15, ""y"": 322, ""x"": 502, ""u"": -10.550139994117806, ""v"": -5.281664602348771, ""base_weight"": 0.03906259043224239, ""time_conf"": 0.5494901203098977, ""qc_flags"": ""ok""}, {""distance_vox"": 1.0, ""source_role"": ""context_wind"", ""z"": 14, ""y"": 322, ""x"": 502, ""u"": -13.442966794013055, ""v"": -3.8406971810935686, ""base_weight"": 0.03292488778927022, ""time_conf"": 0.5663426833765692, ""qc_flags"": ""ok""}, {""distance_vox"": 1.0, ""source_role"": ""context_wind"", ""z"": 15, ""y"": 322, ""x"": 503, ""u"": -34.71053092307313, ""v"": 41.366399928424805, ""base_weight"": 0.0385662723496315, ""time_conf"": 0.6061630334067722, ""qc_flags"": ""ok""}]",3,4.698027530931185,4.081932176565935,default_timepower15_8_4_conservative_v2,18,1614
20260211154800,gaussian,diagnostic_weighted,pydda_3dvar_proxy,diagnostic_adaptive_v3,8,4.0,2,1.0,True,False,20,253,516,33.92,114.32,10000.0,13.584140167863952,-3.3869065383953445,14.0,14.256479263305664,-1.4335459470748901,14.328372376771872,0.6723390954417123,1.9533605913204544,0.6723390954417123,1.9533605913204544,2.065830936689441,0.14755935262067438,1.0,1,1.0,0.0,0,3,0.35876190662384033,0.04671001434326172,14.57464599609375,27,2.105522601692765,1.3379185199737549,2.105522601692765,0.3757402524448281,0.7279124167156863,False,False,0.0,13.242508888244629,0.3657265603542328,0.0,0.7628816962242126,0.29979294538497925,0.0,True,context_only_nearest_support,1.4142135623730951,context_wind,14.003706397458025,5.375519243179511,0.04220282891330796,"[{""distance_vox"": 1.4142135623730951, ""source_role"": ""context_wind"", ""z"": 20, ""y"": 252, ""x"": 517, ""u"": 14.003706397458025, ""v"": 5.375519243179511, ""base_weight"": 0.04220282891330796, ""time_conf"": 0.6275393266153204, ""qc_flags"": ""ok""}, {""distance_vox"": 1.7320508075688772, ""source_role"": ""context_wind"", ""z"": 19, ""y"": 252, ""x"": 517, ""u"": 15.0, ""v"": 2.7554552980815444e-15, ""base_weight"": 0.04220282891330796, ""time_conf"": 0.6275393266153204, ""qc_flags"": ""ok""}, {""distance_vox"": 1.7320508075688772, ""source_role"": ""context_wind"", ""z"": 21, ""y"": 252, ""x"": 517, ""u"": 13.991471578267342, ""v"": 0.48859295383501067, ""base_weight"": 0.04220282891330796, ""time_conf"": 0.6275393266153204, ""qc_flags"": ""ok""}]",1,2.065830936689441,2.065830936689441,default_timepower15_8_4_conservative_v2,1,498
20260220114200,gaussian,diagnostic_weighted,pydda_3dvar_proxy,diagnostic_adaptive_v3,10,5.0,2,1.0,True,False,23,242,509,34.8,113.76,11500.0,17.092330985980077,-15.39000394625373,23.0,18.93798828125,-14.199965476989746,23.670370079245973,1.8456572952699233,1.1900384692639836,1.8456572952699233,1.1900384692639836,2.1960515499211883,0.09548050217048645,1.0,1,1.0,0.0,0,3,2.0640017986297607,0.15012550354003906,25.034822463989258,27,2.5021210423222295,1.9393420219421387,2.474859517801354,0.4866584292143449,0.25670952797904967,True,False,7.1939544677734375,13.112017631530762,0.2810112535953522,0.1791759878396988,0.6674456596374512,0.4867798089981079,0.0,True,context_only_nearest_support,1.4142135623730951,context_wind,20.098000068137228,-8.948206147667594,0.01801953684608273,"[{""distance_vox"": 1.4142135623730951, ""source_role"": ""context_wind"", ""z"": 24, ""y"": 242, ""x"": 510, ""u"": 20.098000068137228, ""v"": -8.948206147667594, ""base_weight"": 0.01801953684608273, ""time_conf"": 0.45236385231635756, ""qc_flags"": ""ok""}, {""distance_vox"": 1.7320508075688772, ""source_role"": ""context_wind"", ""z"": 22, ""y"": 243, ""x"": 510, ""u"": 16.286178713340135, ""v"": -9.78572342329103, ""base_weight"": 0.01801953684608273, ""time_conf"": 0.45236385231635756, ""qc_flags"": ""ok""}, {""distance_vox"": 2.23606797749979, ""source_role"": ""context_wind"", ""z"": 25, ""y"": 242, ""x"": 510, ""u"": 25.371700761219525, ""v"": -9.234543869793063, ""base_weight"": 0.01801953684608273, ""time_conf"": 0.45236385231635756, ""qc_flags"": ""ok""}]",2,3.6299333737117387,3.4180575735175296,default_timepower15_8_4_conservative_v2;moderate_current_support_fresh_context_prefers_10_5,8,461
20260129115400,gaussian,diagnostic_weighted,pydda_3dvar_proxy,diagnostic_adaptive_v3,8,4.0,2,1.0,True,False,4,245,508,34.56,113.68,2000.0,-18.65705811544137,-11.658223813130508,22.0,-19.01585578918457,-12.610496520996094,22.817260876387397,-0.3587976737432008,-0.9522727078655855,0.3587976737432008,0.9522727078655855,1.0176242336094337,0.04625564698224698,1.0,1,1.0,2.212099782680952,1,2,3.348532199859619,0.7447719573974609,23.41724967956543,27,1.752889218153777,0.9142175912857056,1.752889218153777,0.5666526742581519,0.10340664232372809,True,False,2.2507617473602295,7.937550067901611,0.05000000074505806,0.9672989845275879,0.5365588068962097,0.24869108200073242,0.0,False,,0.0,context_wind,-17.96661874047383,-12.387905212463709,0.06354391610479458,"[{""distance_vox"": 0.0, ""source_role"": ""context_wind"", ""z"": 4, ""y"": 245, ""x"": 508, ""u"": -17.96661874047383, ""v"": -12.387905212463709, ""base_weight"": 0.06354391610479458, ""time_conf"": 0.5145723461323025, ""qc_flags"": ""ok""}, {""distance_vox"": 1.0, ""source_role"": ""current_wind_train"", ""z"": 4, ""y"": 245, ""x"": 509, ""u"": -19.659649062935802, ""v"": -13.765834472425109, ""base_weight"": 0.5669373788524215, ""time_conf"": 1.0, ""qc_flags"": ""ok""}, {""distance_vox"": 1.0, ""source_role"": ""context_wind"", ""z"": 4, ""y"": 245, ""x"": 509, ""u"": -17.472366613266505, ""v"": -13.435409089160153, ""base_weight"": 0.046281604802462864, ""time_conf"": 0.46573031735438375, ""qc_flags"": ""ok""}]",3,2.4949654548725775,2.233421095657936,default_timepower15_8_4_conservative_v2,20,715
20260129115400,gaussian,diagnostic_weighted,pydda_3dvar_proxy,diagnostic_adaptive_v3,8,4.0,2,1.0,True,False,21,320,503,28.560000000000002,113.28,10500.0,29.311075843578823,10.092612788171856,31.000000000000004,31.27725601196289,9.882513999938965,32.8013845225603,1.9661801683840672,-0.21009878823289085,1.9661801683840672,0.21009878823289085,1.9773734992063912,0.06378624190988358,1.0,1,1.0,0.0,0,3,2.0755484104156494,0.0939483642578125,34.025821685791016,27,2.039922696572763,0.6213838458061218,2.039922696572763,1.0547762939474519,1.3559896534002693,True,False,1.0870566368103027,10.245768547058105,0.05000000074505806,0.8505488038063049,0.6928727030754089,0.7410600781440735,0.0,True,context_only_nearest_support,1.0,context_wind,30.272576076059643,12.225572033134693,0.12441348311555282,"[{""distance_vox"": 1.0, ""source_role"": ""context_wind"", ""z"": 21, ""y"": 320, ""x"": 502, ""u"": 30.272576076059643, ""v"": 12.225572033134693, ""base_weight"": 0.12441348311555282, ""time_conf"": 0.7017751083364266, ""qc_flags"": ""ok""}, {""distance_vox"": 1.4142135623730951, ""source_role"": ""context_wind"", ""z"": 22, ""y"": 320, ""x"": 502, ""u"": 33.64552236496796, ""v"": 9.785142224175516, ""base_weight"": 0.12956753086998907, ""time_conf"": 0.7001014689016585, ""qc_flags"": ""ok""}, {""distance_vox"": 1.4142135623730951, ""source_role"": ""context_wind"", ""z"": 20, ""y"": 320, ""x"": 502, ""u"": 32.15421213791276, ""v"": 7.4233847933475525, ""base_weight"": 0.04095405697544548, ""time_conf"": 0.6203314226820597, ""qc_flags"": ""ok""}]",3,2.4949654548725775,2.233421095657936,default_timepower15_8_4_conservative_v2,20,715
20260201133000,gaussian,diagnostic_weighted,pydda_3dvar_proxy,diagnostic_adaptive_v3,10,5.0,2,1.0,True,False,6,344,493,26.64,112.47999999999999,3000.0,-1.1498130959441881,-10.939740849051006,11.0,0.0,0.0,0.0,1.1498130959441881,10.939740849051006,1.1498130959441881,10.939740849051006,11.0,1.0,0.0,1,1.0,0.0,0,3,0.0,0.0,0.0,0,nan,nan,nan,nan,nan,False,False,0.0,13.75,0.44999998807907104,0.0,1.0,0.0,0.0,True,near_zero_reconstruction_confidence;remote_nearest_training_support;context_only_nearest_support,11.224972160321824,context_wind,18.584804413942305,3.950322125537436,0.006754900269668017,"[{""distance_vox"": 11.224972160321824, ""source_role"": ""context_wind"", ""z"": 17, ""y"": 342, ""x"": 492, ""u"": 18.584804413942305, ""v"": 3.950322125537436, ""base_weight"": 0.006754900269668017, ""time_conf"": 0.3101657113410298, ""qc_flags"": ""ok""}, {""distance_vox"": 13.19090595827292, ""source_role"": ""context_wind"", ""z"": 19, ""y"": 342, ""x"": 492, ""u"": 27.1682803357279, ""v"": 6.773813076790698, ""base_weight"": 0.006754900269668017, ""time_conf"": 0.3101657113410298, ""qc_flags"": ""ok""}, {""distance_vox"": 13.341664064126334, ""source_role"": ""context_wind"", ""z"": 19, ""y"": 344, ""x"": 496, ""u"": 24.540679586191597, ""v"": -4.7702248844136275, ""base_weight"": 0.05991408758962105, ""time_conf"": 0.7180828550393733, ""qc_flags"": ""ok""}]",2,7.964474697328503,6.710961850015505,default_timepower15_8_4_conservative_v2;moderate_current_support_fresh_context_prefers_10_5,9,966
20260204061800,gaussian,diagnostic_weighted,pydda_3dvar_proxy,diagnostic_adaptive_v3,8,4.0,2,1.0,True,False,13,247,511,34.400000000000006,113.92,6500.0,-12.151998111632134,12.533553223741038,17.45740572128231,1.5962738990783691,7.070809364318848,7.248754060348438,13.748272010710503,-5.46274385942219,13.748272010710503,5.46274385942219,14.793801193545244,0.8474226600296132,1.0,2,1.0,28.09244735725747,1,2,4.7756476402282715,0.039404869079589844,7.3458638191223145,27,16.725465845178675,11.967408180236816,16.725465845178675,2.674531682333553,2.8263930133084276,True,True,17.032472610473633,10.090692520141602,0.12105187773704529,0.5243076682090759,0.7091191411018372,0.6187177896499634,0.5438207983970642,True,role_conflict_triggered_at_holdout_voxel,1.4142135623730951,current_wind_train,-6.78733468344872,12.24467589995154,0.5669373788524215,"[{""distance_vox"": 1.4142135623730951, ""source_role"": ""current_wind_train"", ""z"": 14, ""y"": 247, ""x"": 510, ""u"": -6.78733468344872, ""v"": 12.24467589995154, ""base_weight"": 0.5669373788524215, ""time_conf"": 1.0, ""qc_flags"": ""ok""}, {""distance_vox"": 1.4142135623730951, ""source_role"": ""context_wind"", ""z"": 14, ""y"": 248, ""x"": 511, ""u"": 13.965896703637538, ""v"": -0.976590632417753, ""base_weight"": 0.09307868437876347, ""time_conf"": 0.8506671609508557, ""qc_flags"": ""ok""}, {""distance_vox"": 1.7320508075688772, ""source_role"": ""context_wind"", ""z"": 14, ""y"": 248, ""x"": 512, ""u"": 20.376210251795925, ""v"": 5.080359807593023, ""base_weight"": 0.03595590187195437, ""time_conf"": 0.5900417270559651, ""qc_flags"": ""ok""}]",2,27.93246359811882,25.710751171995224,default_timepower15_8_4_conservative_v2,12,509
20260208063600,gaussian,diagnostic_weighted,pydda_3dvar_proxy,diagnostic_adaptive_v3,8,4.0,2,1.0,True,False,4,245,509,34.56,113.76,2000.0,2.735117899424915,6.4435339741670825,7.0,5.52753210067749,2.23437237739563,5.962049232008128,2.7924142012525754,-4.209161596771453,2.7924142012525754,4.209161596771453,5.051199700971311,0.7215999572816159,1.0,1,1.0,0.0,0,3,6.018122673034668,1.801614761352539,9.687932014465332,27,6.594668547312419,3.461644172668457,5.064701121000392,3.2057404383496504,1.5895555283028537,True,False,7.516424179077148,10.881218910217285,0.1329178810119629,0.22825492918491364,0.5256142020225525,0.10966165363788605,0.0,True,context_only_nearest_support,0.0,context_wind,9.596895990222654,-4.8043375389381096,0.02553169533781035,"[{""distance_vox"": 0.0, ""source_role"": ""context_wind"", ""z"": 4, ""y"": 245, ""x"": 509, ""u"": 9.596895990222654, ""v"": -4.8043375389381096, ""base_weight"": 0.02553169533781035, ""time_conf"": 0.46643470978957413, ""qc_flags"": ""ok""}, {""distance_vox"": 1.0, ""source_role"": ""context_wind"", ""z"": 4, ""y"": 244, ""x"": 509, ""u"": 10.832885283134289, ""v"": -1.9101299543362298, ""base_weight"": 0.038182068531744315, ""time_conf"": 0.6038332986577618, ""qc_flags"": ""ok""}, {""distance_vox"": 1.4142135623730951, ""source_role"": ""context_wind"", ""z"": 5, ""y"": 245, ""x"": 508, ""u"": -4.611091481162414, ""v"": 8.075161281338167, ""base_weight"": 0.018914585964363826, ""time_conf"": 0.38794669346518434, ""qc_flags"": ""ok""}]",3,5.664978470236009,5.113828058186987,default_timepower15_8_4_conservative_v2,21,1543
20260208063600,gaussian,diagnostic_weighted,pydda_3dvar_proxy,diagnostic_adaptive_v3,8,4.0,2,1.0,True,False,16,323,500,28.320000000000004,113.03999999999999,8000.0,-5.5631031274007245,2.2476395604954726,6.0,-7.456089973449707,1.206342339515686,7.553048360250677,-1.8929868460489825,-1.0412972209797866,1.8929868460489825,1.0412972209797866,2.160485848538402,0.3600809747564004,1.0,1,1.0,0.0,0,3,6.248444557189941,0.36510276794433594,13.56733226776123,27,4.736788626070376,2.0926520824432373,4.736788626070376,2.607432920764055,0.0678337660951649,True,False,2.171684503555298,10.608297348022461,0.1469862461090088,0.2504444122314453,0.5692836046218872,0.3832356035709381,0.0,True,context_only_nearest_support,1.0,context_wind,-8.60364654526569,-12.287280664334878,0.013751242026268947,"[{""distance_vox"": 1.0, ""source_role"": ""context_wind"", ""z"": 16, ""y"": 324, ""x"": 500, ""u"": -8.60364654526569, ""v"": -12.287280664334878, ""base_weight"": 0.013751242026268947, ""time_conf"": 0.4076931311685346, ""qc_flags"": ""ok""}, {""distance_vox"": 1.0, ""source_role"": ""context_wind"", ""z"": 17, ""y"": 323, ""x"": 500, ""u"": -9.743700647852352, ""v"": -2.249510543438649, ""base_weight"": 0.05585878341028405, ""time_conf"": 0.6989849670895096, ""qc_flags"": ""ok""}, {""distance_vox"": 1.0, ""source_role"": ""context_wind"", ""z"": 15, ""y"": 323, ""x"": 500, ""u"": -14.003706397458028, ""v"": -5.375519243179506, ""base_weight"": 0.05585878341028405, ""time_conf"": 0.6989849670895096, ""qc_flags"": ""ok""}]",3,5.664978470236009,5.113828058186987,default_timepower15_8_4_conservative_v2,21,1543
20260211200000,gaussian,diagnostic_weighted,pydda_3dvar_proxy,diagnostic_adaptive_v3,8,4.0,2,1.0,True,False,20,388,506,23.120000000000005,113.52000000000001,10000.0,-13.420629683297925,19.896901741321,24.0,-16.268966674804688,21.043893814086914,26.59933727603887,-2.8483369915067627,1.146992072765915,2.8483369915067627,1.146992072765915,3.0706048967872186,0.12794187069946744,1.0,1,1.0,53.918396565177794,1,2,0.0975145772099495,0.04551124572753906,26.603200912475586,27,3.0363863397527626,2.836669921875,3.0363863397527626,0.0856761588294294,0.2339349749122186,True,True,52.90095138549805,8.723916053771973,0.05000000074505806,1.0,0.37328311800956726,0.02753058448433876,0.026154054328799248,True,nearest_current_context_role_gap_ge_30mps;role_conflict_triggered_at_holdout_voxel,1.4142135623730951,current_wind_train,-14.721795199676846,21.024902470084125,1.2642411176571153,"[{""distance_vox"": 1.4142135623730951, ""source_role"": ""current_wind_train"", ""z"": 21, ""y"": 387, ""x"": 506, ""u"": -14.721795199676846, ""v"": 21.024902470084125, ""base_weight"": 1.2642411176571153, ""time_conf"": 1.0, ""qc_flags"": ""ok""}, {""distance_vox"": 1.4142135623730951, ""source_role"": ""context_wind"", ""z"": 21, ""y"": 388, ""x"": 505, ""u"": 29.311075843578823, ""v"": -10.092612788171845, ""base_weight"": 0.00930597100327922, ""time_conf"": 0.3508409099817236, ""qc_flags"": ""ok""}, {""distance_vox"": 1.7320508075688772, ""source_role"": ""context_wind"", ""z"": 21, ""y"": 387, ""x"": 505, ""u"": 26.629582456264302, ""v"": -8.652475842498522, ""base_weight"": 0.01028593570819972, ""time_conf"": 0.3646146525679137, ""qc_flags"": ""ok""}]",1,3.0706048967872186,3.0706048967872186,default_timepower15_8_4_conservative_v2,4,385
20260217074800,gaussian,diagnostic_weighted,pydda_3dvar_proxy,diagnostic_adaptive_v3,8,4.0,2,1.0,True,False,19,328,492,27.920000000000005,112.4,9500.0,20.673237657289985,-7.524443153164718,22.000000000000004,24.767778396606445,-6.360642910003662,25.57148069494578,4.094540739316461,1.163800243161056,4.094540739316461,1.163800243161056,4.25672349018631,0.19348743137210497,1.0,1,1.0,6.269799877073054,1,2,1.3485126495361328,0.1310863494873047,26.085384368896484,27,4.268531145872893,2.597212076187134,4.55820708533456,0.9265757742030116,1.6595114139991765,True,False,0.522824227809906,10.910452842712402,0.09269333630800247,0.6568264365196228,0.6937366127967834,0.07466457039117813,0.0,False,,1.0,current_wind_train,24.03154239845797,-6.890933895424984,0.5669373788524215,"[{""distance_vox"": 1.0, ""source_role"": ""current_wind_train"", ""z"": 20, ""y"": 328, ""x"": 492, ""u"": 24.03154239845797, ""v"": -6.890933895424984, ""base_weight"": 0.5669373788524215, ""time_conf"": 1.0, ""qc_flags"": ""ok""}, {""distance_vox"": 1.4142135623730951, ""source_role"": ""context_wind"", ""z"": 20, ""y"": 328, ""x"": 493, ""u"": 22.480164663568843, ""v"": -0.8160991139485728, ""base_weight"": 0.015317457122450672, ""time_conf"": 0.3475317273909363, ""qc_flags"": ""ok""}, {""distance_vox"": 1.7320508075688772, ""source_role"": ""context_wind"", ""z"": 20, ""y"": 327, ""x"": 493, ""u"": 26.197984609451908, ""v"": -6.531891181191021, ""base_weight"": 0.08421086446823164, ""time_conf"": 0.8185322195299817, ""qc_flags"": ""ok""}]",4,2.822165419748401,2.6094205881743395,default_timepower15_8_4_conservative_v2,23,1019
20260220130000,gaussian,diagnostic_weighted,pydda_3dvar_proxy,diagnostic_adaptive_v3,10,5.0,2,1.0,True,False,23,324,490,28.240000000000002,112.24000000000001,11500.0,10.892948756157274,-1.5309041105607202,11.0,11.815950393676758,-2.3294496536254883,12.043380729454908,0.9230016375194836,-0.7985455430647681,0.9230016375194836,0.7985455430647681,1.2204945748393368,0.11095405225812152,1.0,1,1.0,7.425410574942677,1,2,0.5581364035606384,0.09328365325927734,12.389748573303223,27,1.1669206354353163,0.5961586833000183,1.1669206354353163,0.36169086641171216,0.6243358915393185,True,False,3.9761605262756348,10.204351425170898,0.05000000074505806,1.0,0.5727170705795288,0.1261005699634552,0.0,False,,1.0,current_wind_train,12.666810842208058,-2.924363706470244,0.5669373788524215,"[{""distance_vox"": 1.0, ""source_role"": ""current_wind_train"", ""z"": 23, ""y"": 324, ""x"": 491, ""u"": 12.666810842208058, ""v"": -2.924363706470244, ""base_weight"": 0.5669373788524215, ""time_conf"": 1.0, ""qc_flags"": ""ok""}, {""distance_vox"": 1.0, ""source_role"": ""context_wind"", ""z"": 23, ""y"": 325, ""x"": 490, ""u"": 15.27949878708584, ""v"": -7.452309495414315, ""base_weight"": 0.011369095536181704, ""time_conf"": 0.3789291416275995, ""qc_flags"": ""ok""}, {""distance_vox"": 1.4142135623730951, ""source_role"": ""context_wind"", ""z"": 23, ""y"": 325, ""x"": 489, ""u"": 16.617774435648517, ""v"": -9.211382784680408, ""base_weight"": 0.005052668679409314, ""time_conf"": 0.2773923680169612, ""qc_flags"": ""ok""}]",2,2.4497584506473973,2.231437122527237,default_timepower15_8_4_conservative_v2;moderate_current_support_fresh_context_prefers_10_5,13,418
20260125013000,gaussian,diagnostic_weighted,pydda_3dvar_proxy,diagnostic_adaptive_v3,10,5.0,2,1.0,True,False,11,365,463,24.960000000000004,110.08,5500.0,14.141327413103863,16.852977748617516,21.999999999999996,17.880041122436523,22.896026611328125,29.05036841636723,3.738713709332661,6.043048862710609,3.738713709332661,6.043048862710609,7.106083292324962,0.3230037860147711,1.0,1,1.0,6.579560310584408,2,1,2.787085771560669,0.36310577392578125,29.836328506469727,27,7.544100319897687,7.048960208892822,7.4057728162481,0.6581024730075706,0.05712308343214012,True,False,6.318797588348389,11.011714935302734,0.1824139654636383,0.7052822709083557,0.958525538444519,0.017181292176246643,0.0,False,,1.0,current_wind_train,18.25029134044529,22.53723288225215,0.5669373788524215,"[{""distance_vox"": 1.0, ""source_role"": ""current_wind_train"", ""z"": 12, ""y"": 365, ""x"": 463, ""u"": 18.25029134044529, ""v"": 22.53723288225215, ""base_weight"": 0.5669373788524215, ""time_conf"": 1.0, ""qc_flags"": ""ok""}, {""distance_vox"": 2.0, ""source_role"": ""context_wind"", ""z"": 9, ""y"": 365, ""x"": 463, ""u"": 14.073705491925947, ""v"": 27.621202249839406, ""base_weight"": 0.12695352926682754, ""time_conf"": 0.958525613502759, ""qc_flags"": ""ok""}, {""distance_vox"": 2.449489742783178, ""source_role"": ""current_wind_train"", ""z"": 13, ""y"": 364, ""x"": 464, ""u"": 17.045772316481717, ""v"": 23.46149283687348, ""base_weight"": 0.5669373788524215, ""time_conf"": 1.0, ""qc_flags"": ""ok""}]",2,5.24179780941947,4.608559148647583,default_timepower15_8_4_conservative_v2;moderate_current_support_fresh_context_prefers_10_5,13,532
20260129133000,gaussian,diagnostic_weighted,pydda_3dvar_proxy,diagnostic_adaptive_v3,8,4.0,2,1.0,True,False,12,247,513,34.400000000000006,114.08,6000.0,-11.287342869099353,7.704631656581502,13.666215935957029,-12.41976547241211,10.976961135864258,16.575411010529855,-1.1324226033127562,3.2723294792827557,1.1324226033127562,3.2723294792827557,3.462733194093445,0.2533790780359826,1.0,3,1.0,0.0,0,3,1.6820310354232788,0.22481918334960938,18.250707626342773,27,3.610609045735112,2.37599515914917,3.610609045735112,1.025680207709718,1.086738034944275,True,False,2.7908387184143066,8.739022254943848,0.05000000074505806,1.0,0.8148554563522339,1.1464736461639404,0.0,True,context_only_nearest_support,0.0,context_wind,-12.944271909999157,9.404564036679568,0.09032450765511005,"[{""distance_vox"": 0.0, ""source_role"": ""context_wind"", ""z"": 12, ""y"": 247, ""x"": 513, ""u"": -12.944271909999157, ""v"": 9.404564036679568, ""base_weight"": 0.09032450765511005, ""time_conf"": 0.8408964152537145, ""qc_flags"": ""ok""}, {""distance_vox"": 1.0, ""source_role"": ""context_wind"", ""z"": 12, ""y"": 247, ""x"": 514, ""u"": 10.892780700300541, ""v"": 16.773411358908483, ""base_weight"": 0.019917083066885825, ""time_conf"": 0.4701233070430809, ""qc_flags"": ""ok""}, {""distance_vox"": 1.0, ""source_role"": ""context_wind"", ""z"": 11, ""y"": 247, ""x"": 513, ""u"": -14.12716148574283, ""v"": 7.511545004574254, ""base_weight"": 0.09032450765511005, ""time_conf"": 0.8408964152537145, ""qc_flags"": ""ok""}]",3,3.703959094161033,3.495596592496369,default_timepower15_8_4_conservative_v2,21,622
20260129133000,gaussian,diagnostic_weighted,pydda_3dvar_proxy,diagnostic_adaptive_v3,8,4.0,2,1.0,True,False,21,322,501,28.400000000000002,113.12,10500.0,29.645447434854095,9.063522846404851,30.999999999999996,31.564605712890625,8.458593368530273,32.67831292439057,1.9191582780365302,-0.6049294778745775,1.9191582780365302,0.6049294778745775,2.0122395904458665,0.06491095453051184,1.0,1,1.0,0.0,0,3,1.8056519031524658,0.12470626831054688,33.50893783569336,27,2.0527322601389,0.5968275666236877,2.0527322601389,1.1069961128630765,1.4154120238221788,True,False,2.254490613937378,12.700572967529297,0.30130863189697266,0.26498615741729736,0.8023933172225952,0.989886462688446,0.0,True,context_only_nearest_support,1.0,context_wind,27.81551563700362,11.23819780247737,0.02457752613965592,"[{""distance_vox"": 1.0, ""source_role"": ""context_wind"", ""z"": 22, ""y"": 322, ""x"": 501, ""u"": 27.81551563700362, ""v"": 11.23819780247737, ""base_weight"": 0.02457752613965592, ""time_conf"": 0.5097203218510724, ""qc_flags"": ""ok""}, {""distance_vox"": 1.0, ""source_role"": ""context_wind"", ""z"": 21, ""y"": 322, ""x"": 500, ""u"": 24.248711305964274, ""v"": 14.000000000000012, ""base_weight"": 0.00426188015592255, ""time_conf"": 0.25981480650796085, ""qc_flags"": ""ok""}, {""distance_vox"": 1.0, ""source_role"": ""context_wind"", ""z"": 20, ""y"": 322, ""x"": 501, ""u"": 29.49644342876625, ""v"": 9.797791613175605, ""base_weight"": 0.06738012125708863, ""time_conf"": 0.6704791089969301, ""qc_flags"": ""ok""}]",3,3.703959094161033,3.495596592496369,default_timepower15_8_4_conservative_v2,21,622
20260201155400,gaussian,diagnostic_weighted,pydda_3dvar_proxy,diagnostic_adaptive_v3,8,4.0,2,1.0,True,False,16,323,507,28.320000000000004,113.6,8000.0,6.217167691655766,-5.0345631283987,7.999999999999999,15.408411979675293,-6.3353400230407715,16.660002789403826,9.191244288019526,-1.3007768946420715,9.191244288019526,1.3007768946420715,9.282833193141318,1.160354149142665,0.7642977237701416,1,1.0,0.0,0,3,1.662415862083435,1.1606521606445312,18.302082061767578,27,10.044316009238914,8.447656631469727,10.140116991798513,0.9577910562574397,0.8351765616715916,False,False,0.0,11.684600830078125,0.24490594863891602,0.0,0.5898119211196899,0.1526344269514084,0.0,True,context_only_nearest_support,1.0,context_wind,18.51303123091947,-4.274070032533434,0.005103510728355253,"[{""distance_vox"": 1.0, ""source_role"": ""context_wind"", ""z"": 17, ""y"": 323, ""x"": 507, ""u"": 18.51303123091947, ""v"": -4.274070032533434, ""base_weight"": 0.005103510728355253, ""time_conf"": 0.27846261478923423, ""qc_flags"": ""ok""}, {""distance_vox"": 1.4142135623730951, ""source_role"": ""context_wind"", ""z"": 17, ""y"": 323, ""x"": 508, ""u"": 15.65036161174089, ""v"": -3.326587053084151, ""base_weight"": 0.016302774209301072, ""time_conf"": 0.43527528164806206, ""qc_flags"": ""ok""}, {""distance_vox"": 1.7320508075688772, ""source_role"": ""context_wind"", ""z"": 17, ""y"": 324, ""x"": 508, ""u"": 13.833626459752608, ""v"": -6.299776479877747, ""base_weight"": 0.022763414207678773, ""time_conf"": 0.46484642179917324, ""qc_flags"": ""ok""}]",1,9.282833193141318,9.282833193141318,default_timepower15_8_4_conservative_v2;moderate_current_support_fresh_context_prefers_10_5;v3_low_error_guard_prefers_8_4,7,782
20260204064800,gaussian,diagnostic_weighted,pydda_3dvar_proxy,diagnostic_adaptive_v3,8,4.0,2,1.0,True,False,18,246,508,34.480000000000004,113.68,9000.0,12.903099971337188,1.5843014642669133,13.0,3.641902446746826,0.9089075922966003,3.753607124214643,-9.261197524590361,-0.675393871970313,9.261197524590361,0.675393871970313,9.285792183318216,0.7142917064090936,1.0,1,1.0,0.0,0,3,8.750432014465332,4.518199920654297,11.419177055358887,27,7.98701070856165,4.011549472808838,7.98701070856165,1.3924737614627258,5.2742427105093785,True,False,7.045732498168945,11.863239288330078,0.23914417624473572,0.08456016331911087,0.6031947135925293,0.5161201357841492,0.0,True,context_only_nearest_support,1.0,context_wind,11.330837648021198,-18.857680615446466,0.005990187393797712,"[{""distance_vox"": 1.0, ""source_role"": ""context_wind"", ""z"": 17, ""y"": 246, ""x"": 508, ""u"": 11.330837648021198, ""v"": -18.857680615446466, ""base_weight"": 0.005990187393797712, ""time_conf"": 0.2961591252948842, ""qc_flags"": ""ok""}, {""distance_vox"": 1.0, ""source_role"": ""context_wind"", ""z"": 19, ""y"": 246, ""x"": 508, ""u"": -10.849059033768208, ""v"": 8.033309301965414, ""base_weight"": 0.17309624793656764, ""time_conf"": 0.8772811111231658, ""qc_flags"": ""ok""}, {""distance_vox"": 1.4142135623730951, ""source_role"": ""context_wind"", ""z"": 17, ""y"": 246, ""x"": 507, ""u"": 9.771034689707662, ""v"": -20.54625605618811, ""base_weight"": 0.012819656382418002, ""time_conf"": 0.33827513354903505, ""qc_flags"": ""ok""}]",3,6.136084162269182,5.032234725625755,default_timepower15_8_4_conservative_v2,15,496
20260212003600,gaussian,diagnostic_weighted,pydda_3dvar_proxy,diagnostic_adaptive_v3,8,4.0,2,1.0,True,False,4,392,509,22.800000000000004,113.76,2000.0,-1.7658951857178538,0.9389431255717818,2.0,-6.141436576843262,3.271423816680908,6.958409086546677,-4.375541391125408,2.3324806911091263,4.375541391125408,2.3324806911091263,4.958409890262056,2.479204945131028,0.3029559254646301,1,1.0,0.0,3,0,5.87840461730957,3.2259364128112793,6.384941577911377,27,3.4297171433766684,0.9174795150756836,4.36625779301184,1.7897418059005674,4.040930375186372,False,False,0.0,13.164027214050293,0.39263206720352173,0.1639084368944168,1.0,0.0,0.0,False,,2.0,current_wind_train,-6.180633150012488,3.2863009395012366,0.5669373788524215,"[{""distance_vox"": 2.0, ""source_role"": ""current_wind_train"", ""z"": 6, ""y"": 392, ""x"": 509, ""u"": -6.180633150012488, ""v"": 3.2863009395012366, ""base_weight"": 0.5669373788524215, ""time_conf"": 1.0, ""qc_flags"": ""ok""}, {""distance_vox"": 3.3166247903554, ""source_role"": ""current_wind_train"", ""z"": 7, ""y"": 391, ""x"": 508, ""u"": -0.31401573745766287, ""v"": 5.991777208527443, ""base_weight"": 0.5669373788524215, ""time_conf"": 1.0, ""qc_flags"": ""ok""}, {""distance_vox"": 4.47213595499958, ""source_role"": ""current_wind_train"", ""z"": 8, ""y"": 392, ""x"": 507, ""u"": -1.9294614907189946, ""v"": 6.728831871568232, ""base_weight"": 0.5669373788524215, ""time_conf"": 1.0, ""qc_flags"": ""ok""}]",3,4.0047317636314155,3.6530991238242447,default_timepower15_8_4_conservative_v2,21,406
20260212003600,gaussian,diagnostic_weighted,pydda_3dvar_proxy,diagnostic_adaptive_v3,8,4.0,2,1.0,True,False,21,389,505,23.04,113.44,10500.0,27.81551563700362,-11.238197802477359,29.999999999999996,28.3262996673584,-10.000723838806152,30.039869010118107,0.5107840303547775,1.2374739636712064,0.5107840303547775,1.2374739636712064,1.3387464795208974,0.044624882650696585,1.0,1,1.0,7.559855798360799,1,2,3.9842474460601807,2.8237667083740234,28.31791114807129,27,2.4788337592725402,1.2747628688812256,2.4788337592725402,1.3481622484077291,0.06398361063967184,True,True,11.044198036193848,9.528013229370117,0.05000000074505806,1.0,0.6372767686843872,0.4283596873283386,0.4069417119026184,True,role_conflict_triggered_at_holdout_voxel,0.0,context_wind,21.751386888879598,-10.14283828177679,0.047573864237648276,"[{""distance_vox"": 0.0, ""source_role"": ""context_wind"", ""z"": 21, ""y"": 389, ""x"": 505, ""u"": 21.751386888879598, ""v"": -10.14283828177679, ""base_weight"": 0.047573864237648276, ""time_conf"": 0.5338270973568664, ""qc_flags"": ""ok""}, {""distance_vox"": 1.0, ""source_role"": ""current_wind_train"", ""z"": 21, ""y"": 388, ""x"": 505, ""u"": 29.311075843578827, ""v"": -10.092612788171845, ""base_weight"": 0.5669373788524215, ""time_conf"": 1.0, ""qc_flags"": ""ok""}, {""distance_vox"": 1.0, ""source_role"": ""context_wind"", ""z"": 21, ""y"": 388, ""x"": 505, ""u"": 21.751386888879598, ""v"": -10.14283828177679, ""base_weight"": 0.027715115911136883, ""time_conf"": 0.5338270973568664, ""qc_flags"": ""ok""}]",3,4.0047317636314155,3.6530991238242447,default_timepower15_8_4_conservative_v2,21,406
20260217100600,gaussian,diagnostic_weighted,pydda_3dvar_proxy,diagnostic_adaptive_v3,8,4.0,2,1.0,True,False,14,247,513,34.400000000000006,114.08,7000.0,12.34349029814194,-16.989356881873896,21.000000000000004,11.89409351348877,-16.49912452697754,20.33938471695561,-0.449396784653171,0.4902323548963565,0.449396784653171,0.4902323548963565,0.6650452855586872,0.03166882312184224,1.0,1,1.0,0.0,0,3,2.1117770671844482,0.17691612243652344,20.72342300415039,27,1.2751741453453347,0.5714377164840698,1.2751741453453347,0.5802561779381868,0.09360756907461742,True,False,7.5694098472595215,11.332148551940918,0.23557189106941223,0.14041408896446228,0.66943359375,0.7898563742637634,0.0,True,context_only_nearest_support,0.0,context_wind,9.620059617472219,-18.163701177259533,0.05021452160694769,"[{""distance_vox"": 0.0, ""source_role"": ""context_wind"", ""z"": 14, ""y"": 247, ""x"": 513, ""u"": 9.620059617472219, ""v"": -18.163701177259533, ""base_weight"": 0.05021452160694769, ""time_conf"": 0.5899791385122689, ""qc_flags"": ""ok""}, {""distance_vox"": 1.0, ""source_role"": ""context_wind"", ""z"": 13, ""y"": 247, ""x"": 513, ""u"": 6.528585031402732, ""v"": -17.13049001493896, ""base_weight"": 0.011786653180871642, ""time_conf"": 0.31400430981542143, ""qc_flags"": ""ok""}, {""distance_vox"": 1.0, ""source_role"": ""context_wind"", ""z"": 14, ""y"": 247, ""x"": 514, ""u"": 10.70470427596503, ""v"": -17.450061090888376, ""base_weight"": 0.06890671142979514, ""time_conf"": 0.6256883460125087, ""qc_flags"": ""ok""}]",3,5.163565808040812,4.195622655361349,default_timepower15_8_4_conservative_v2,19,1016
20260125014200,gaussian,diagnostic_weighted,pydda_3dvar_proxy,diagnostic_adaptive_v3,8,4.0,2,1.0,True,False,5,363,463,25.12,110.08,2500.0,1.4334717981812017,3.734321705988807,4.0,7.213695526123047,26.921871185302734,27.871572457642955,5.780223727941845,23.187549479313926,5.780223727941845,23.187549479313926,23.897142866892967,5.974285716723242,0.40918585658073425,1,1.0,12.305641241757668,2,1,23.606929779052734,11.739198684692383,28.00010871887207,27,16.143802519197816,0.5029730796813965,22.625762757108646,11.053544539455482,23.39416978721157,False,False,0.0,13.190315246582031,0.3952057659626007,0.15655505657196045,1.0,0.0,0.0,False,,2.23606797749979,current_wind_train,7.2469332628705825,27.04592313609391,0.5669373788524215,"[{""distance_vox"": 2.23606797749979, ""source_role"": ""current_wind_train"", ""z"": 7, ""y"": 364, ""x"": 463, ""u"": 7.2469332628705825, ""v"": 27.04592313609391, ""base_weight"": 0.5669373788524215, ""time_conf"": 1.0, ""qc_flags"": ""ok""}, {""distance_vox"": 4.47213595499958, ""source_role"": ""current_wind_train"", ""z"": 9, ""y"": 365, ""x"": 463, ""u"": 14.073705491925947, ""v"": 27.621202249839406, ""base_weight"": 0.5669373788524215, ""time_conf"": 1.0, ""qc_flags"": ""ok""}, {""distance_vox"": 6.324555320336759, ""source_role"": ""context_wind"", ""z"": 11, ""y"": 365, ""x"": 463, ""u"": 14.141327413103863, ""v"": 16.852977748617516, ""base_weight"": 0.13347066794333667, ""time_conf"": 0.9771599684342459, ""qc_flags"": ""ok""}]",2,16.9027023153152,12.23547469224213,default_timepower15_8_4_conservative_v2;moderate_current_support_fresh_context_prefers_10_5;v3_low_error_guard_prefers_8_4,8,545
20260129140600,gaussian,diagnostic_weighted,pydda_3dvar_proxy,diagnostic_adaptive_v3,8,4.0,2,1.0,True,False,4,245,507,34.56,113.6,2000.0,-17.798373876248846,-12.931275550434409,22.000000000000004,-18.037195205688477,-12.624464988708496,22.01630139553958,-0.23882132943963086,0.3068105617259125,0.23882132943963086,0.3068105617259125,0.3888037399278492,0.01767289726944769,1.0,2,1.0,2.1963395851884875,2,1,1.6708354949951172,0.46843528747558594,22.6025333404541,27,0.9643970209139364,0.3752903938293457,0.9643970209139364,0.6343079465884933,0.01351334609850352,True,False,1.7055715322494507,8.148544311523438,0.05000000074505806,1.0,0.5168221592903137,0.10106886178255081,0.0,False,,1.0,current_wind_train,-18.542133189495377,-12.743655072995171,1.4728057237685466,"[{""distance_vox"": 1.0, ""source_role"": ""current_wind_train"", ""z"": 4, ""y"": 245, ""x"": 508, ""u"": -18.542133189495377, ""v"": -12.743655072995171, ""base_weight"": 1.4728057237685466, ""time_conf"": 1.0, ""qc_flags"": ""ok""}, {""distance_vox"": 1.0, ""source_role"": ""current_wind_train"", ""z"": 5, ""y"": 245, ""x"": 507, ""u"": -16.48683893257336, ""v"": -11.32050163177778, ""base_weight"": 0.973165761934816, ""time_conf"": 1.0, ""qc_flags"": ""ok""}, {""distance_vox"": 1.0, ""source_role"": ""context_wind"", ""z"": 4, ""y"": 245, ""x"": 508, ""u"": -18.65705811544137, ""v"": -11.658223813130508, ""base_weight"": 0.03742510527864884, ""time_conf"": 0.5992006571422354, ""qc_flags"": ""ok""}]",5,3.026905421973633,2.506782612125085,default_timepower15_8_4_conservative_v2,34,594
20260129140600,gaussian,diagnostic_weighted,pydda_3dvar_proxy,diagnostic_adaptive_v3,8,4.0,2,1.0,True,False,10,246,506,34.480000000000004,113.52000000000001,5000.0,-12.6883090185131,5.916655664369791,14.0,-13.656185150146484,5.3619279861450195,14.67111667814303,-0.9678761316333837,-0.5547276782247712,0.9678761316333837,0.5547276782247712,1.1155747411869132,0.07968391008477951,1.0,1,1.0,5.838481802066537,1,2,3.7821574211120605,0.16534900665283203,15.107847213745117,27,2.565967144789519,0.822436511516571,2.565967144789519,1.0938310370658555,0.2931382296703422,True,False,5.584022045135498,8.906230926513672,0.05000000074505806,1.0,0.8655246496200562,0.6732690930366516,0.0,False,,0.0,context_wind,-12.244675899951542,6.787334683448718,0.13347066794333667,"[{""distance_vox"": 0.0, ""source_role"": ""context_wind"", ""z"": 10, ""y"": 246, ""x"": 506, ""u"": -12.244675899951542, ""v"": 6.787334683448718, ""base_weight"": 0.13347066794333667, ""time_conf"": 0.9771599684342459, ""qc_flags"": ""ok""}, {""distance_vox"": 1.0, ""source_role"": ""current_wind_train"", ""z"": 9, ""y"": 246, ""x"": 506, ""u"": -15.589921036563764, ""v"": 3.5992168695018405, ""base_weight"": 0.5669373788524215, ""time_conf"": 1.0, ""qc_flags"": ""ok""}, {""distance_vox"": 1.0, ""source_role"": ""context_wind"", ""z"": 10, ""y"": 246, ""x"": 507, ""u"": -10.902717383290511, ""v"": 7.080307455195352, ""base_weight"": 0.13347066794333667, ""time_conf"": 0.9771599684342459, ""qc_flags"": ""ok""}]",5,3.026905421973633,2.506782612125085,default_timepower15_8_4_conservative_v2,34,594
20260129140600,gaussian,diagnostic_weighted,pydda_3dvar_proxy,diagnostic_adaptive_v3,8,4.0,2,1.0,True,False,20,247,514,34.400000000000006,114.16,10000.0,-12.160982780656234,16.339467904845677,20.36830168680981,-6.919571876525879,16.68765640258789,18.065390977369976,5.241410904130355,0.34818849774221405,5.241410904130355,0.34818849774221405,5.252963306163156,0.25789893467479874,1.0,2,1.0,0.0,0,3,8.703996658325195,0.8017921447753906,19.865854263305664,27,6.88112352070985,1.0449882745742798,6.88112352070985,5.2564502649563805,4.207975031588877,True,False,2.681156635284424,12.847368240356445,0.3460890054702759,0.20990818738937378,0.8705423474311829,0.9251492023468018,0.0,True,context_only_nearest_support,0.0,context_wind,-10.15548942861582,9.704862245437175,0.028537871268451708,"[{""distance_vox"": 0.0, ""source_role"": ""context_wind"", ""z"": 20, ""y"": 247, ""x"": 514, ""u"": -10.15548942861582, ""v"": 9.704862245437175, ""base_weight"": 0.028537871268451708, ""time_conf"": 0.5002828122746359, ""qc_flags"": ""ok""}, {""distance_vox"": 1.0, ""source_role"": ""context_wind"", ""z"": 19, ""y"": 247, ""x"": 514, ""u"": -14.129037108966516, ""v"": 9.984686160176022, ""base_weight"": 0.028537871268451708, ""time_conf"": 0.5002828122746359, ""qc_flags"": ""ok""}, {""distance_vox"": 1.4142135623730951, ""source_role"": ""context_wind"", ""z"": 21, ""y"": 246, ""x"": 514, ""u"": -5.562305898749055, ""v"": 17.119017293312762, ""base_weight"": 0.1256887964402692, ""time_conf"": 0.9548416039104165, ""qc_flags"": ""ok""}]",5,3.026905421973633,2.506782612125085,default_timepower15_8_4_conservative_v2,34,594
20260204070000,gaussian,diagnostic_weighted,pydda_3dvar_proxy,diagnostic_adaptive_v3,8,4.0,2,1.0,True,False,13,249,511,34.24,113.92,6500.0,14.997715427345868,0.26178609655925245,14.999999999999998,14.55355167388916,-0.1817319542169571,14.554686284071721,-0.4441637534567082,-0.44351805077620954,0.4441637534567082,0.44351805077620954,0.6276859893681552,0.041845732624543684,1.0,1,1.0,2.3814548083149223,1,2,0.3018285930156708,0.041670799255371094,14.680747032165527,27,0.9319976800017886,0.3892815113067627,0.9319976800017886,0.7448300417142107,0.23840447806139253,True,True,11.950166702270508,8.275863647460938,0.05000000074505806,1.0,0.6745042204856873,0.45073819160461426,0.428201287984848,True,role_conflict_triggered_at_holdout_voxel,1.0,context_wind,17.0,3.1228493378257506e-15,0.03125325330153454,"[{""distance_vox"": 1.0, ""source_role"": ""context_wind"", ""z"": 14, ""y"": 249, ""x"": 511, ""u"": 17.0, ""v"": 3.1228493378257506e-15, ""base_weight"": 0.03125325330153454, ""time_conf"": 0.5590739816642407, ""qc_flags"": ""ok""}, {""distance_vox"": 1.0, ""source_role"": ""context_wind"", ""z"": 13, ""y"": 249, ""x"": 512, ""u"": 15.939115169467929, ""v"": 1.394491883962532, ""base_weight"": 0.03125325330153454, ""time_conf"": 0.5590739816642407, ""qc_flags"": ""ok""}, {""distance_vox"": 1.4142135623730951, ""source_role"": ""current_wind_train"", ""z"": 13, ""y"": 250, ""x"": 512, ""u"": 14.979443021318607, ""v"": -0.7850393436441592, ""base_weight"": 0.5669373788524215, ""time_conf"": 1.0, ""qc_flags"": ""ok""}]",1,0.6276859893681552,0.6276859893681552,default_timepower15_8_4_conservative_v2,6,508
20260208084800,gaussian,diagnostic_weighted,pydda_3dvar_proxy,diagnostic_adaptive_v3,8,4.0,2,1.0,True,False,9,323,502,28.320000000000004,113.2,4500.0,-4.951340343707852,-0.6958655048003273,5.0,-11.997418403625488,-0.7448609471321106,12.02051854880704,-7.046078059917637,-0.04899544233178332,7.046078059917637,0.04899544233178332,7.046248404635049,1.4092496809270099,1.0,1,1.0,0.0,3,0,3.218883514404297,0.6873416900634766,13.864279747009277,27,6.617070233380353,3.6539621353149414,6.617070233380353,2.100698396995399,3.392286269320108,True,False,3.2249672412872314,10.361449241638184,0.14535315334796906,0.4370608925819397,0.6966489553451538,0.3222314715385437,0.0,False,,1.0,current_wind_train,-11.779526201371969,-2.289707944518539,0.5669373788524215,"[{""distance_vox"": 1.0, ""source_role"": ""current_wind_train"", ""z"": 10, ""y"": 323, ""x"": 502, ""u"": -11.779526201371969, ""v"": -2.289707944518539, ""base_weight"": 0.5669373788524215, ""time_conf"": 1.0, ""qc_flags"": ""ok""}, {""distance_vox"": 3.0, ""source_role"": ""current_wind_train"", ""z"": 12, ""y"": 323, ""x"": 502, ""u"": -18.997106207971434, ""v"": -0.33159572230838835, ""base_weight"": 0.5669373788524215, ""time_conf"": 1.0, ""qc_flags"": ""ok""}, {""distance_vox"": 4.123105625617661, ""source_role"": ""current_wind_train"", ""z"": 13, ""y"": 323, ""x"": 501, ""u"": -19.753766811902757, ""v"": 3.1286893008046164, ""base_weight"": 0.5669373788524215, ""time_conf"": 1.0, ""qc_flags"": ""ok""}]",6,5.044941130228906,3.919577816403198,default_timepower15_8_4_conservative_v2,35,1525
20260208084800,gaussian,diagnostic_weighted,pydda_3dvar_proxy,diagnostic_adaptive_v3,8,4.0,2,1.0,True,False,13,247,508,34.400000000000006,113.68,6500.0,4.851478631379983,-1.2096094779983373,5.0,4.096176624298096,0.12250139564275742,4.098007995280215,-0.7553020070818874,1.3321108736410947,0.7553020070818874,1.3321108736410947,1.5313394468813137,0.30626788937626276,1.0,1,1.0,7.514058061655899,2,1,1.32875657081604,0.2184123992919922,4.470962047576904,27,1.484255647217786,0.4934472143650055,1.484255647217786,0.7191328491503297,1.0378922325163082,True,False,2.02558970451355,8.393796920776367,0.05000000074505806,1.0,0.7102416157722473,0.9986435174942017,0.0,False,,1.0,context_wind,6.857338405616899,-4.120304599280433,0.07174584399524446,"[{""distance_vox"": 1.0, ""source_role"": ""context_wind"", ""z"": 13, ""y"": 247, ""x"": 507, ""u"": 6.857338405616899, ""v"": -4.120304599280433, ""base_weight"": 0.07174584399524446, ""time_conf"": 0.7696221479334963, ""qc_flags"": ""ok""}, {""distance_vox"": 1.4142135623730951, ""source_role"": ""current_wind_train"", ""z"": 12, ""y"": 247, ""x"": 507, ""u"": 4.727592877996584, ""v"": 1.6278407722857833, ""base_weight"": 0.5669373788524215, ""time_conf"": 1.0, ""qc_flags"": ""ok""}, {""distance_vox"": 1.7320508075688772, ""source_role"": ""current_wind_train"", ""z"": 12, ""y"": 246, ""x"": 507, ""u"": 4.095760221444958, ""v"": 2.867882181755232, ""base_weight"": 0.5669373788524215, ""time_conf"": 1.0, ""qc_flags"": ""ok""}]",6,5.044941130228906,3.919577816403198,default_timepower15_8_4_conservative_v2,35,1525
20260208084800,gaussian,diagnostic_weighted,pydda_3dvar_proxy,diagnostic_adaptive_v3,8,4.0,2,1.0,True,False,15,323,501,28.320000000000004,113.12,7500.0,-15.880738426261154,1.9499094944823578,16.0,-13.576302528381348,3.9935624599456787,14.151485132791581,2.304435897879806,2.0436529654633206,2.304435897879806,2.0436529654633206,3.080088026450564,0.19250550165316024,0.6135315895080566,1,1.0,0.0,0,3,9.487049102783203,3.022091865539551,16.540876388549805,27,5.869595461421543,1.0618348121643066,6.085659196256318,4.578826945073294,2.0182532142862573,True,True,11.331660270690918,11.237419128417969,0.2129974514245987,0.09752146154642105,0.5942599177360535,0.4342632591724396,0.3417662978172302,True,context_only_nearest_support;role_conflict_triggered_at_holdout_voxel,0.0,context_wind,-5.287576359985406,11.876090949353811,0.026498277638635208,"[{""distance_vox"": 0.0, ""source_role"": ""context_wind"", ""z"": 15, ""y"": 323, ""x"": 501, ""u"": -5.287576359985406, ""v"": 11.876090949353811, ""base_weight"": 0.026498277638635208, ""time_conf"": 0.4278173371267779, ""qc_flags"": ""ok""}, {""distance_vox"": 1.0, ""source_role"": ""context_wind"", ""z"": 15, ""y"": 323, ""x"": 500, ""u"": -7.68208180415321, ""v"": 2.5397989778254595, ""base_weight"": 0.02291660468766364, ""time_conf"": 0.4078866056233027, ""qc_flags"": ""ok""}, {""distance_vox"": 1.4142135623730951, ""source_role"": ""context_wind"", ""z"": 16, ""y"": 322, ""x"": 501, ""u"": -1.6632935265420745, ""v"": 7.8251808058704455, ""base_weight"": 0.05155915418643108, ""time_conf"": 0.6777799612487967, ""qc_flags"": ""ok""}]",6,5.044941130228906,3.919577816403198,default_timepower15_8_4_conservative_v2,35,1525
20260208084800,gaussian,diagnostic_weighted,pydda_3dvar_proxy,diagnostic_adaptive_v3,8,4.0,2,1.0,True,False,20,291,513,30.880000000000006,114.08,10000.0,0.8958661304208195,-1.7228953564757257,1.9418919982843512,-0.5712018013000488,-1.3959993124008179,1.508338681474415,-1.4670679317208684,0.3268960440749078,1.4670679317208684,0.3268960440749078,1.503046685873586,0.7740114729354247,1.0,2,1.0,15.804209352531146,1,2,1.744300365447998,0.9040038585662842,2.567844867706299,27,1.7158417988706518,0.6196677684783936,1.7158417988706518,0.9367019460188153,0.8833789173951925,True,False,3.8252413272857666,10.181988716125488,0.05682017654180527,0.8076989650726318,0.7104582190513611,0.25193819403648376,0.0,False,,0.0,context_wind,1.394491883962533,-15.939115169467929,0.004952499027332987,"[{""distance_vox"": 0.0, ""source_role"": ""context_wind"", ""z"": 20, ""y"": 291, ""x"": 513, ""u"": 1.394491883962533, ""v"": -15.939115169467929, ""base_weight"": 0.004952499027332987, ""time_conf"": 0.27526419886328574, ""qc_flags"": ""ok""}, {""distance_vox"": 1.0, ""source_role"": ""context_wind"", ""z"": 21, ""y"": 291, ""x"": 513, ""u"": 4.385575570841057, ""v"": -14.34457133944553, ""base_weight"": 0.004952499027332987, ""time_conf"": 0.27526419886328574, ""qc_flags"": ""ok""}, {""distance_vox"": 1.4142135623730951, ""source_role"": ""current_wind_train"", ""z"": 19, ""y"": 290, ""x"": 513, ""u"": -3.8637033051562732, ""v"": -1.035276180410083, ""base_weight"": 0.5669373788524215, ""time_conf"": 1.0, ""qc_flags"": ""ok""}]",6,5.044941130228906,3.919577816403198,default_timepower15_8_4_conservative_v2,35,1525
20260212040600,gaussian,diagnostic_weighted,pydda_3dvar_proxy,diagnostic_adaptive_v3,10,5.0,2,1.0,True,False,20,241,520,34.88,114.64,10000.0,30.98111563759197,1.0818843977775237,31.0,27.47734832763672,-1.6316238641738892,27.5257491733181,-3.5037673099552507,-2.7135082619514126,3.5037673099552507,2.7135082619514126,4.431648953830801,0.14295641786550972,0.5080810189247131,1,1.0,13.341278447803328,1,2,8.618173599243164,1.8234596252441406,36.107818603515625,27,6.61431352297465,3.333725690841675,7.008099875943902,1.8210766598170935,1.0979232629891262,True,True,21.01448631286621,13.352441787719727,0.3632661998271942,0.12128749489784241,0.8428621888160706,0.1273808628320694,0.08110769838094711,True,role_conflict_triggered_at_holdout_voxel,4.47213595499958,current_wind_train,36.85920382939459,-3.224762481663342,0.5669373788524215,"[{""distance_vox"": 4.47213595499958, ""source_role"": ""current_wind_train"", ""z"": 22, ""y"": 237, ""x"": 520, ""u"": 36.85920382939459, ""v"": -3.224762481663342, ""base_weight"": 0.5669373788524215, ""time_conf"": 1.0, ""qc_flags"": ""ok""}, {""distance_vox"": 4.58257569495584, ""source_role"": ""context_wind"", ""z"": 18, ""y"": 245, ""x"": 519, ""u"": 24.863047384206833, ""v"": 2.613211581691334, ""base_weight"": 0.1171815100572858, ""time_conf"": 0.92944696061351, ""qc_flags"": ""ok""}, {""distance_vox"": 5.477225575051661, ""source_role"": ""context_wind"", ""z"": 18, ""y"": 246, ""x"": 519, ""u"": 24.921369844864074, ""v"": -1.6264202977101418, ""base_weight"": 0.2613087243311489, ""time_conf"": 0.92944696061351, ""qc_flags"": ""ok""}]",1,4.431648953830801,4.431648953830801,default_timepower15_8_4_conservative_v2;moderate_current_support_fresh_context_prefers_10_5,3,554
20260217111800,gaussian,diagnostic_weighted,pydda_3dvar_proxy,diagnostic_adaptive_v3,8,4.0,2,1.0,True,False,6,290,517,30.96,114.4,3000.0,-0.19197647081011862,-10.998324646720304,11.0,1.9830387830734253,-3.3528687953948975,3.8954039552151922,2.175015253883544,7.645455851325407,2.175015253883544,7.645455851325407,7.948816674775686,0.7226196977068805,0.48954153060913086,1,1.0,0.0,0,3,0.5008746981620789,0.1547994613647461,3.8725154399871826,27,8.09622840528135,7.830312252044678,7.974752228835711,0.2508927028454839,0.11850442273100814,False,False,0.0,11.80966567993164,0.24806666374206543,0.0,0.5961333513259888,0.15351620316505432,0.0,True,context_only_nearest_support,1.0,context_wind,1.3673691305814626,-4.538301387898885,0.05345843657368869,"[{""distance_vox"": 1.0, ""source_role"": ""context_wind"", ""z"": 5, ""y"": 290, ""x"": 517, ""u"": 1.3673691305814626, ""v"": -4.538301387898885, ""base_weight"": 0.05345843657368869, ""time_conf"": 0.5339686230514588, ""qc_flags"": ""ok""}, {""distance_vox"": 1.0, ""source_role"": ""context_wind"", ""z"": 6, ""y"": 291, ""x"": 517, ""u"": 2.5441442884692784, ""v"": -1.589757792699614, ""base_weight"": 0.04220282891330796, ""time_conf"": 0.6275393266153204, ""qc_flags"": ""ok""}, {""distance_vox"": 1.4142135623730951, ""source_role"": ""context_wind"", ""z"": 5, ""y"": 290, ""x"": 518, ""u"": 0.9676875823986715, ""v"": -3.8811829051039863, ""base_weight"": 0.04436930423823527, ""time_conf"": 0.6397390950731328, ""qc_flags"": ""ok""}]",6,5.4727124293263305,4.949677882599443,default_timepower15_8_4_conservative_v2,36,928
20260217111800,gaussian,diagnostic_weighted,pydda_3dvar_proxy,diagnostic_adaptive_v3,8,4.0,2,1.0,True,False,22,295,524,30.560000000000002,114.96000000000001,11000.0,17.33623657934788,-13.544552457164487,22.0,21.06853485107422,-11.570677757263184,24.03671659219191,3.7322982717263393,1.9738746999013035,3.7322982717263393,1.9738746999013035,4.222112234420336,0.19191419247365163,0.46077674627304077,1,1.0,0.0,0,3,4.194640636444092,0.7658767700195312,24.745153427124023,27,3.35077704820368,0.23248223960399628,3.9695594530818967,2.216839252557031,3.9896299948163394,False,False,0.0,13.69148063659668,0.3292095363140106,0.0,0.6555619835853577,0.14449580013751984,0.0,True,context_only_nearest_support,1.4142135623730951,context_wind,22.073689821473177,-11.73678906964726,0.03974223591014169,"[{""distance_vox"": 1.4142135623730951, ""source_role"": ""context_wind"", ""z"": 23, ""y"": 294, ""x"": 524, ""u"": 22.073689821473177, ""v"": -11.73678906964726, ""base_weight"": 0.03974223591014169, ""time_conf"": 0.6132063085866745, ""qc_flags"": ""ok""}, {""distance_vox"": 1.7320508075688772, ""source_role"": ""context_wind"", ""z"": 23, ""y"": 294, ""x"": 523, ""u"": 21.99903047814696, ""v"": -12.519675192485359, ""base_weight"": 0.0886231365568668, ""time_conf"": 0.6132063085866745, ""qc_flags"": ""ok""}, {""distance_vox"": 2.449489742783178, ""source_role"": ""context_wind"", ""z"": 24, ""y"": 296, ""x"": 525, ""u"": 20.84507910184295, ""v"": -9.720220020036091, ""base_weight"": 0.038182068531744315, ""time_conf"": 0.6038332986577618, ""qc_flags"": ""ok""}]",6,5.4727124293263305,4.949677882599443,default_timepower15_8_4_conservative_v2,36,928
20260217111800,gaussian,diagnostic_weighted,pydda_3dvar_proxy,diagnostic_adaptive_v3,8,4.0,2,1.0,True,False,23,377,508,24.000000000000004,113.68,11500.0,17.73802810344683,6.808991041360714,19.0,18.945581436157227,6.370938301086426,19.988094226071563,1.2075533327103969,-0.438052740274288,1.2075533327103969,0.438052740274288,1.2845525503465396,0.06760802896560734,1.0,1,1.0,0.0,3,0,1.0805245637893677,0.158905029296875,20.501123428344727,27,1.5035009737367984,0.8622468113899231,1.5035009737367984,0.5633764151779797,0.4223057389566165,True,False,6.352870941162109,10.390625,0.05000000074505806,1.0,0.7320074439048767,0.31474825739860535,0.0,False,,1.0,current_wind_train,18.79385241571817,6.8404028665133705,0.5669373788524215,"[{""distance_vox"": 1.0, ""source_role"": ""current_wind_train"", ""z"": 23, ""y"": 376, ""x"": 508, ""u"": 18.79385241571817, ""v"": 6.8404028665133705, ""base_weight"": 0.5669373788524215, ""time_conf"": 1.0, ""qc_flags"": ""ok""}, {""distance_vox"": 1.0, ""source_role"": ""current_wind_train"", ""z"": 23, ""y"": 378, ""x"": 508, ""u"": 17.219847953696352, ""v"": 8.029746973073284, ""base_weight"": 0.5669373788524215, ""time_conf"": 1.0, ""qc_flags"": ""ok""}, {""distance_vox"": 2.0, ""source_role"": ""current_wind_train"", ""z"": 23, ""y"": 375, ""x"": 508, ""u"": 19.733545036504076, ""v"": 7.18242300983904, ""base_weight"": 0.5669373788524215, ""time_conf"": 1.0, ""qc_flags"": ""ok""}]",6,5.4727124293263305,4.949677882599443,default_timepower15_8_4_conservative_v2,36,928
20260125023000,gaussian,diagnostic_weighted,pydda_3dvar_proxy,diagnostic_adaptive_v3,10,5.0,2,1.0,True,False,15,379,508,23.840000000000003,113.68,7500.0,10.39230484541326,6.000000000000005,12.0,10.436347007751465,5.064602851867676,11.60032503481472,0.04404216233820435,-0.9353971481323295,0.04404216233820435,0.9353971481323295,0.9364334129010562,0.07803611774175469,1.0,1,1.0,0.0,3,0,0.6112473607063293,0.04561805725097656,11.669501304626465,27,0.8412763586750737,0.39147281646728516,0.8176028551157327,0.2779799645931425,0.544960596433771,True,True,11.59624195098877,9.02023983001709,0.05000000074505806,1.0,0.7187648415565491,0.0453280545771122,0.04306165128946304,True,role_conflict_triggered_at_holdout_voxel,1.0,current_wind_train,9.969385657403151,4.648800879147691,0.5669373788524215,"[{""distance_vox"": 1.0, ""source_role"": ""current_wind_train"", ""z"": 16, ""y"": 379, ""x"": 508, ""u"": 9.969385657403151, ""v"": 4.648800879147691, ""base_weight"": 0.5669373788524215, ""time_conf"": 1.0, ""qc_flags"": ""ok""}, {""distance_vox"": 1.4142135623730951, ""source_role"": ""current_wind_train"", ""z"": 16, ""y"": 378, ""x"": 508, ""u"": 10.96254549171121, ""v"": 4.880839716909601, ""base_weight"": 0.5669373788524215, ""time_conf"": 1.0, ""qc_flags"": ""ok""}, {""distance_vox"": 2.23606797749979, ""source_role"": ""current_wind_train"", ""z"": 17, ""y"": 378, ""x"": 508, ""u"": 10.4300785440896, ""v"": 5.9170314115397105, ""base_weight"": 1.6222487943248765, ""time_conf"": 1.0, ""qc_flags"": ""ok""}]",1,0.9364334129010562,0.9364334129010562,default_timepower15_8_4_conservative_v2;moderate_current_support_fresh_context_prefers_10_5,7,542
20260129163000,gaussian,diagnostic_weighted,pydda_3dvar_proxy,diagnostic_adaptive_v3,10,5.0,2,1.0,True,False,4,245,509,34.56,113.76,2000.0,-16.773411358908483,-10.892780700300541,20.0,-16.485485076904297,-10.056422233581543,19.310692539650343,0.2879262820041859,0.8363584667189983,0.2879262820041859,0.8363584667189983,0.8845320959249063,0.044226604796245315,1.0,1,1.0,6.231668147067445,1,2,1.5904934406280518,0.07047271728515625,20.57988739013672,27,1.3120359160281994,0.5726966261863708,1.3430916601760006,0.829263267528647,0.3118354697385355,True,False,3.882925033569336,9.232156753540039,0.05000000074505806,0.6187834143638611,0.5513054132461548,0.21754704415798187,0.0,False,,0.0,context_wind,-18.966649419021127,-14.059749504610336,0.04368607450299055,"[{""distance_vox"": 0.0, ""source_role"": ""context_wind"", ""z"": 4, ""y"": 245, ""x"": 509, ""u"": -18.966649419021127, ""v"": -14.059749504610336, ""base_weight"": 0.04368607450299055, ""time_conf"": 0.4990935717853346, ""qc_flags"": ""ok""}, {""distance_vox"": 1.0, ""source_role"": ""context_wind"", ""z"": 4, ""y"": 245, ""x"": 508, ""u"": -18.55705595406717, ""v"": -12.602714062883626, ""base_weight"": 0.07023115857698023, ""time_conf"": 0.5300822052251586, ""qc_flags"": ""ok""}, {""distance_vox"": 1.4142135623730951, ""source_role"": ""current_wind_train"", ""z"": 5, ""y"": 245, ""x"": 508, ""u"": -15.743154728509124, ""v"": -8.726573164434068, ""base_weight"": 0.5669373788524215, ""time_conf"": 1.0, ""qc_flags"": ""ok""}]",2,0.9761948023279234,0.9722461314238035,default_timepower15_8_4_conservative_v2;moderate_current_support_fresh_context_prefers_10_5,14,504
20260201201800,gaussian,diagnostic_weighted,pydda_3dvar_proxy,diagnostic_adaptive_v3,8,4.0,2,1.0,True,False,16,248,512,34.32000000000001,114.0,8000.0,-7.112812392392552,14.881919116741933,16.4943510550316,-7.559149265289307,13.763628959655762,15.702809294963707,-0.4463368728967545,-1.1182901570861716,0.4463368728967545,1.1182901570861716,1.204072040844346,0.07299905505994696,1.0,2,1.0,27.127812679971097,1,2,8.443131446838379,3.082125663757324,17.59572410583496,27,4.110143052207099,1.1543241739273071,4.110143052207099,3.582154673954474,0.04974786691703881,True,True,23.393707275390625,10.457987785339355,0.1560937762260437,0.4167836904525757,0.7039361596107483,0.3977169692516327,0.33563581109046936,True,role_conflict_triggered_at_holdout_voxel,1.0,context_wind,-5.633658753430687,10.595371114307124,0.13214101026382616,"[{""distance_vox"": 1.0, ""source_role"": ""context_wind"", ""z"": 15, ""y"": 248, ""x"": 512, ""u"": -5.633658753430687, ""v"": 10.595371114307124, ""base_weight"": 0.13214101026382616, ""time_conf"": 0.9734043393240235, ""qc_flags"": ""ok""}, {""distance_vox"": 1.0, ""source_role"": ""context_wind"", ""z"": 16, ""y"": 248, ""x"": 513, ""u"": 13.99147157826734, ""v"": 0.4885929538350107, ""base_weight"": 0.02884759043113594, ""time_conf"": 0.5421134351507092, ""qc_flags"": ""ok""}, {""distance_vox"": 1.4142135623730951, ""source_role"": ""current_wind_train"", ""z"": 17, ""y"": 248, ""x"": 511, ""u"": -8.87782363673546, ""v"": 15.080150690027903, ""base_weight"": 0.973165761934816, ""time_conf"": 1.0, ""qc_flags"": ""ok""}]",3,1.1178515232758794,1.1072228263586636,default_timepower15_8_4_conservative_v2;dense_current_stale_conflict_prefers_6_3,19,645
20260204093000,gaussian,diagnostic_weighted,pydda_3dvar_proxy,diagnostic_adaptive_v3,8,4.0,2,1.0,True,False,18,326,501,28.080000000000002,113.12,9000.0,26.28292582406285,12.255929590480276,28.999999999999996,24.14836311340332,13.359771728515625,27.597589418186935,-2.13456271065953,1.1038421380353487,2.13456271065953,1.1038421380353487,2.403086646677687,0.08286505678198922,1.0,1,1.0,5.088676907078477,1,2,0.33334285020828247,0.11118888854980469,27.65056610107422,27,2.478516587504634,2.182655096054077,2.478516587504634,0.22382794284709354,0.22043155062360986,True,False,1.2992810010910034,8.572761535644531,0.05000000074505806,1.0,0.5978067517280579,0.23943692445755005,0.0,False,,0.0,context_wind,28.94099322141325,11.109406435904322,0.03253030056861242,"[{""distance_vox"": 0.0, ""source_role"": ""context_wind"", ""z"": 18, ""y"": 326, ""x"": 501, ""u"": 28.94099322141325, ""v"": 11.109406435904322, ""base_weight"": 0.03253030056861242, ""time_conf"": 0.5677522145354387, ""qc_flags"": ""ok""}, {""distance_vox"": 1.4142135623730951, ""source_role"": ""current_wind_train"", ""z"": 18, ""y"": 327, ""x"": 500, ""u"": 24.489351799903087, ""v"": 13.574669366897432, ""base_weight"": 0.5669373788524215, ""time_conf"": 1.0, ""qc_flags"": ""ok""}, {""distance_vox"": 1.4142135623730951, ""source_role"": ""context_wind"", ""z"": 19, ""y"": 326, ""x"": 502, ""u"": 25.980762113533153, ""v"": 15.000000000000012, ""base_weight"": 0.00710166197103742, ""time_conf"": 0.3161955324238331, ""qc_flags"": ""ok""}]",1,2.403086646677687,2.403086646677687,default_timepower15_8_4_conservative_v2,2,472
20260208100600,gaussian,diagnostic_weighted,pydda_3dvar_proxy,diagnostic_adaptive_v3,8,4.0,2,1.0,True,False,10,290,514,30.96,114.16,5000.0,-4.215769813919097,1.5343299130238963,4.486299522540975,-4.947373390197754,2.596850633621216,5.587498248355495,-0.7316035762786566,1.0625207205973195,0.7316035762786566,1.0625207205973195,1.2900364624778506,0.28755023065138385,0.7623782157897949,2,1.0,1.2543415592118423,1,2,0.8780840635299683,0.007647991180419922,5.7097649574279785,27,1.2932145441019978,0.9382453560829163,1.183236598760712,0.2687073115824019,0.3517911063949344,True,False,2.356605052947998,12.101142883300781,0.3073309659957886,0.1321323812007904,0.8071545958518982,0.17378784716129303,0.0,False,,2.0,current_wind_train,-5.868885604402834,1.247470144906556,0.5669373788524215,"[{""distance_vox"": 2.0, ""source_role"": ""current_wind_train"", ""z"": 12, ""y"": 290, ""x"": 514, ""u"": -5.868885604402834, ""v"": 1.247470144906556, ""base_weight"": 0.5669373788524215, ""time_conf"": 1.0, ""qc_flags"": ""ok""}, {""distance_vox"": 3.0, ""source_role"": ""context_wind"", ""z"": 10, ""y"": 290, ""x"": 517, ""u"": -5.481272745855605, ""v"": 2.440419858454802, ""base_weight"": 0.10601735861952362, ""time_conf"": 0.8943360206311329, ""qc_flags"": ""ok""}, {""distance_vox"": 3.0, ""source_role"": ""context_wind"", ""z"": 13, ""y"": 290, ""x"": 514, ""u"": -6.3084791105276965, ""v"": 1.8546185130036263, ""base_weight"": 0.04439339617944388, ""time_conf"": 0.5830327533379984, ""qc_flags"": ""ok""}]",4,4.054870871620253,3.7666936349070865,default_timepower15_8_4_conservative_v2,23,1410
20260208100600,gaussian,diagnostic_weighted,pydda_3dvar_proxy,diagnostic_adaptive_v3,8,4.0,2,1.0,True,False,21,359,465,25.44,110.24,10500.0,23.635386072292995,-4.167556264006319,24.0,20.738555908203125,0.3167244791984558,20.740974315431526,-2.89683016408987,4.484280743204775,2.89683016408987,4.484280743204775,5.338576475377881,0.22244068647407836,0.3651100993156433,1,1.0,0.0,0,3,1.6968960762023926,0.2518634796142578,22.34282112121582,27,5.247281145166467,3.771122932434082,5.021907405438253,0.9328259995825448,1.5674535429437988,False,False,0.0,13.254199028015137,0.2658952474594116,0.0,0.546076238155365,0.11997373402118683,0.0,True,context_only_nearest_support,1.4142135623730951,context_wind,21.99664929344061,0.38395294162023696,0.05155915418643108,"[{""distance_vox"": 1.4142135623730951, ""source_role"": ""context_wind"", ""z"": 22, ""y"": 359, ""x"": 466, ""u"": 21.99664929344061, ""v"": 0.38395294162023696, ""base_weight"": 0.05155915418643108, ""time_conf"": 0.6777799612487967, ""qc_flags"": ""ok""}, {""distance_vox"": 1.4142135623730951, ""source_role"": ""context_wind"", ""z"": 20, ""y"": 358, ""x"": 465, ""u"": 16.628509212474693, ""v"": 3.534498743901916, ""base_weight"": 0.02457752613965592, ""time_conf"": 0.5097203218510724, ""qc_flags"": ""ok""}, {""distance_vox"": 2.0, ""source_role"": ""context_wind"", ""z"": 21, ""y"": 359, ""x"": 467, ""u"": 19.972590695091476, ""v"": 1.046719124858886, ""base_weight"": 0.020524395168661624, ""time_conf"": 0.4755858767438104, ""qc_flags"": ""ok""}]",4,4.054870871620253,3.7666936349070865,default_timepower15_8_4_conservative_v2,23,1410
20260212083000,gaussian,diagnostic_weighted,pydda_3dvar_proxy,diagnostic_adaptive_v3,10,5.0,2,1.0,True,False,21,329,506,27.840000000000003,113.52000000000001,10500.0,25.60548019290888,13.614675320790832,29.0,28.20050621032715,14.781146049499512,31.83945396917691,2.5950260174182667,1.1664707287086795,2.5950260174182667,1.1664707287086795,2.845138659540492,0.0981082296393273,1.0,1,1.0,4.893811165512864,1,2,1.204446792602539,0.420135498046875,32.17697525024414,27,2.58956950240665,1.5146214962005615,2.58956950240665,0.6516226426453197,1.3305171633399304,True,False,3.2081081867218018,11.318502426147461,0.12937793135643005,0.46050286293029785,0.5953935980796814,0.37028831243515015,0.0,False,,2.23606797749979,context_wind,24.694011709249295,12.668348170266336,0.025409706741776446,"[{""distance_vox"": 2.23606797749979, ""source_role"": ""context_wind"", ""z"": 21, ""y"": 327, ""x"": 505, ""u"": 24.694011709249295, ""v"": 12.668348170266336, ""base_weight"": 0.025409706741776446, ""time_conf"": 0.44898497912659696, ""qc_flags"": ""ok""}, {""distance_vox"": 2.449489742783178, ""source_role"": ""context_wind"", ""z"": 20, ""y"": 327, ""x"": 505, ""u"": 26.23859121418188, ""v"": 14.544288607390104, ""base_weight"": 0.02689503204719665, ""time_conf"": 0.5276955701815529, ""qc_flags"": ""ok""}, {""distance_vox"": 2.8284271247461903, ""source_role"": ""current_wind_train"", ""z"": 23, ""y"": 331, ""x"": 506, ""u"": 29.13047124436316, ""v"": 10.602624443095724, ""base_weight"": 0.5669373788524215, ""time_conf"": 1.0, ""qc_flags"": ""ok""}]",2,5.861772047190454,5.315702036037619,default_timepower15_8_4_conservative_v2;moderate_current_support_fresh_context_prefers_10_5,9,535
20260217134800,gaussian,diagnostic_weighted,pydda_3dvar_proxy,diagnostic_adaptive_v3,10,5.0,2,1.0,True,False,4,326,503,28.080000000000002,113.28,2000.0,-4.9809734904587275,0.4357787137382912,5.0,0.8669777512550354,-2.1958048343658447,2.360764556620514,5.847951241713763,-2.631583548104136,5.847951241713763,2.631583548104136,6.412781432117728,1.2825562864235456,0.3967687487602234,1,1.0,0.0,0,3,0.9596099257469177,0.2285141944885254,3.013484477996826,27,6.4300882904617875,6.283374309539795,6.4164902499626875,0.09549497780435824,0.1294071225779332,False,False,0.0,11.835382461547852,0.2147139012813568,0.0,0.5294278264045715,0.11324705183506012,0.0,True,context_only_nearest_support,0.0,context_wind,0.31358538980296025,-2.9835656861048196,0.007928486995611049,"[{""distance_vox"": 0.0, ""source_role"": ""context_wind"", ""z"": 4, ""y"": 326, ""x"": 503, ""u"": 0.31358538980296025, ""v"": -2.9835656861048196, ""base_weight"": 0.007928486995611049, ""time_conf"": 0.32987697769322355, ""qc_flags"": ""ok""}, {""distance_vox"": 1.0, ""source_role"": ""context_wind"", ""z"": 4, ""y"": 327, ""x"": 503, ""u"": -0.9205048534524404, ""v"": -0.3907311284892737, ""base_weight"": 0.018944566825088396, ""time_conf"": 0.4611580967929696, ""qc_flags"": ""ok""}, {""distance_vox"": 1.4142135623730951, ""source_role"": ""context_wind"", ""z"": 4, ""y"": 327, ""x"": 502, ""u"": 2.279094037362848, ""v"": -1.551714576489822, ""base_weight"": 0.06720446915886998, ""time_conf"": 0.6231159450568454, ""qc_flags"": ""ok""}]",3,5.397068827578676,5.268595041584003,default_timepower15_8_4_conservative_v2;moderate_current_support_fresh_context_prefers_10_5,14,822
20260217134800,gaussian,diagnostic_weighted,pydda_3dvar_proxy,diagnostic_adaptive_v3,10,5.0,2,1.0,True,False,19,327,497,28.000000000000004,112.80000000000001,9500.0,16.167960777017612,-5.253288904374103,17.0,10.527900695800781,-4.227367877960205,11.344925395799319,-5.640060081216831,1.025921026413898,5.640060081216831,1.025921026413898,5.732607754955309,0.337212220879724,1.0,1,1.0,0.0,0,3,11.261565208435059,1.301020622253418,19.655183792114258,27,8.640111905557138,2.3910179138183594,8.313588991775923,6.699469170946014,3.3415898411369493,False,False,0.0,12.997071266174316,0.3616342544555664,0.0,0.77183997631073,0.3756130337715149,0.0,True,context_only_nearest_support,3.605551275463989,context_wind,22.985989021439202,0.8026884241575175,0.01748634292221353,"[{""distance_vox"": 3.605551275463989, ""source_role"": ""context_wind"", ""z"": 21, ""y"": 327, ""x"": 494, ""u"": 22.985989021439202, ""v"": 0.8026884241575175, ""base_weight"": 0.01748634292221353, ""time_conf"": 0.4471680103155664, ""qc_flags"": ""ok""}, {""distance_vox"": 4.123105625617661, ""source_role"": ""context_wind"", ""z"": 20, ""y"": 327, ""x"": 493, ""u"": 26.197984609451908, ""v"": -6.531891181191021, ""base_weight"": 0.006555024334404319, ""time_conf"": 0.30660315429333723, ""qc_flags"": ""ok""}, {""distance_vox"": 4.123105625617661, ""source_role"": ""context_wind"", ""z"": 18, ""y"": 327, ""x"": 493, ""u"": -48.642892940834585, ""v"": 31.589064030871572, ""base_weight"": 0.08505822913129009, ""time_conf"": 0.8216903145857903, ""qc_flags"": ""ok""}]",3,5.397068827578676,5.268595041584003,default_timepower15_8_4_conservative_v2;moderate_current_support_fresh_context_prefers_10_5,14,822
20260125041200,gaussian,diagnostic_weighted,pydda_3dvar_proxy,diagnostic_adaptive_v3,10,5.0,2,1.0,True,False,4,246,512,34.480000000000004,114.0,2000.0,-18.87467497228251,-9.205794082570627,21.000000000000004,-19.719371795654297,-8.459059715270996,21.457150679476687,-0.8446968233717875,0.7467343672996307,0.8446968233717875,0.7467343672996307,1.1274417673302548,0.0536877032062026,1.0,1,1.0,16.222542114449396,1,2,0.515543520450592,0.07678413391113281,21.54412078857422,27,1.1745124878706756,0.855317234992981,1.1745124878706756,0.24352521036320535,0.27212453233727385,True,True,11.051810264587402,8.184643745422363,0.05000000074505806,1.0,0.6468618512153625,0.5046059489250183,0.4793756306171417,True,role_conflict_triggered_at_holdout_voxel,0.0,context_wind,-3.4348684235703164,-4.415622598338293,0.08939084943056334,"[{""distance_vox"": 0.0, ""source_role"": ""context_wind"", ""z"": 4, ""y"": 246, ""x"": 512, ""u"": -3.4348684235703164, ""v"": -4.415622598338293, ""base_weight"": 0.08939084943056334, ""time_conf"": 0.6105192380976171, ""qc_flags"": ""ok""}, {""distance_vox"": 1.0, ""source_role"": ""current_wind_train"", ""z"": 5, ""y"": 246, ""x"": 512, ""u"": -19.03246352776965, ""v"": -8.874983496554687, ""base_weight"": 0.5669373788524215, ""time_conf"": 1.0, ""qc_flags"": ""ok""}, {""distance_vox"": 1.0, ""source_role"": ""context_wind"", ""z"": 5, ""y"": 246, ""x"": 512, ""u"": -14.684118293319614, ""v"": -9.291276004230607, ""base_weight"": 0.07358904535732594, ""time_conf"": 0.5872654290461549, ""qc_flags"": ""ok""}]",2,45.8431019887818,32.97478718427061,default_timepower15_8_4_conservative_v2;moderate_current_support_fresh_context_prefers_10_5,7,614
20260125041200,gaussian,diagnostic_weighted,pydda_3dvar_proxy,diagnostic_adaptive_v3,10,5.0,2,1.0,True,False,21,322,504,28.400000000000002,113.36,10500.0,22.04520332569877,95.48826634895305,97.99999999999999,17.353126525878906,30.836172103881836,35.38361923607282,-4.692076799819862,-64.65209424507121,4.692076799819862,64.65209424507121,64.82213260121097,0.6614503326654181,1.0,1,1.0,0.0,0,3,37.690895080566406,12.540168762207031,71.32722473144531,27,57.14910634358724,27.13136100769043,57.14910634358724,21.5093395018172,37.69077159352054,True,True,79.3350601196289,13.163698196411133,0.34091731905937195,0.10553176701068878,0.7699925899505615,0.8666681051254272,0.5712059140205383,True,strong_truth_speed_ge_90mps;high_vector_error_ge_30mps;context_only_nearest_support;role_conflict_triggered_at_holdout_voxel;rapid_reconstructed_vertical_jump_ge_25mps,1.0,context_wind,22.3617942813242,16.85082064825735,0.03742510527864884,"[{""distance_vox"": 1.0, ""source_role"": ""context_wind"", ""z"": 21, ""y"": 322, ""x"": 505, ""u"": 22.3617942813242, ""v"": 16.85082064825735, ""base_weight"": 0.03742510527864884, ""time_conf"": 0.5992006571422354, ""qc_flags"": ""ok""}, {""distance_vox"": 1.0, ""source_role"": ""context_wind"", ""z"": 20, ""y"": 322, ""x"": 504, ""u"": 23.745346692379925, ""v"": 14.83773939852974, ""base_weight"": 0.007771303963389177, ""time_conf"": 0.3273461437937433, ""qc_flags"": ""ok""}, {""distance_vox"": 1.4142135623730951, ""source_role"": ""context_wind"", ""z"": 22, ""y"": 322, ""x"": 505, ""u"": 25.700164749206294, ""v"": 17.334980007593146, ""base_weight"": 0.007771303963389177, ""time_conf"": 0.3273461437937433, ""qc_flags"": ""ok""}]",2,45.8431019887818,32.97478718427061,default_timepower15_8_4_conservative_v2;moderate_current_support_fresh_context_prefers_10_5,7,614
20260130015400,gaussian,diagnostic_weighted,pydda_3dvar_proxy,diagnostic_adaptive_v3,8,4.0,2,1.0,True,False,8,246,512,34.480000000000004,114.0,4000.0,-5.59044857033105,-4.2127051620643385,7.000000000000001,-6.693063735961914,-0.0037756706587970257,6.693064800921726,-1.1026151656308638,4.2089294914055415,1.1026151656308638,4.2089294914055415,4.350959396167986,0.621565628023998,1.0,1,1.0,7.820101179022796,1,2,0.7853811383247375,0.17493677139282227,7.026137828826904,27,4.498132961767691,3.859556198120117,4.498132961767691,0.4871450664352005,0.4914031980478688,True,False,3.8683533668518066,10.085774421691895,0.122389055788517,0.535172164440155,0.7193986177444458,1.1721524000167847,0.0,False,,0.0,context_wind,-9.396926207859085,3.420201433256687,0.07174584399524446,"[{""distance_vox"": 0.0, ""source_role"": ""context_wind"", ""z"": 8, ""y"": 246, ""x"": 512, ""u"": -9.396926207859085, ""v"": 3.420201433256687, ""base_weight"": 0.07174584399524446, ""time_conf"": 0.7696221479334963, ""qc_flags"": ""ok""}, {""distance_vox"": 1.0, ""source_role"": ""current_wind_train"", ""z"": 9, ""y"": 246, ""x"": 512, ""u"": -6.928203230275509, ""v"": -4.000000000000001, ""base_weight"": 0.5669373788524215, ""time_conf"": 1.0, ""qc_flags"": ""ok""}, {""distance_vox"": 1.0, ""source_role"": ""context_wind"", ""z"": 7, ""y"": 246, ""x"": 512, ""u"": -7.123843130523056, ""v"": -1.5166656559799676, ""base_weight"": 0.14856706189496416, ""time_conf"": 0.8622318759219564, ""qc_flags"": ""ok""}]",4,22.503194918126624,17.82093327192689,default_timepower15_8_4_conservative_v2,25,767
20260130015400,gaussian,diagnostic_weighted,pydda_3dvar_proxy,diagnostic_adaptive_v3,8,4.0,2,1.0,True,False,18,246,513,34.480000000000004,114.08,9000.0,-0.845236523481399,1.8126155740732999,2.0,2.8514723777770996,-0.6943243741989136,2.9347880771586388,3.6967089012584986,-2.5069399482722137,3.6967089012584986,2.5069399482722137,4.466587579448869,2.2332937897244345,1.0,1,1.0,1.2535273420199302,1,2,1.9346060752868652,1.5410761833190918,1.7777103185653687,27,3.139153083165487,1.3602906465530396,3.139153083165487,1.1910059799996437,3.1062969328958294,True,False,6.2903337478637695,10.8649263381958,0.1710960865020752,0.5187066197395325,0.7710011005401611,1.1625895500183105,0.0,False,,1.0,context_wind,-0.9925461516413221,0.12186934340514735,0.07174584399524446,"[{""distance_vox"": 1.0, ""source_role"": ""context_wind"", ""z"": 18, ""y"": 246, ""x"": 514, ""u"": -0.9925461516413221, ""v"": 0.12186934340514735, ""base_weight"": 0.07174584399524446, ""time_conf"": 0.7696221479334963, ""qc_flags"": ""ok""}, {""distance_vox"": 1.4142135623730951, ""source_role"": ""current_wind_train"", ""z"": 19, ""y"": 247, ""x"": 513, ""u"": -0.9271838545667874, ""v"": 0.37460659341591207, ""base_weight"": 0.5669373788524215, ""time_conf"": 1.0, ""qc_flags"": ""ok""}, {""distance_vox"": 1.4142135623730951, ""source_role"": ""context_wind"", ""z"": 19, ""y"": 246, ""x"": 514, ""u"": -1.2036300463040963, ""v"": 1.5972710200945859, ""base_weight"": 0.0675627755544156, ""time_conf"": 0.7520439537809918, ""qc_flags"": ""ok""}]",4,22.503194918126624,17.82093327192689,default_timepower15_8_4_conservative_v2,25,767
20260202002400,gaussian,diagnostic_weighted,pydda_3dvar_proxy,diagnostic_adaptive_v3,10,5.0,2,1.0,True,False,15,244,508,34.64,113.68,7500.0,13.988627306225474,-11.327767038897075,18.0,7.272914886474609,-3.5519802570343018,8.09393938031818,-6.715712419750865,7.775786781862774,6.715712419750865,7.775786781862774,10.274417422987439,0.5708009679437466,1.0,1,1.0,0.0,0,3,4.106445789337158,0.56768798828125,12.122920989990234,27,9.980878353118896,5.888213634490967,9.980878353118896,2.96492338507032,4.386203788496472,True,False,9.761950492858887,11.766685485839844,0.2993018627166748,0.12941192090511322,0.7891920804977417,0.801459014415741,0.0,True,context_only_nearest_support,1.0,context_wind,14.067745247414502,-12.778288103797589,0.20123896301334077,"[{""distance_vox"": 1.0, ""source_role"": ""context_wind"", ""z"": 15, ""y"": 245, ""x"": 508, ""u"": 14.067745247414502, ""v"": -12.778288103797589, ""base_weight"": 0.20123896301334077, ""time_conf"": 0.9406928166024674, ""qc_flags"": ""ok""}, {""distance_vox"": 1.0, ""source_role"": ""context_wind"", ""z"": 14, ""y"": 244, ""x"": 508, ""u"": -5.137596501604551, ""v"": 11.501487155658683, ""base_weight"": 0.1353023486066111, ""time_conf"": 0.8429292278071672, ""qc_flags"": ""ok""}, {""distance_vox"": 1.0, ""source_role"": ""context_wind"", ""z"": 15, ""y"": 243, ""x"": 508, ""u"": -5.260453761468927, ""v"": 10.785528555590007, ""base_weight"": 0.12823098835990984, ""time_conf"": 0.9622238368941451, ""qc_flags"": ""ok""}]",2,9.369638319307098,9.321004568352299,default_timepower15_8_4_conservative_v2;moderate_current_support_fresh_context_prefers_10_5,9,688
20260204132400,gaussian,diagnostic_weighted,pydda_3dvar_proxy,diagnostic_adaptive_v3,10,5.0,2,1.0,True,False,19,247,507,34.400000000000006,113.6,9500.0,7.8906806422034,-16.178292833385,18.0,5.875970363616943,-11.613591194152832,13.015472643704063,-2.014710278586457,4.564701639232169,2.014710278586457,4.564701639232169,4.989544925326434,0.27719694029591296,1.0,1,1.0,0.0,0,3,2.4298551082611084,0.5081644058227539,15.032025337219238,27,4.927794924488774,3.07511830329895,4.927794924488774,1.3185765721389442,1.9144266220274835,True,False,2.272144079208374,12.346633911132812,0.28890854120254517,0.13474155962467194,0.7207075357437134,1.4405646324157715,0.0,True,context_only_nearest_support,0.0,context_wind,-0.48767777671752066,-2.3518328154153862,0.1553205225806296,"[{""distance_vox"": 0.0, ""source_role"": ""context_wind"", ""z"": 19, ""y"": 247, ""x"": 507, ""u"": -0.48767777671752066, ""v"": -2.3518328154153862, ""base_weight"": 0.1553205225806296, ""time_conf"": 0.8458444978108313, ""qc_flags"": ""ok""}, {""distance_vox"": 1.0, ""source_role"": ""context_wind"", ""z"": 18, ""y"": 247, ""x"": 507, ""u"": 1.0463471061618845, ""v"": -14.963460753897364, ""base_weight"": 0.02409027427365905, ""time_conf"": 0.5058097201509613, ""qc_flags"": ""ok""}, {""distance_vox"": 1.0, ""source_role"": ""context_wind"", ""z"": 19, ""y"": 248, ""x"": 507, ""u"": 3.7622215765823546, ""v"": -10.336618828644994, ""base_weight"": 0.016632515459407696, ""time_conf"": 0.4386405555615829, ""qc_flags"": ""ok""}]",1,4.989544925326434,4.989544925326434,default_timepower15_8_4_conservative_v2;moderate_current_support_fresh_context_prefers_10_5,6,471
20260208111200,gaussian,diagnostic_weighted,pydda_3dvar_proxy,diagnostic_adaptive_v3,8,4.0,2,1.0,True,False,5,245,508,34.56,113.68,2500.0,7.272144303695054,13.119295607090939,15.000000000000002,8.340296745300293,11.175352096557617,13.944498710305128,1.068152441605239,-1.9439435105333214,1.068152441605239,1.9439435105333214,2.2180770975445934,0.14787180650297288,1.0,1,1.0,23.685787566158744,1,2,0.8952011466026306,0.5821504592895508,13.616833686828613,27,2.2455601338987,2.0429978370666504,2.247703245212787,0.16495940681778543,0.17507926047794298,True,True,9.769108772277832,8.655385971069336,0.05000000074505806,1.0,0.7895110845565796,0.3077605366706848,0.2923724949359894,True,role_conflict_triggered_at_holdout_voxel,0.0,context_wind,-14.488887394336025,3.882285676537813,0.08421086446823164,"[{""distance_vox"": 0.0, ""source_role"": ""context_wind"", ""z"": 5, ""y"": 245, ""x"": 508, ""u"": -14.488887394336025, ""v"": 3.882285676537813, ""base_weight"": 0.08421086446823164, ""time_conf"": 0.8185322195299817, ""qc_flags"": ""ok""}, {""distance_vox"": 1.4142135623730951, ""source_role"": ""current_wind_train"", ""z"": 6, ""y"": 244, ""x"": 508, ""u"": 7.9269700111525, ""v"": 11.533812936242601, ""base_weight"": 0.973165761934816, ""time_conf"": 1.0, ""qc_flags"": ""ok""}, {""distance_vox"": 1.4142135623730951, ""source_role"": ""context_wind"", ""z"": 6, ""y"": 244, ""x"": 508, ""u"": -0.7586043956392982, ""v"": 7.435802014398593, ""base_weight"": 0.058830912010649945, ""time_conf"": 0.5590926649765853, ""qc_flags"": ""ok""}]",6,3.174828645053433,2.8600718610906006,default_timepower15_8_4_conservative_v2,37,1340
20260208111200,gaussian,diagnostic_weighted,pydda_3dvar_proxy,diagnostic_adaptive_v3,8,4.0,2,1.0,True,False,11,327,499,28.000000000000004,112.96000000000001,5500.0,-19.938771314806303,9.297601758295386,22.000000000000004,-17.491727828979492,5.64385461807251,18.379707217282707,2.4470434858268106,-3.653747140222876,2.4470434858268106,3.653747140222876,4.3974867806753295,0.1998857627579695,1.0,1,1.0,0.0,0,3,1.3930853605270386,0.9870796203613281,17.78531265258789,27,4.962326138107865,4.1013031005859375,4.961805699954975,0.5829363051281776,0.296183680089392,False,False,0.0,12.005863189697266,0.31073686480522156,0.0,0.721473753452301,0.46895331144332886,0.0,True,context_only_nearest_support,1.0,context_wind,-19.487401295704704,4.499021086877301,0.043056426797033226,"[{""distance_vox"": 1.0, ""source_role"": ""context_wind"", ""z"": 12, ""y"": 327, ""x"": 499, ""u"": -19.487401295704704, ""v"": 4.499021086877301, ""base_weight"": 0.043056426797033226, ""time_conf"": 0.6323910648476662, ""qc_flags"": ""ok""}, {""distance_vox"": 1.0, ""source_role"": ""context_wind"", ""z"": 10, ""y"": 327, ""x"": 499, ""u"": -15.137908442443456, ""v"": 8.922949719486189, ""base_weight"": 0.03486343849315549, ""time_conf"": 0.5169262528896772, ""qc_flags"": ""ok""}, {""distance_vox"": 1.4142135623730951, ""source_role"": ""context_wind"", ""z"": 10, ""y"": 327, ""x"": 498, ""u"": -19.117538246030808, ""v"": 5.954171415633808, ""base_weight"": 0.041689185926506396, ""time_conf"": 0.5611962518198417, ""qc_flags"": ""ok""}]",6,3.174828645053433,2.8600718610906006,default_timepower15_8_4_conservative_v2,37,1340
20260208111200,gaussian,diagnostic_weighted,pydda_3dvar_proxy,diagnostic_adaptive_v3,8,4.0,2,1.0,True,False,19,321,502,28.480000000000004,113.2,9500.0,0.44990210868772995,1.9487401295704705,2.0,4.387535095214844,4.25880765914917,6.11456514311276,3.937632986527114,2.310067529578699,3.937632986527114,2.310067529578699,4.565234443903212,2.282617221951606,1.0,1,1.0,0.0,0,3,4.0959248542785645,0.8899435997009277,9.638411521911621,27,5.148537591651634,2.3921375274658203,5.148537591651634,2.4921201394784203,2.173096916437392,True,False,1.8020291328430176,9.285707473754883,0.05000000074505806,1.0,0.7305171489715576,0.886479914188385,0.0,True,context_only_nearest_support,0.0,context_wind,2.1819236618720605,4.454528957826813,0.13083953610416735,"[{""distance_vox"": 0.0, ""source_role"": ""context_wind"", ""z"": 19, ""y"": 321, ""x"": 502, ""u"": 2.1819236618720605, ""v"": 4.454528957826813, ""base_weight"": 0.13083953610416735, ""time_conf"": 0.7971409253512365, ""qc_flags"": ""ok""}, {""distance_vox"": 1.0, ""source_role"": ""context_wind"", ""z"": 19, ""y"": 320, ""x"": 502, ""u"": 2.394141003279681, ""v"": 6.5778483455013586, ""base_weight"": 0.055302308632161776, ""time_conf"": 0.6962984793343721, ""qc_flags"": ""ok""}, {""distance_vox"": 1.0, ""source_role"": ""context_wind"", ""z"": 20, ""y"": 321, ""x"": 502, ""u"": 8.026610055588934, ""v"": 4.897426106997927, ""base_weight"": 0.07458983568374188, ""time_conf"": 0.672366626323275, ""qc_flags"": ""ok""}]",6,3.174828645053433,2.8600718610906006,default_timepower15_8_4_conservative_v2,37,1340
20260208111200,gaussian,diagnostic_weighted,pydda_3dvar_proxy,diagnostic_adaptive_v3,8,4.0,2,1.0,True,False,22,385,534,23.360000000000003,115.75999999999999,11000.0,9.975640502598242,0.6975647374412558,10.0,9.944735527038574,-0.09610947221517563,9.945199934309649,-0.030904975559668202,-0.7936742096564314,0.030904975559668202,0.7936742096564314,0.7942756880253259,0.07942756880253259,0.13899029791355133,1,1.0,5.968039081082729,2,1,3.5699970722198486,1.6729660034179688,13.45374870300293,27,1.6886199044960517,0.1740047186613083,2.449396642550401,1.4669852261481318,0.6202709693640176,False,False,0.0,15.15690803527832,0.48635077476501465,0.0,0.9698444604873657,0.049686040729284286,0.0,False,,3.1622776601683795,current_wind_train,16.958588854417012,1.185860053650135,0.5669373788524215,"[{""distance_vox"": 3.1622776601683795, ""source_role"": ""current_wind_train"", ""z"": 25, ""y"": 385, ""x"": 533, ""u"": 16.958588854417012, ""v"": 1.185860053650135, ""base_weight"": 0.5669373788524215, ""time_conf"": 1.0, ""qc_flags"": ""ok""}, {""distance_vox"": 3.1622776601683795, ""source_role"": ""context_wind"", ""z"": 25, ""y"": 384, ""x"": 534, ""u"": 17.61649323676896, ""v"": 7.1175252749023326, ""base_weight"": 0.04759048117633635, ""time_conf"": 0.6572182486030388, ""qc_flags"": ""ok""}, {""distance_vox"": 5.385164807134504, ""source_role"": ""current_wind_train"", ""z"": 27, ""y"": 385, ""x"": 532, ""u"": 21.72914349309303, ""v"": 3.4415582308850827, ""base_weight"": 0.5669373788524215, ""time_conf"": 1.0, ""qc_flags"": ""ok""}]",6,3.174828645053433,2.8600718610906006,default_timepower15_8_4_conservative_v2,37,1340
20260212085400,gaussian,diagnostic_weighted,pydda_3dvar_proxy,diagnostic_adaptive_v3,10,5.0,2,1.0,True,False,12,242,509,34.8,113.76,6000.0,8.290375725550415,-5.59192903470747,10.0,10.008749961853027,-6.121207237243652,11.732188791533192,1.718374236302612,-0.5292782025361822,1.718374236302612,0.5292782025361822,1.7980393298447386,0.17980393298447386,1.0,1,1.0,0.0,0,3,2.622537136077881,0.7279739379882812,12.675004005432129,27,2.0156567096710205,1.2858740091323853,2.083025833184322,0.5363226641518487,0.5121653207123533,True,False,5.617293357849121,9.392642974853516,0.05000000074505806,0.711770236492157,0.5500401258468628,0.07445605099201202,0.0,True,context_only_nearest_support,2.23606797749979,context_wind,8.457233587073176,3.078181289931017,0.006555024334404319,"[{""distance_vox"": 2.23606797749979, ""source_role"": ""context_wind"", ""z"": 11, ""y"": 244, ""x"": 509, ""u"": 8.457233587073176, ""v"": 3.078181289931017, ""base_weight"": 0.006555024334404319, ""time_conf"": 0.30660315429333723, ""qc_flags"": ""ok""}, {""distance_vox"": 2.449489742783178, ""source_role"": ""context_wind"", ""z"": 11, ""y"": 244, ""x"": 510, ""u"": 11.376117697512626, ""v"": 0.5265150180850483, ""base_weight"": 0.011251904511578125, ""time_conf"": 0.30660315429333723, ""qc_flags"": ""ok""}, {""distance_vox"": 2.8284271247461903, ""source_role"": ""context_wind"", ""z"": 12, ""y"": 244, ""x"": 511, ""u"": 15.762125527635387, ""v"": -6.368312088070503, ""base_weight"": 0.006555024334404319, ""time_conf"": 0.30660315429333723, ""qc_flags"": ""ok""}]",2,5.0460586849154625,4.352006454339359,default_timepower15_8_4_conservative_v2;moderate_current_support_fresh_context_prefers_10_5,9,548
20260217234200,gaussian,diagnostic_weighted,pydda_3dvar_proxy,diagnostic_adaptive_v3,10,5.0,2,1.0,True,False,18,323,500,28.320000000000004,113.03999999999999,9000.0,15.300876095408567,-4.677947275563787,16.0,9.21005630493164,-1.8371224403381348,9.391493810933648,-6.090819790476926,2.8408248352256527,6.090819790476926,2.8408248352256527,6.720741883490263,0.4200463677181414,1.0,1,1.0,0.0,0,3,6.917322635650635,2.148151397705078,13.071087837219238,27,6.4540953106350365,2.983978033065796,6.4540953106350365,2.725517191739403,3.7367638504244667,True,False,9.814173698425293,12.205432891845703,0.2992391288280487,0.12759080529212952,0.753506064414978,0.42158567905426025,0.0,True,context_only_nearest_support,1.0,context_wind,15.297704738911117,-2.1329799002561693,0.023769114514524792,"[{""distance_vox"": 1.0, ""source_role"": ""context_wind"", ""z"": 18, ""y"": 323, ""x"": 501, ""u"": 15.297704738911117, ""v"": -2.1329799002561693, ""base_weight"": 0.023769114514524792, ""time_conf"": 0.4142702251628507, ""qc_flags"": ""ok""}, {""distance_vox"": 1.0, ""source_role"": ""context_wind"", ""z"": 17, ""y"": 323, ""x"": 500, ""u"": 12.873484893640413, ""v"": -1.809250312480851, ""base_weight"": 0.09032450765511005, ""time_conf"": 0.8408964152537145, ""qc_flags"": ""ok""}, {""distance_vox"": 1.4142135623730951, ""source_role"": ""context_wind"", ""z"": 19, ""y"": 322, ""x"": 500, ""u"": 7.872708347886089, ""v"": -9.056514962673262, ""base_weight"": 0.09032450765511005, ""time_conf"": 0.8408964152537145, ""qc_flags"": ""ok""}]",2,4.894002238929409,4.187133356951565,default_timepower15_8_4_conservative_v2;moderate_current_support_fresh_context_prefers_10_5,9,606
20260221105400,gaussian,diagnostic_weighted,pydda_3dvar_proxy,diagnostic_adaptive_v3,10,5.0,2,1.0,True,False,20,246,505,34.480000000000004,113.44,10000.0,26.798746094315693,-3.2904722719389876,26.999999999999996,21.268444061279297,-2.9232490062713623,21.46839764724962,-5.530302033036396,0.3672232656676253,5.530302033036396,0.3672232656676253,5.542480807675755,0.2052770669509539,1.0,1,1.0,0.0,0,3,1.3720815181732178,0.1877574920654297,22.447465896606445,27,5.495537846176712,4.255685329437256,5.617130002606753,0.665555198034711,1.2867954782384992,False,False,0.0,13.085288047790527,0.3419050872325897,0.0,0.7152387499809265,0.5102412700653076,0.0,True,context_only_nearest_support,2.23606797749979,context_wind,11.983554417054886,-0.6280314749153273,0.03559770301235123,"[{""distance_vox"": 2.23606797749979, ""source_role"": ""context_wind"", ""z"": 20, ""y"": 245, ""x"": 507, ""u"": 11.983554417054886, ""v"": -0.6280314749153273, ""base_weight"": 0.03559770301235123, ""time_conf"": 0.5877739531418044, ""qc_flags"": ""ok""}, {""distance_vox"": 2.23606797749979, ""source_role"": ""context_wind"", ""z"": 21, ""y"": 246, ""x"": 507, ""u"": 12.613844441587956, ""v"": -3.1449846427956767, ""base_weight"": 0.03559770301235123, ""time_conf"": 0.5877739531418044, ""qc_flags"": ""ok""}, {""distance_vox"": 2.23606797749979, ""source_role"": ""context_wind"", ""z"": 22, ""y"": 246, ""x"": 504, ""u"": 27.961626973128066, ""v"": 1.4654067748024406, ""base_weight"": 0.12196969404974613, ""time_conf"": 0.9438743126816935, ""qc_flags"": ""ok""}]",3,4.653619905315801,4.478161811795303,default_timepower15_8_4_conservative_v2;moderate_current_support_fresh_context_prefers_10_5,14,541
20260125074800,gaussian,diagnostic_weighted,pydda_3dvar_proxy,diagnostic_adaptive_v3,10,5.0,2,1.0,True,False,16,245,507,34.56,113.6,8000.0,12.6883090185131,5.916655664369788,13.999999999999998,11.234073638916016,9.534690856933594,14.734813886231505,-1.454235379597085,3.6180351925638057,1.454235379597085,3.6180351925638057,3.8993562537811406,0.2785254466986529,1.0,1,1.0,0.0,0,3,3.9151463508605957,0.11191749572753906,18.645496368408203,27,4.925678085397791,3.578935146331787,4.925678085397791,1.121477604620165,0.3204211074493535,True,False,8.643023490905762,11.317688941955566,0.23763102293014526,0.16258972883224487,0.6890748143196106,2.0689635276794434,0.0,True,context_only_nearest_support,0.0,context_wind,4.143614670053554,24.517892285905678,0.07252683423891113,"[{""distance_vox"": 0.0, ""source_role"": ""context_wind"", ""z"": 16, ""y"": 245, ""x"": 507, ""u"": 4.143614670053554, ""v"": 24.517892285905678, ""base_weight"": 0.07252683423891113, ""time_conf"": 0.6841360550627281, ""qc_flags"": ""ok""}, {""distance_vox"": 1.0, ""source_role"": ""context_wind"", ""z"": 15, ""y"": 245, ""x"": 507, ""u"": 2.345710875980516, ""v"": 0.49812498796323706, ""base_weight"": 0.029591920631662556, ""time_conf"": 0.537163032478902, ""qc_flags"": ""ok""}, {""distance_vox"": 1.0, ""source_role"": ""context_wind"", ""z"": 16, ""y"": 245, ""x"": 508, ""u"": -12.66681084220806, ""v"": 2.9243637064702455, ""base_weight"": 0.04348967843048643, ""time_conf"": 0.6348309823580358, ""qc_flags"": ""ok""}]",1,3.8993562537811406,3.8993562537811406,default_timepower15_8_4_conservative_v2;moderate_current_support_fresh_context_prefers_10_5,6,615
20260130061200,gaussian,diagnostic_weighted,pydda_3dvar_proxy,diagnostic_adaptive_v3,8,4.0,2,1.0,True,False,4,246,512,34.480000000000004,114.0,2000.0,-2.143298147457401,-3.956608396426109,4.499830769213872,-4.545630931854248,-1.0890027284622192,4.674257963701648,-2.402332784396847,2.8676056679638897,2.402332784396847,2.8676056679638897,3.7409043123189525,0.8313433336010755,1.0,2,1.0,4.272381411768241,1,2,0.5351232290267944,0.002911090850830078,4.957334995269775,27,3.8095969094170465,3.309938430786133,3.8090659079041993,0.36242897644121486,0.4309658815328197,True,False,4.6104912757873535,10.485610008239746,0.16540449857711792,0.44352594017982483,0.7412771582603455,0.9952071905136108,0.0,False,,0.0,context_wind,-4.19586530079262,-1.0813300695731964,0.18630759477176645,"[{""distance_vox"": 0.0, ""source_role"": ""context_wind"", ""z"": 4, ""y"": 246, ""x"": 512, ""u"": -4.19586530079262, ""v"": -1.0813300695731964, ""base_weight"": 0.18630759477176645, ""time_conf"": 0.7544771719208306, ""qc_flags"": ""ok""}, {""distance_vox"": 1.0, ""source_role"": ""current_wind_train"", ""z"": 5, ""y"": 246, ""x"": 512, ""u"": -3.7759223462990246, ""v"": -4.662875768741825, ""base_weight"": 0.5669373788524215, ""time_conf"": 1.0, ""qc_flags"": ""ok""}, {""distance_vox"": 1.0, ""source_role"": ""context_wind"", ""z"": 5, ""y"": 246, ""x"": 512, ""u"": -4.0708392972563425, ""v"": -0.40068537885298006, ""base_weight"": 0.13435703659538728, ""time_conf"": 0.7245502654217657, ""qc_flags"": ""ok""}]",9,8.029346368926007,6.271033548940052,default_timepower15_8_4_conservative_v2,58,1032
20260130061200,gaussian,diagnostic_weighted,pydda_3dvar_proxy,diagnostic_adaptive_v3,8,4.0,2,1.0,True,False,7,246,513,34.480000000000004,114.08,3500.0,-3.1085838458278836,-2.51728156419935,4.0,-3.4890339374542236,0.7389278411865234,3.566422881710454,-0.38045009162634,3.2562094053858734,0.38045009162634,3.2562094053858734,3.278359645301582,0.8195899113253955,1.0,1,1.0,5.192930599367859,1,2,1.515211820602417,0.3048710823059082,3.96944522857666,27,3.317880793854042,1.8686809539794922,3.317880793854042,1.116201691059501,1.4096786913220898,True,False,2.9618992805480957,8.541423797607422,0.05000000074505806,1.0,0.7549769878387451,1.8916807174682617,0.0,False,,1.0,current_wind_train,-3.6486154386010483,-2.6293052093281837,0.973165761934816,"[{""distance_vox"": 1.0, ""source_role"": ""current_wind_train"", ""z"": 6, ""y"": 246, ""x"": 513, ""u"": -3.6486154386010483, ""v"": -2.6293052093281837, ""base_weight"": 0.973165761934816, ""time_conf"": 1.0, ""qc_flags"": ""ok""}, {""distance_vox"": 1.0, ""source_role"": ""context_wind"", ""z"": 7, ""y"": 246, ""x"": 514, ""u"": -4.455453266225986, ""v"": 2.500562325975677, ""base_weight"": 0.07345895338851141, ""time_conf"": 0.5914409481155455, ""qc_flags"": ""ok""}, {""distance_vox"": 1.0, ""source_role"": ""context_wind"", ""z"": 6, ""y"": 246, ""x"": 513, ""u"": -4.299017936660303, ""v"": -0.3661266980271858, ""base_weight"": 0.13396470427009127, ""time_conf"": 0.6872419308739304, ""qc_flags"": ""ok""}]",9,8.029346368926007,6.271033548940052,default_timepower15_8_4_conservative_v2,58,1032
20260130061200,gaussian,diagnostic_weighted,pydda_3dvar_proxy,diagnostic_adaptive_v3,8,4.0,2,1.0,True,False,10,247,513,34.400000000000006,114.08,5000.0,-6.774590483984262,-1.761041867209086,6.999738901112911,-3.9287068843841553,1.9083967208862305,4.3676899875903255,2.845883599600107,3.6694385880953164,2.845883599600107,3.6694385880953164,4.6436874371856485,0.6634086646356672,1.0,2,1.0,5.853575234158349,1,2,1.1267905235290527,0.011029243469238281,4.6905364990234375,27,4.642188010392366,3.2852752208709717,4.642188010392366,0.9150529294761505,1.3584122163146768,True,False,3.465111255645752,8.57081127166748,0.05000000074505806,1.0,0.7638822793960571,1.866745948791504,0.0,False,,1.0,current_wind_train,-1.1471528727020919,1.6383040885779838,0.5669373788524215,"[{""distance_vox"": 1.0, ""source_role"": ""current_wind_train"", ""z"": 9, ""y"": 247, ""x"": 513, ""u"": -1.1471528727020919, ""v"": 1.6383040885779838, ""base_weight"": 0.5669373788524215, ""time_conf"": 1.0, ""qc_flags"": ""ok""}, {""distance_vox"": 1.0, ""source_role"": ""context_wind"", ""z"": 10, ""y"": 248, ""x"": 513, ""u"": -3.467516517373764, ""v"": 4.268160213373738, ""base_weight"": 0.16630098055492787, ""time_conf"": 0.8638716525936915, ""qc_flags"": ""ok""}, {""distance_vox"": 1.0, ""source_role"": ""context_wind"", ""z"": 10, ""y"": 246, ""x"": 513, ""u"": -6.947823061489254, ""v"": 0.8530854038360316, ""base_weight"": 0.005419488491110431, ""time_conf"": 0.28497136987245736, ""qc_flags"": ""ok""}]",9,8.029346368926007,6.271033548940052,default_timepower15_8_4_conservative_v2,58,1032
20260130061200,gaussian,diagnostic_weighted,pydda_3dvar_proxy,diagnostic_adaptive_v3,8,4.0,2,1.0,True,False,13,247,511,34.400000000000006,113.92,6500.0,-5.392764277795003,-2.630226880734465,6.000000000000001,-2.6584064960479736,-0.03955187648534775,2.6587007069551056,2.734357781747029,2.590675004249117,2.734357781747029,2.590675004249117,3.7667372427927193,0.6277895404654531,1.0,1,1.0,3.7418678391511317,1,2,1.547947883605957,0.03664708137512207,4.004302501678467,27,3.8885149514233626,2.994100570678711,3.8885149514233626,0.5868750750629698,0.7726366721140083,True,False,3.1443464756011963,8.40745735168457,0.05000000074505806,1.0,0.7143808603286743,1.455611228942871,0.0,False,,1.0,current_wind_train,-2.676522425435433,-2.972579301909577,0.5669373788524215,"[{""distance_vox"": 1.0, ""source_role"": ""current_wind_train"", ""z"": 14, ""y"": 247, ""x"": 511, ""u"": -2.676522425435433, ""v"": -2.972579301909577, ""base_weight"": 0.5669373788524215, ""time_conf"": 1.0, ""qc_flags"": ""ok""}, {""distance_vox"": 1.0, ""source_role"": ""context_wind"", ""z"": 13, ""y"": 248, ""x"": 511, ""u"": -5.9410089306132905, ""v"": -1.1437264420038886, ""base_weight"": 0.017680314774919176, ""time_conf"": 0.3997227887298774, ""qc_flags"": ""ok""}, {""distance_vox"": 1.0, ""source_role"": ""context_wind"", ""z"": 13, ""y"": 247, ""x"": 510, ""u"": -0.6764762793257608, ""v"": 0.09637298492413841, ""base_weight"": 0.1495465312751258, ""time_conf"": 0.7831959767302359, ""qc_flags"": ""ok""}]",9,8.029346368926007,6.271033548940052,default_timepower15_8_4_conservative_v2,58,1032
20260130061200,gaussian,diagnostic_weighted,pydda_3dvar_proxy,diagnostic_adaptive_v3,8,4.0,2,1.0,True,False,16,247,510,34.400000000000006,113.84,8000.0,-0.5209445330007908,2.954423259036624,2.9999999999999996,-0.0583576038479805,-0.3760581314563751,0.38055923081872306,0.4625869291528103,-3.330481390492999,0.4625869291528103,3.330481390492999,3.362453413720881,1.1208178045736272,1.0,1,1.0,4.820006420642572,1,2,1.0074119567871094,0.41813817620277405,0.9536405205726624,27,3.2107828281543873,2.325557231903076,3.2107828281543873,0.5508650893505923,1.0368961818178049,True,False,2.3197202682495117,8.53354549407959,0.05000000074505806,1.0,0.7525894641876221,1.6084319353103638,0.0,False,,0.0,context_wind,-1.7075740363457763,0.9393359612122768,0.06244577959892195,"[{""distance_vox"": 0.0, ""source_role"": ""context_wind"", ""z"": 16, ""y"": 247, ""x"": 510, ""u"": -1.7075740363457763, ""v"": 0.9393359612122768, ""base_weight"": 0.06244577959892195, ""time_conf"": 0.5936230701463533, ""qc_flags"": ""ok""}, {""distance_vox"": 1.0, ""source_role"": ""current_wind_train"", ""z"": 17, ""y"": 247, ""x"": 510, ""u"": -1.8793852415718169, ""v"": 0.6840402866513374, ""base_weight"": 0.5669373788524215, ""time_conf"": 1.0, ""qc_flags"": ""ok""}, {""distance_vox"": 1.0, ""source_role"": ""context_wind"", ""z"": 16, ""y"": 247, ""x"": 509, ""u"": 1.9123777006344176, ""v"": -2.291694191615691, ""base_weight"": 0.07474652366809388, ""time_conf"": 0.6139134461175865, ""qc_flags"": ""ok""}]",9,8.029346368926007,6.271033548940052,default_timepower15_8_4_conservative_v2,58,1032
20260130061200,gaussian,diagnostic_weighted,pydda_3dvar_proxy,diagnostic_adaptive_v3,8,4.0,2,1.0,True,False,19,247,508,34.400000000000006,113.68,9500.0,-5.680259070707277,6.321607917479156,8.49870988872355,1.1465338468551636,2.411078453063965,2.6698013350835343,6.82679291756244,-3.910529464415191,6.82679291756244,3.910529464415191,7.867486398548145,0.9257271399494482,1.0,2,1.0,6.932509533967075,1,2,1.1085346937179565,0.002285003662109375,3.5757548809051514,27,8.214929439403393,7.428084850311279,8.214929439403393,0.38902895128966897,0.43940154823686584,True,False,3.922873020172119,9.368277549743652,0.05000000074505806,1.0,0.755538284778595,2.026948928833008,0.0,False,,1.0,current_wind_train,-5.413209244224652,3.487212538056063,0.973165761934816,"[{""distance_vox"": 1.0, ""source_role"": ""current_wind_train"", ""z"": 19, ""y"": 247, ""x"": 509, ""u"": -5.413209244224652, ""v"": 3.487212538056063, ""base_weight"": 0.973165761934816, ""time_conf"": 1.0, ""qc_flags"": ""ok""}, {""distance_vox"": 1.0, ""source_role"": ""context_wind"", ""z"": 19, ""y"": 246, ""x"": 508, ""u"": -8.860577766150858, ""v"": 9.501806349160576, ""base_weight"": 0.11950988963701556, ""time_conf"": 0.7607822836063717, ""qc_flags"": ""ok""}, {""distance_vox"": 1.0, ""source_role"": ""context_wind"", ""z"": 20, ""y"": 247, ""x"": 508, ""u"": -5.446390350150274, ""v"": 8.38670567945424, ""base_weight"": 0.1114597423975158, ""time_conf"": 0.9117224885582168, ""qc_flags"": ""ok""}]",9,8.029346368926007,6.271033548940052,default_timepower15_8_4_conservative_v2,58,1032
20260130061200,gaussian,diagnostic_weighted,pydda_3dvar_proxy,diagnostic_adaptive_v3,8,4.0,2,1.0,True,False,21,253,521,33.92,114.72,10500.0,14.455428144614402,-5.56761018634286,15.490567647158027,13.325125694274902,-1.2836484909057617,13.38681172708535,-1.1303024503394994,4.283961695437099,1.1303024503394994,4.283961695437099,4.430565588862868,0.2860169936816822,1.0,2,1.0,11.89378070618077,2,1,5.112616539001465,0.0038089752197265625,18.01271629333496,27,5.68453805534928,3.891820192337036,5.68453805534928,2.0992638667557344,0.5387453965258322,True,False,3.986628532409668,9.995536804199219,0.05000000074505806,1.0,0.7608581781387329,0.2432735413312912,0.0,False,,1.4142135623730951,current_wind_train,9.960158445904629,0.6614068424639643,0.973165761934816,"[{""distance_vox"": 1.4142135623730951, ""source_role"": ""current_wind_train"", ""z"": 20, ""y"": 253, ""x"": 520, ""u"": 9.960158445904629, ""v"": 0.6614068424639643, ""base_weight"": 0.973165761934816, ""time_conf"": 1.0, ""qc_flags"": ""ok""}, {""distance_vox"": 1.4142135623730951, ""source_role"": ""current_wind_train"", ""z"": 22, ""y"": 254, ""x"": 521, ""u"": 18.896576213956596, ""v"": -4.765397453438329, ""base_weight"": 0.973165761934816, ""time_conf"": 1.0, ""qc_flags"": ""ok""}, {""distance_vox"": 1.4142135623730951, ""source_role"": ""context_wind"", ""z"": 22, ""y"": 253, ""x"": 520, ""u"": 20.37621025179593, ""v"": -5.080359807593016, ""base_weight"": 0.12952130177649088, ""time_conf"": 0.9659363289248456, ""qc_flags"": ""ok""}]",9,8.029346368926007,6.271033548940052,default_timepower15_8_4_conservative_v2,58,1032
20260202013600,gaussian,diagnostic_weighted,pydda_3dvar_proxy,diagnostic_adaptive_v3,10,5.0,2,1.0,True,False,7,293,517,30.720000000000006,114.4,3500.0,7.092096782460496,-5.540953277930926,9.0,-3.809903144836426,-12.3054838180542,12.88178147499127,-10.901999927296922,-6.764530540123273,10.901999927296922,6.764530540123273,12.830139353999337,1.4255710393332597,0.7372567057609558,1,1.0,22.665124089012707,1,2,6.650636672973633,0.41319751739501953,12.844188690185547,27,11.090052286783854,6.511228561401367,10.47646889735246,2.523035340404855,6.31891079259797,False,False,0.0,12.847389221191406,0.4173848032951355,0.0,0.9347696304321289,0.21516823768615723,0.0,False,,4.242640687119285,current_wind_train,18.186533479473212,-10.500000000000002,0.5669373788524215,"[{""distance_vox"": 4.242640687119285, ""source_role"": ""current_wind_train"", ""z"": 10, ""y"": 293, ""x"": 520, ""u"": 18.186533479473212, ""v"": -10.500000000000002, ""base_weight"": 0.5669373788524215, ""time_conf"": 1.0, ""qc_flags"": ""ok""}, {""distance_vox"": 4.58257569495584, ""source_role"": ""context_wind"", ""z"": 8, ""y"": 295, ""x"": 513, ""u"": -4.474103073833803, ""v"": -10.049000034068609, ""base_weight"": 0.1171815100572858, ""time_conf"": 0.92944696061351, ""qc_flags"": ""ok""}, {""distance_vox"": 4.69041575982343, ""source_role"": ""context_wind"", ""z"": 10, ""y"": 295, ""x"": 514, ""u"": 0.4187939604300099, ""v"": -11.992689924229149, ""base_weight"": 0.11371413630145333, ""time_conf"": 0.9187713517408406, ""qc_flags"": ""ok""}]",3,13.124796189311407,11.830875590086722,default_timepower15_8_4_conservative_v2;moderate_current_support_fresh_context_prefers_10_5,17,679
20260202013600,gaussian,diagnostic_weighted,pydda_3dvar_proxy,diagnostic_adaptive_v3,10,5.0,2,1.0,True,False,18,245,507,34.56,113.6,9000.0,11.47152872702093,-16.38304088577983,20.0,15.888562202453613,-16.65922737121582,23.021213379557214,4.417033475432683,-0.2761864854359892,4.417033475432683,0.2761864854359892,4.425659690693627,0.22128298453468137,1.0,1,1.0,0.0,0,3,3.1082334518432617,1.9348125457763672,22.207897186279297,27,3.7541108396318226,3.198096752166748,3.7541108396318226,0.43913338694371534,1.2275629385268791,True,True,9.281523704528809,8.951688766479492,0.05000000074505806,1.0,0.7126330733299255,0.9913033246994019,0.9417381286621094,True,context_only_nearest_support;role_conflict_triggered_at_holdout_voxel,1.0,context_wind,18.41830736587692,-12.896637658650443,0.13618580423169568,"[{""distance_vox"": 1.0, ""source_role"": ""context_wind"", ""z"": 19, ""y"": 245, ""x"": 507, ""u"": 18.41830736587692, ""v"": -12.896637658650443, ""base_weight"": 0.13618580423169568, ""time_conf"": 0.8095145553326704, ""qc_flags"": ""ok""}, {""distance_vox"": 1.0, ""source_role"": ""context_wind"", ""z"": 18, ""y"": 246, ""x"": 507, ""u"": 13.239930509345061, ""v"": -17.569981221040443, ""base_weight"": 0.031885384169645765, ""time_conf"": 0.5633963890361899, ""qc_flags"": ""ok""}, {""distance_vox"": 1.0, ""source_role"": ""context_wind"", ""z"": 17, ""y"": 245, ""x"": 507, ""u"": 15.01281041724463, ""v"": -9.919360794678452, ""base_weight"": 0.13618580423169568, ""time_conf"": 0.8095145553326704, ""qc_flags"": ""ok""}]",3,13.124796189311407,11.830875590086722,default_timepower15_8_4_conservative_v2;moderate_current_support_fresh_context_prefers_10_5,17,679
20260204141800,gaussian,diagnostic_weighted,pydda_3dvar_proxy,diagnostic_adaptive_v3,10,5.0,2,1.0,True,False,15,239,494,35.040000000000006,112.56,7500.0,8.241345055150072,-20.39804480046932,22.0,4.1432294845581055,-16.403003692626953,16.918181956169082,-4.0981155705919665,3.9950411078423684,4.0981155705919665,3.9950411078423684,5.723190079254636,0.2601450036024835,0.05495486408472061,1,1.0,10.898828334262896,2,1,14.192790985107422,3.9224348068237305,23.266103744506836,27,9.44102848900689,2.6901886463165283,4.247456488500423,7.0295657906448294,3.033001432938108,False,False,0.0,12.958913803100586,0.3318587839603424,0.0,0.7637175917625427,0.003869423409923911,0.0,False,,3.1622776601683795,current_wind_train,13.615975875375675,-20.9667641986356,0.5669373788524215,"[{""distance_vox"": 3.1622776601683795, ""source_role"": ""current_wind_train"", ""z"": 18, ""y"": 238, ""x"": 494, ""u"": 13.615975875375675, ""v"": -20.9667641986356, ""base_weight"": 0.5669373788524215, ""time_conf"": 1.0, ""qc_flags"": ""ok""}, {""distance_vox"": 4.123105625617661, ""source_role"": ""current_wind_train"", ""z"": 19, ""y"": 238, ""x"": 494, ""u"": 15.003963921374961, ""v"": -16.089781435621756, ""base_weight"": 0.5669373788524215, ""time_conf"": 1.0, ""qc_flags"": ""ok""}, {""distance_vox"": 7.0, ""source_role"": ""context_wind"", ""z"": 17, ""y"": 245, ""x"": 491, ""u"": 4.112672225194354, ""v"": -16.49502734669194, ""base_weight"": 0.07032347560203997, ""time_conf"": 0.7637175654573216, ""qc_flags"": ""ok""}]",3,4.591696492030371,4.25667454014965,default_timepower15_8_4_conservative_v2;moderate_current_support_fresh_context_prefers_10_5,15,439
20260204141800,gaussian,diagnostic_weighted,pydda_3dvar_proxy,diagnostic_adaptive_v3,10,5.0,2,1.0,True,False,20,238,494,35.120000000000005,112.56,10000.0,14.8492424049175,-14.849242404917494,21.0,14.236261367797852,-16.584228515625,21.856527015761742,-0.6129810371196491,-1.7349861107075064,0.6129810371196491,1.7349861107075064,1.8400876490581204,0.08762322138372002,1.0,1,1.0,0.0,3,0,1.3010735511779785,0.04917335510253906,22.83434295654297,27,1.9852087166574266,0.940778911113739,1.9852087166574266,0.8650276592763895,0.8993087379443814,True,False,7.621958255767822,11.19559097290039,0.07921489328145981,0.6992449760437012,0.6793298125267029,0.032851047813892365,0.0,False,,1.0,current_wind_train,15.003963921374961,-16.089781435621756,0.5669373788524215,"[{""distance_vox"": 1.0, ""source_role"": ""current_wind_train"", ""z"": 19, ""y"": 238, ""x"": 494, ""u"": 15.003963921374961, ""v"": -16.089781435621756, ""base_weight"": 0.5669373788524215, ""time_conf"": 1.0, ""qc_flags"": ""ok""}, {""distance_vox"": 2.0, ""source_role"": ""current_wind_train"", ""z"": 18, ""y"": 238, ""x"": 494, ""u"": 13.615975875375675, ""v"": -20.9667641986356, ""base_weight"": 0.5669373788524215, ""time_conf"": 1.0, ""qc_flags"": ""ok""}, {""distance_vox"": 2.23606797749979, ""source_role"": ""current_wind_train"", ""z"": 22, ""y"": 237, ""x"": 494, ""u"": 14.321965561312464, ""v"": -15.358427734002584, ""base_weight"": 0.5669373788524215, ""time_conf"": 1.0, ""qc_flags"": ""ok""}]",3,4.591696492030371,4.25667454014965,default_timepower15_8_4_conservative_v2;moderate_current_support_fresh_context_prefers_10_5,15,439
20260208140600,gaussian,diagnostic_weighted,pydda_3dvar_proxy,diagnostic_adaptive_v3,8,4.0,2,1.0,True,False,6,244,508,34.64,113.68,3000.0,4.363286582217032,7.871577364254563,9.0,1.503749966621399,9.663191795349121,9.779495878408888,-2.8595366155956334,1.7916144310945583,2.8595366155956334,1.7916144310945583,3.374438016268547,0.3749375573631719,1.0,1,1.0,0.0,0,3,2.091169595718384,0.5221185684204102,10.815180778503418,27,3.5749667750464544,2.5015206336975098,3.5012749252790187,0.46769182001494924,0.8729173825710372,False,False,0.0,11.455612182617188,0.22736546397209167,0.0,0.5547309517860413,0.2916136682033539,0.0,True,context_only_nearest_support,0.0,context_wind,0.03489409471051623,9.894164979464264,0.05437441681326262,"[{""distance_vox"": 0.0, ""source_role"": ""context_wind"", ""z"": 6, ""y"": 244, ""x"": 508, ""u"": 0.03489409471051623, ""v"": 9.894164979464264, ""base_weight"": 0.05437441681326262, ""time_conf"": 0.5480744764504174, ""qc_flags"": ""ok""}, {""distance_vox"": 1.0, ""source_role"": ""context_wind"", ""z"": 6, ""y"": 244, ""x"": 507, ""u"": 3.4144663045558468, ""v"": 15.47425354925751, ""base_weight"": 0.053793797516978936, ""time_conf"": 0.47793965301188074, ""qc_flags"": ""ok""}, {""distance_vox"": 1.4142135623730951, ""source_role"": ""context_wind"", ""z"": 7, ""y"": 244, ""x"": 507, ""u"": 2.21852388674164, ""v"": 7.803677854171675, ""base_weight"": 0.057686100590026865, ""time_conf"": 0.5846748359882069, ""qc_flags"": ""ok""}]",3,3.7851444247366586,3.5942837999527293,default_timepower15_8_4_conservative_v2,20,1267
20260208140600,gaussian,diagnostic_weighted,pydda_3dvar_proxy,diagnostic_adaptive_v3,8,4.0,2,1.0,True,False,23,249,512,34.24,114.0,11500.0,8.917737905728732,8.029567276306297,12.0,5.367111682891846,4.305863857269287,6.88086850433665,-3.550626222836886,-3.72370341903701,3.550626222836886,3.72370341903701,5.145183546506854,0.42876529554223786,1.0,1,1.0,0.0,0,3,0.767866313457489,0.2249007225036621,6.93064022064209,27,5.311565505133735,4.793689727783203,5.311565505133735,0.3518007991326505,0.35149381872365115,False,False,0.0,14.052627563476562,0.3891860544681549,0.0,0.7583721280097961,1.236574649810791,0.0,True,context_only_nearest_support,1.0,context_wind,6.251925334130976,6.47405820304786,0.07930103569047939,"[{""distance_vox"": 1.0, ""source_role"": ""context_wind"", ""z"": 22, ""y"": 249, ""x"": 512, ""u"": 6.251925334130976, ""v"": 6.47405820304786, ""base_weight"": 0.07930103569047939, ""time_conf"": 0.7998369177983302, ""qc_flags"": ""ok""}, {""distance_vox"": 1.0, ""source_role"": ""context_wind"", ""z"": 23, ""y"": 249, ""x"": 511, ""u"": 6.9943136531127355, ""v"": 5.66388351944854, ""base_weight"": 0.08942467942241841, ""time_conf"": 0.837664503225156, ""qc_flags"": ""ok""}, {""distance_vox"": 1.0, ""source_role"": ""context_wind"", ""z"": 23, ""y"": 250, ""x"": 512, ""u"": 5.877852522924731, ""v"": 8.090169943749476, ""base_weight"": 0.07930103569047939, ""time_conf"": 0.7998369177983302, ""qc_flags"": ""ok""}]",3,3.7851444247366586,3.5942837999527293,default_timepower15_8_4_conservative_v2,20,1267
20260212230000,gaussian,diagnostic_weighted,pydda_3dvar_proxy,diagnostic_adaptive_v3,8,4.0,2,1.0,True,False,21,384,500,23.440000000000005,113.03999999999999,10500.0,18.953716954936663,-1.325373001138379,19.0,15.81226634979248,1.340854525566101,15.86901565868251,-3.1414506051441826,2.66622752670448,3.1414506051441826,2.66622752670448,4.12037390642129,0.21686178454848895,1.0,1,1.0,6.140358702148453,1,2,14.112156867980957,2.489842414855957,19.67046546936035,27,7.643431358867222,1.0618220567703247,4.128171099785602,7.358297469425942,3.058551849650965,True,False,12.207392692565918,12.279296875,0.15533065795898438,0.18983937799930573,0.4578346312046051,0.04964011162519455,0.0,False,,1.7320508075688772,context_wind,20.376210251795925,5.080359807593023,0.0060504631450877,"[{""distance_vox"": 1.7320508075688772, ""source_role"": ""context_wind"", ""z"": 22, ""y"": 383, ""x"": 499, ""u"": 20.376210251795925, ""v"": 5.080359807593023, ""base_weight"": 0.0060504631450877, ""time_conf"": 0.29730177875068026, ""qc_flags"": ""ok""}, {""distance_vox"": 2.0, ""source_role"": ""current_wind_train"", ""z"": 23, ""y"": 384, ""x"": 500, ""u"": 19.972590695091476, ""v"": -1.046719124858879, ""base_weight"": 0.5669373788524215, ""time_conf"": 1.0, ""qc_flags"": ""ok""}, {""distance_vox"": 2.0, ""source_role"": ""context_wind"", ""z"": 23, ""y"": 384, ""x"": 500, ""u"": 17.778390130712477, ""v"": 2.8158203707241585, ""base_weight"": 0.004617287546833285, ""time_conf"": 0.2679433656340733, ""qc_flags"": ""ok""}]",1,4.12037390642129,4.12037390642129,default_timepower15_8_4_conservative_v2,2,425
20260218004200,gaussian,diagnostic_weighted,pydda_3dvar_proxy,diagnostic_adaptive_v3,8,4.0,2,1.0,True,False,12,245,508,34.56,113.68,6000.0,2.4192189559966786,-9.702957262759965,10.0,1.6837244033813477,-6.315395355224609,6.53598855257064,-0.7354945526153309,3.387561907535355,0.7354945526153309,3.387561907535355,3.4664863932101913,0.34664863932101914,1.0,1,1.0,8.66170427411879,1,2,2.5223934650421143,0.6469616889953613,7.651477336883545,27,3.963963543927228,2.2452445030212402,3.9619659933330693,1.4844069730775107,1.221241890188951,True,False,7.7868218421936035,9.070951461791992,0.05000000074505806,0.8436625003814697,0.7460740804672241,0.28236326575279236,0.0,False,,1.4142135623730951,current_wind_train,3.2031700342699496,-8.392946312065146,0.973165761934816,"[{""distance_vox"": 1.4142135623730951, ""source_role"": ""current_wind_train"", ""z"": 13, ""y"": 245, ""x"": 507, ""u"": 3.2031700342699496, ""v"": -8.392946312065146, ""base_weight"": 0.973165761934816, ""time_conf"": 1.0, ""qc_flags"": ""ok""}, {""distance_vox"": 2.449489742783178, ""source_role"": ""context_wind"", ""z"": 10, ""y"": 246, ""x"": 509, ""u"": -1.433471798181201, ""v"": -3.734321705988807, ""base_weight"": 0.006891525437303296, ""time_conf"": 0.3125637169739077, ""qc_flags"": ""ok""}, {""distance_vox"": 2.449489742783178, ""source_role"": ""context_wind"", ""z"": 11, ""y"": 247, ""x"": 509, ""u"": -0.5258585659198891, ""v"": -0.5750523097615888, ""base_weight"": 0.011829519190746833, ""time_conf"": 0.3125637169739077, ""qc_flags"": ""ok""}]",5,2.3066833646528724,2.021578597386517,default_timepower15_8_4_conservative_v2,33,697
20260218004200,gaussian,diagnostic_weighted,pydda_3dvar_proxy,diagnostic_adaptive_v3,8,4.0,2,1.0,True,False,20,247,507,34.400000000000006,113.6,10000.0,13.418729087126788,-8.714224560240426,16.0,13.576065063476562,-10.554244041442871,17.19597656122156,0.15733597634977414,-1.8400194812024449,0.15733597634977414,1.8400194812024449,1.8467339550293786,0.11542087218933617,1.0,1,1.0,2.9690378979908636,1,2,1.616532325744629,0.2567138671875,18.043434143066406,27,2.1183962292141385,1.7887572050094604,2.1183962292141385,0.19904142582528409,0.0579767500199182,True,False,0.7195364236831665,10.895634651184082,0.15003889799118042,0.7299092411994934,0.8424428701400757,0.5943533778190613,0.0,False,,0.0,context_wind,15.096070223017636,-9.80350263027048,0.053665926121863335,"[{""distance_vox"": 0.0, ""source_role"": ""context_wind"", ""z"": 20, ""y"": 247, ""x"": 507, ""u"": 15.096070223017636, ""v"": -9.80350263027048, ""base_weight"": 0.053665926121863335, ""time_conf"": 0.6883008091724281, ""qc_flags"": ""ok""}, {""distance_vox"": 1.0, ""source_role"": ""current_wind_train"", ""z"": 21, ""y"": 247, ""x"": 507, ""u"": 13.211481344768503, ""v"": -10.698446647847238, ""base_weight"": 0.5669373788524215, ""time_conf"": 1.0, ""qc_flags"": ""ok""}, {""distance_vox"": 1.0, ""source_role"": ""context_wind"", ""z"": 20, ""y"": 246, ""x"": 507, ""u"": 16.112913826972097, ""v"": -10.068466020430892, ""base_weight"": 0.01801953684608273, ""time_conf"": 0.45236385231635756, ""qc_flags"": ""ok""}]",5,2.3066833646528724,2.021578597386517,default_timepower15_8_4_conservative_v2,33,697
20260218004200,gaussian,diagnostic_weighted,pydda_3dvar_proxy,diagnostic_adaptive_v3,8,4.0,2,1.0,True,False,23,318,502,28.720000000000002,113.2,11500.0,-3.79644183598427,-7.604705544044323,8.499677465976582,-3.2140650749206543,-6.978158473968506,7.682767079226284,0.5823767610636157,0.6265470700758176,0.5823767610636157,0.6265470700758176,0.8554086291635941,0.10064012812106285,1.0,2,1.0,0.0,3,0,3.5391082763671875,0.3367271423339844,8.579754829406738,27,2.0805787090901977,0.6759697794914246,2.0805787090901977,1.585138883765801,0.1794388496721695,True,False,8.07343578338623,10.672293663024902,0.06868085265159607,1.0,0.8173617124557495,0.5621888637542725,0.0,False,,1.0,current_wind_train,-4.29295724882796,-7.906643675877629,0.973165761934816,"[{""distance_vox"": 1.0, ""source_role"": ""current_wind_train"", ""z"": 23, ""y"": 319, ""x"": 502, ""u"": -4.29295724882796, ""v"": -7.906643675877629, ""base_weight"": 0.973165761934816, ""time_conf"": 1.0, ""qc_flags"": ""ok""}, {""distance_vox"": 1.0, ""source_role"": ""current_wind_train"", ""z"": 24, ""y"": 318, ""x"": 502, ""u"": -0.24429647691750678, ""v"": -6.99573578913367, ""base_weight"": 0.5669373788524215, ""time_conf"": 1.0, ""qc_flags"": ""ok""}, {""distance_vox"": 2.0, ""source_role"": ""current_wind_train"", ""z"": 23, ""y"": 320, ""x"": 502, ""u"": -4.300415394543603, ""v"": -11.202965117966421, ""base_weight"": 0.5669373788524215, ""time_conf"": 1.0, ""qc_flags"": ""ok""}]",5,2.3066833646528724,2.021578597386517,default_timepower15_8_4_conservative_v2,33,697
20260125124200,gaussian,diagnostic_weighted,pydda_3dvar_proxy,diagnostic_adaptive_v3,8,4.0,2,1.0,True,False,9,248,515,34.32000000000001,114.24000000000001,4500.0,-6.9498584569783635,3.9320407272164184,7.985078387374935,-4.705359935760498,2.275977849960327,5.226900352844893,2.2444985212178654,-1.6560628772560912,2.2444985212178654,1.6560628772560912,2.78932211570749,0.3493168107300784,1.0,2,1.0,5.416837758638761,1,2,1.0185972452163696,0.0342564582824707,6.176165580749512,27,2.8297745430911028,1.8600025177001953,2.8297745430911028,0.7788109237869604,0.9293195980072948,True,False,0.5334309339523315,8.386578559875488,0.05000000074505806,1.0,0.7080540060997009,0.8442891836166382,0.0,False,,0.0,context_wind,-4.476306252525572,2.5789064522039764,0.013231449870901229,"[{""distance_vox"": 0.0, ""source_role"": ""context_wind"", ""z"": 9, ""y"": 248, ""x"": 515, ""u"": -4.476306252525572, ""v"": 2.5789064522039764, ""base_weight"": 0.013231449870901229, ""time_conf"": 0.3868560719472691, ""qc_flags"": ""ok""}, {""distance_vox"": 1.0, ""source_role"": ""current_wind_train"", ""z"": 10, ""y"": 248, ""x"": 515, ""u"": -8.01905871769531, ""v"": 4.08591449765592, ""base_weight"": 0.5669373788524215, ""time_conf"": 1.0, ""qc_flags"": ""ok""}, {""distance_vox"": 1.0, ""source_role"": ""context_wind"", ""z"": 10, ""y"": 248, ""x"": 515, ""u"": -2.7279934402499944, ""v"": 2.9254148064766823, ""base_weight"": 0.07695453640207563, ""time_conf"": 0.7906500072394963, ""qc_flags"": ""ok""}]",3,32.59671034886314,20.614991892831785,default_timepower15_8_4_conservative_v2,19,611
20260125124200,gaussian,diagnostic_weighted,pydda_3dvar_proxy,diagnostic_adaptive_v3,8,4.0,2,1.0,True,False,16,251,518,34.08,114.48,8000.0,-0.48384379119933546,1.940591452551993,2.0,2.006265163421631,0.8175510764122009,2.1664463225526664,2.4901089546209665,-1.123040376139792,2.4901089546209665,1.123040376139792,2.7316409523075555,1.3658204761537778,1.0,1,1.0,0.0,3,0,4.313672065734863,1.4002251625061035,6.416277885437012,27,3.6369499188882335,2.090585231781006,3.6369499188882335,1.7165500925773791,0.6410557205265497,True,False,2.6327931880950928,8.407302856445312,0.05000000074505806,1.0,0.7143339514732361,0.41244083642959595,0.0,False,,1.0,current_wind_train,-0.08715574274765817,-0.9961946980917455,0.5669373788524215,"[{""distance_vox"": 1.0, ""source_role"": ""current_wind_train"", ""z"": 15, ""y"": 251, ""x"": 518, ""u"": -0.08715574274765817, ""v"": -0.9961946980917455, ""base_weight"": 0.5669373788524215, ""time_conf"": 1.0, ""qc_flags"": ""ok""}, {""distance_vox"": 1.0, ""source_role"": ""current_wind_train"", ""z"": 17, ""y"": 251, ""x"": 518, ""u"": 3.8637033051562732, ""v"": 1.0352761804100825, ""base_weight"": 0.5669373788524215, ""time_conf"": 1.0, ""qc_flags"": ""ok""}, {""distance_vox"": 1.4142135623730951, ""source_role"": ""current_wind_train"", ""z"": 15, ""y"": 250, ""x"": 518, ""u"": 0.544639035015027, ""v"": -0.838670567945424, ""base_weight"": 0.5669373788524215, ""time_conf"": 1.0, ""qc_flags"": ""ok""}]",3,32.59671034886314,20.614991892831785,default_timepower15_8_4_conservative_v2,19,611
20260130174200,gaussian,diagnostic_weighted,pydda_3dvar_proxy,diagnostic_adaptive_v3,8,4.0,2,1.0,True,False,6,246,513,34.480000000000004,114.08,3000.0,9.61261695938319,2.756373558169989,10.000000000000002,5.239480018615723,-0.7292025089263916,5.289979883184619,-4.373136940767468,-3.4855760670963805,4.373136940767468,3.4855760670963805,5.5922774629143825,0.5592277462914381,1.0,1,1.0,0.0,3,0,0.41796407103538513,0.23064708709716797,5.126028537750244,27,5.702105910689743,5.063250541687012,5.716984895039312,0.3062891041083575,0.5290269212273708,True,False,9.107937812805176,10.444171905517578,0.055992886424064636,0.26116976141929626,0.39480462670326233,0.04584413394331932,0.0,False,,1.7320508075688772,current_wind_train,6.961653267577914,-0.7316992428735709,0.5669373788524215,"[{""distance_vox"": 1.7320508075688772, ""source_role"": ""current_wind_train"", ""z"": 7, ""y"": 247, ""x"": 514, ""u"": 6.961653267577914, ""v"": -0.7316992428735709, ""base_weight"": 0.5669373788524215, ""time_conf"": 1.0, ""qc_flags"": ""ok""}, {""distance_vox"": 2.449489742783178, ""source_role"": ""current_wind_train"", ""z"": 8, ""y"": 247, ""x"": 514, ""u"": 2.673019572565104, ""v"": -1.3619714992186398, ""base_weight"": 0.5669373788524215, ""time_conf"": 1.0, ""qc_flags"": ""ok""}, {""distance_vox"": 3.3166247903554, ""source_role"": ""current_wind_train"", ""z"": 9, ""y"": 247, ""x"": 514, ""u"": 5.84622038871141, ""v"": 1.3497063260631914, ""base_weight"": 0.5669373788524215, ""time_conf"": 1.0, ""qc_flags"": ""ok""}]",9,24.70519159998879,11.153619000166744,default_timepower15_8_4_conservative_v2;dense_current_stale_conflict_prefers_6_3,62,526
20260130174200,gaussian,diagnostic_weighted,pydda_3dvar_proxy,diagnostic_adaptive_v3,8,4.0,2,1.0,True,False,10,321,504,28.480000000000004,113.36,5000.0,36.94929278591923,1.9364303809889394,37.0,38.74696350097656,1.6072900295257568,38.78028573624778,1.797670715057329,-0.32914035146318255,1.797670715057329,0.32914035146318255,1.8275539310061513,0.049393349486652735,1.0,1,1.0,0.0,3,0,5.244825839996338,0.33599090576171875,43.334407806396484,27,3.9039262665642633,1.401720643043518,3.9039262665642633,1.870495833200209,0.4258332879626332,True,True,35.68567657470703,8.435882568359375,0.05000000074505806,0.9305866360664368,0.5117783546447754,0.04598313942551613,0.0436839833855629,True,role_conflict_triggered_at_holdout_voxel,1.0,current_wind_train,44.972587215859306,1.5704773516125343,0.5669373788524215,"[{""distance_vox"": 1.0, ""source_role"": ""current_wind_train"", ""z"": 11, ""y"": 321, ""x"": 504, ""u"": 44.972587215859306, ""v"": 1.5704773516125343, ""base_weight"": 0.5669373788524215, ""time_conf"": 1.0, ""qc_flags"": ""ok""}, {""distance_vox"": 1.4142135623730951, ""source_role"": ""current_wind_train"", ""z"": 9, ""y"": 321, ""x"": 503, ""u"": 33.97928811864926, ""v"": 1.186582887885026, ""base_weight"": 0.5669373788524215, ""time_conf"": 1.0, ""qc_flags"": ""ok""}, {""distance_vox"": 1.4142135623730951, ""source_role"": ""current_wind_train"", ""z"": 11, ""y"": 320, ""x"": 504, ""u"": 44.93832906395582, ""v"": 2.355118030932494, ""base_weight"": 0.5669373788524215, ""time_conf"": 1.0, ""qc_flags"": ""ok""}]",9,24.70519159998879,11.153619000166744,default_timepower15_8_4_conservative_v2;dense_current_stale_conflict_prefers_6_3,62,526
20260130174200,gaussian,diagnostic_weighted,pydda_3dvar_proxy,diagnostic_adaptive_v3,8,4.0,2,1.0,True,False,14,319,504,28.640000000000004,113.36,7000.0,46.83035201817084,7.849983761598617,47.48372474020082,44.324745178222656,10.561863899230957,45.565732783971015,-2.505606839948186,2.71188013763234,2.505606839948186,2.71188013763234,3.6922025292878957,0.0777572220690175,1.0,2,1.0,0.0,3,0,4.019052505493164,0.2625694274902344,47.74918746948242,27,3.9997331742887146,3.5851218700408936,3.9997331742887146,0.4752223625519928,0.10708065924700216,True,True,32.099609375,9.568483352661133,0.05000000074505806,0.5877816081047058,0.43347397446632385,0.025753529742360115,0.024465853348374367,True,role_conflict_triggered_at_holdout_voxel,1.0,current_wind_train,43.331541132537154,7.640519817344934,0.5669373788524215,"[{""distance_vox"": 1.0, ""source_role"": ""current_wind_train"", ""z"": 13, ""y"": 319, ""x"": 504, ""u"": 43.331541132537154, ""v"": 7.640519817344934, ""base_weight"": 0.5669373788524215, ""time_conf"": 1.0, ""qc_flags"": ""ok""}, {""distance_vox"": 1.4142135623730951, ""source_role"": ""current_wind_train"", ""z"": 15, ""y"": 318, ""x"": 504, ""u"": 44.699656265872214, ""v"": 14.523798735622535, ""base_weight"": 0.5669373788524215, ""time_conf"": 1.0, ""qc_flags"": ""ok""}, {""distance_vox"": 2.23606797749979, ""source_role"": ""current_wind_train"", ""z"": 12, ""y"": 320, ""x"": 504, ""u"": 42.67948452057685, ""v"": 5.240381766421328, ""base_weight"": 0.5669373788524215, ""time_conf"": 1.0, ""qc_flags"": ""ok""}]",9,24.70519159998879,11.153619000166744,default_timepower15_8_4_conservative_v2;dense_current_stale_conflict_prefers_6_3,62,526
20260130174200,gaussian,diagnostic_weighted,pydda_3dvar_proxy,diagnostic_adaptive_v3,8,4.0,2,1.0,True,False,18,252,518,34.0,114.48,9000.0,33.47066645870624,-10.233009665295786,35.0,32.49635314941406,-9.614859580993652,33.88891400994813,-0.9743133092921781,0.6181500843021333,0.9743133092921781,0.6181500843021333,1.1538613224242376,0.032967466354978214,1.0,1,1.0,0.0,3,0,2.6559650897979736,0.08048248291015625,36.22812271118164,27,2.101269198788537,0.9163671135902405,2.101269198788537,1.121344453467766,0.23749420883399708,True,True,33.71596908569336,8.364198684692383,0.05000000074505806,1.0,0.41281595826148987,0.051723480224609375,0.04913730546832085,True,role_conflict_triggered_at_holdout_voxel,1.0,current_wind_train,33.644159357841154,-9.647307453594978,0.5669373788524215,"[{""distance_vox"": 1.0, ""source_role"": ""current_wind_train"", ""z"": 18, ""y"": 252, ""x"": 519, ""u"": 33.644159357841154, ""v"": -9.647307453594978, ""base_weight"": 0.5669373788524215, ""time_conf"": 1.0, ""qc_flags"": ""ok""}, {""distance_vox"": 1.4142135623730951, ""source_role"": ""current_wind_train"", ""z"": 17, ""y"": 251, ""x"": 518, ""u"": 28.210582001025706, ""v"": -8.48802226449121, ""base_weight"": 0.973165761934816, ""time_conf"": 1.0, ""qc_flags"": ""ok""}, {""distance_vox"": 1.4142135623730951, ""source_role"": ""current_wind_train"", ""z"": 18, ""y"": 253, ""x"": 519, ""u"": 34.42697121466927, ""v"": -10.525381370018522, ""base_weight"": 0.5669373788524215, ""time_conf"": 1.0, ""qc_flags"": ""ok""}]",9,24.70519159998879,11.153619000166744,default_timepower15_8_4_conservative_v2;dense_current_stale_conflict_prefers_6_3,62,526
20260130174200,gaussian,diagnostic_weighted,pydda_3dvar_proxy,diagnostic_adaptive_v3,8,4.0,2,1.0,True,False,21,254,519,33.84,114.56,10500.0,36.52794444565611,-10.474219521045976,38.0,44.152652740478516,-3.6524264812469482,44.303464460719084,7.624708294822405,6.821793039799028,7.624708294822405,6.821793039799028,10.23098415886683,0.26923642523333763,1.0,1,1.0,0.0,3,0,5.7043938636779785,1.3132591247558594,45.172508239746094,27,9.036610479708072,3.7893261909484863,9.036610479708072,3.3037414758092654,6.441657967918344,True,True,44.785491943359375,9.216974258422852,0.05000000074505806,1.0,0.4205561876296997,0.05145055428147316,0.0488780252635479,True,role_conflict_triggered_at_holdout_voxel,1.0,current_wind_train,36.7051813989846,-9.835123713895772,0.5669373788524215,"[{""distance_vox"": 1.0, ""source_role"": ""current_wind_train"", ""z"": 20, ""y"": 254, ""x"": 519, ""u"": 36.7051813989846, ""v"": -9.835123713895772, ""base_weight"": 0.5669373788524215, ""time_conf"": 1.0, ""qc_flags"": ""ok""}, {""distance_vox"": 1.4142135623730951, ""source_role"": ""current_wind_train"", ""z"": 21, ""y"": 255, ""x"": 520, ""u"": 45.60389913497184, ""v"": -11.37032909318437, ""base_weight"": 0.5669373788524215, ""time_conf"": 1.0, ""qc_flags"": ""ok""}, {""distance_vox"": 1.7320508075688772, ""source_role"": ""current_wind_train"", ""z"": 22, ""y"": 255, ""x"": 520, ""u"": 49.878202512991216, ""v"": -3.487823687206261, ""base_weight"": 0.5669373788524215, ""time_conf"": 1.0, ""qc_flags"": ""ok""}]",9,24.70519159998879,11.153619000166744,default_timepower15_8_4_conservative_v2;dense_current_stale_conflict_prefers_6_3,62,526
20260130174200,gaussian,diagnostic_weighted,pydda_3dvar_proxy,diagnostic_adaptive_v3,8,4.0,2,1.0,True,False,22,259,522,33.440000000000005,114.8,11000.0,42.44557050131873,-1.840112687028217,42.48543832754207,43.163002014160156,-0.8844904899597168,43.17206349366709,0.7174315128414293,0.9556221970685002,0.7174315128414293,0.9556221970685002,1.1949568022100086,0.02812626747539881,1.0,2,1.0,0.0,3,0,0.6881699562072754,0.039676666259765625,43.14707946777344,27,1.1224646259237219,0.5804513692855835,1.1224646259237219,0.31543306467785776,0.614505432924425,True,True,33.875396728515625,10.086495399475098,0.05000000074505806,1.0,0.49166324734687805,0.0074563357047736645,0.007083518896251917,True,role_conflict_triggered_at_holdout_voxel,1.0,current_wind_train,42.973805561821116,-1.5006783582075551,0.5669373788524215,"[{""distance_vox"": 1.0, ""source_role"": ""current_wind_train"", ""z"": 22, ""y"": 258, ""x"": 522, ""u"": 42.973805561821116, ""v"": -1.5006783582075551, ""base_weight"": 0.5669373788524215, ""time_conf"": 1.0, ""qc_flags"": ""ok""}, {""distance_vox"": 1.0, ""source_role"": ""current_wind_train"", ""z"": 22, ""y"": 259, ""x"": 523, ""u"": 41.9424404596921, ""v"": -2.198110162203646, ""base_weight"": 0.5669373788524215, ""time_conf"": 1.0, ""qc_flags"": ""ok""}, {""distance_vox"": 1.4142135623730951, ""source_role"": ""current_wind_train"", ""z"": 22, ""y"": 258, ""x"": 521, ""u"": 44.0, ""v"": 8.082668874372531e-15, ""base_weight"": 0.5669373788524215, ""time_conf"": 1.0, ""qc_flags"": ""ok""}]",9,24.70519159998879,11.153619000166744,default_timepower15_8_4_conservative_v2;dense_current_stale_conflict_prefers_6_3,62,526
20260130174200,gaussian,diagnostic_weighted,pydda_3dvar_proxy,diagnostic_adaptive_v3,8,4.0,2,1.0,True,False,22,263,528,33.120000000000005,115.28,11000.0,42.0,7.715274834628325e-15,42.0,41.39109802246094,-0.7197349667549133,41.39735515618528,-0.6089019775390625,-0.719734966754921,0.6089019775390625,0.719734966754921,0.942751314303347,0.022446459864365404,1.0,1,1.0,0.0,3,0,0.03465123474597931,0.0041351318359375,41.41070556640625,27,0.9500624691998517,0.8503285050392151,0.9500624691998517,0.041018287357758754,0.09242280926413193,False,False,0.0,11.82499885559082,0.15142855048179626,1.0,1.0,0.0,0.0,False,,1.4142135623730951,current_wind_train,41.99680159828422,-0.3665005351829419,0.973165761934816,"[{""distance_vox"": 1.4142135623730951, ""source_role"": ""current_wind_train"", ""z"": 22, ""y"": 262, ""x"": 527, ""u"": 41.99680159828422, ""v"": -0.3665005351829419, ""base_weight"": 0.973165761934816, ""time_conf"": 1.0, ""qc_flags"": ""ok""}, {""distance_vox"": 2.23606797749979, ""source_role"": ""current_wind_train"", ""z"": 22, ""y"": 262, ""x"": 526, ""u"": 40.975023907782926, ""v"": -1.4308793648025526, ""base_weight"": 0.5669373788524215, ""time_conf"": 1.0, ""qc_flags"": ""ok""}, {""distance_vox"": 2.8284271247461903, ""source_role"": ""current_wind_train"", ""z"": 22, ""y"": 261, ""x"": 526, ""u"": 40.0, ""v"": 7.347880794884118e-15, ""base_weight"": 0.5669373788524215, ""time_conf"": 1.0, ""qc_flags"": ""ok""}]",9,24.70519159998879,11.153619000166744,default_timepower15_8_4_conservative_v2;dense_current_stale_conflict_prefers_6_3,62,526
20260130174200,gaussian,diagnostic_weighted,pydda_3dvar_proxy,diagnostic_adaptive_v3,8,4.0,2,1.0,True,False,22,306,507,29.680000000000003,113.6,11000.0,58.844848109803664,8.79000974748879,59.497734582308354,61.07602310180664,10.39415168762207,61.95416844117686,2.231174992002977,1.60414194013328,2.231174992002977,1.60414194013328,2.747983480487837,0.046186354821397685,1.0,2,1.0,0.0,3,0,0.07446715980768204,0.02544403076171875,62.024818420410156,27,2.756176612995289,1.8225873708724976,2.756176612995289,0.5712217207632664,0.9253961096153396,False,False,0.0,11.82499885559082,0.15142855048179626,1.0,1.0,0.0,0.0,False,,1.0,current_wind_train,59.86347813697501,11.671839501933878,0.973165761934816,"[{""distance_vox"": 1.0, ""source_role"": ""current_wind_train"", ""z"": 22, ""y"": 307, ""x"": 507, ""u"": 59.86347813697501, ""v"": 11.671839501933878, ""base_weight"": 0.973165761934816, ""time_conf"": 1.0, ""qc_flags"": ""ok""}, {""distance_vox"": 1.4142135623730951, ""source_role"": ""current_wind_train"", ""z"": 22, ""y"": 305, ""x"": 508, ""u"": 59.83382631447202, ""v"": 8.937813530488938, ""base_weight"": 0.973165761934816, ""time_conf"": 1.0, ""qc_flags"": ""ok""}, {""distance_vox"": 2.0, ""source_role"": ""current_wind_train"", ""z"": 22, ""y"": 308, ""x"": 507, ""u"": 62.4805652966093, ""v"": 13.851607845172001, ""base_weight"": 0.973165761934816, ""time_conf"": 1.0, ""qc_flags"": ""ok""}]",9,24.70519159998879,11.153619000166744,default_timepower15_8_4_conservative_v2;dense_current_stale_conflict_prefers_6_3,62,526
20260202054200,gaussian,diagnostic_weighted,pydda_3dvar_proxy,diagnostic_adaptive_v3,8,4.0,2,1.0,True,False,20,382,510,23.600000000000005,113.84,10000.0,3.6319239979163758,-7.128052193506942,8.0,7.845472812652588,-11.797367095947266,14.16789730519706,4.213548814736212,-4.669314902440323,4.213548814736212,4.669314902440323,6.289395461593763,0.7861744326992204,0.5137959718704224,1,1.0,0.0,0,3,1.8693002462387085,0.03441429138183594,14.429526329040527,27,6.266096909840901,5.444140911102295,6.309616450134682,0.49783068941762193,0.8452545504914681,False,False,0.0,12.438302040100098,0.18516677618026733,0.0,0.40176212787628174,0.07973229885101318,0.0,True,context_only_nearest_support,1.4142135623730951,context_wind,2.623859121418187,-1.454428860739012,0.007173121840749518,"[{""distance_vox"": 1.4142135623730951, ""source_role"": ""context_wind"", ""z"": 20, ""y"": 381, ""x"": 509, ""u"": 2.623859121418187, ""v"": -1.454428860739012, ""base_weight"": 0.007173121840749518, ""time_conf"": 0.3174154911790179, ""qc_flags"": ""ok""}, {""distance_vox"": 3.0, ""source_role"": ""context_wind"", ""z"": 19, ""y"": 380, ""x"": 508, ""u"": -0.7071067811865476, ""v"": 0.7071067811865475, ""base_weight"": 0.005103510728355253, ""time_conf"": 0.27846261478923423, ""qc_flags"": ""ok""}, {""distance_vox"": 3.3166247903554, ""source_role"": ""context_wind"", ""z"": 21, ""y"": 379, ""x"": 509, ""u"": 11.509436805418419, ""v"": -11.114533927343956, ""base_weight"": 0.004135772108706528, ""time_conf"": 0.25683057892839417, ""qc_flags"": ""ok""}]",1,6.289395461593763,6.289395461593763,default_timepower15_8_4_conservative_v2,1,802
20260205015400,gaussian,diagnostic_weighted,pydda_3dvar_proxy,diagnostic_adaptive_v3,10,5.0,2,1.0,True,False,14,253,521,33.92,114.72,7000.0,-4.1679502227539835,-4.316038802031907,6.0,-2.043661594390869,-3.2803995609283447,3.8649157806771295,2.1242886283631144,1.0356392411035626,2.1242886283631144,1.0356392411035626,2.363292367504792,0.39388206125079867,1.0,1,1.0,1.9353751647973412,2,1,0.9537709951400757,0.022975921630859375,4.266390800476074,27,2.4674283619280213,1.7071198225021362,2.4674283619280213,0.6257809390764228,0.6561725450026556,True,False,0.4921741485595703,10.081546783447266,0.15841391682624817,0.7264695167541504,0.9253565073013306,0.825494647026062,0.0,False,,1.0,current_wind_train,-2.82842712474619,-2.8284271247461903,0.5669373788524215,"[{""distance_vox"": 1.0, ""source_role"": ""current_wind_train"", ""z"": 15, ""y"": 253, ""x"": 521, ""u"": -2.82842712474619, ""v"": -2.8284271247461903, ""base_weight"": 0.5669373788524215, ""time_conf"": 1.0, ""qc_flags"": ""ok""}, {""distance_vox"": 1.0, ""source_role"": ""context_wind"", ""z"": 13, ""y"": 253, ""x"": 521, ""u"": -2.82842712474619, ""v"": -2.8284271247461903, ""base_weight"": 0.12952130177649088, ""time_conf"": 0.9659363289248456, ""qc_flags"": ""ok""}, {""distance_vox"": 1.4142135623730951, ""source_role"": ""current_wind_train"", ""z"": 15, ""y"": 254, ""x"": 521, ""u"": -1.169486818890947, ""v"": -3.8252190238521417, ""base_weight"": 0.5669373788524215, ""time_conf"": 1.0, ""qc_flags"": ""ok""}]",3,3.4333534217378356,3.109145577685952,default_timepower15_8_4_conservative_v2;moderate_current_support_fresh_context_prefers_10_5,15,549
20260205015400,gaussian,diagnostic_weighted,pydda_3dvar_proxy,diagnostic_adaptive_v3,10,5.0,2,1.0,True,False,19,256,522,33.68000000000001,114.8,9500.0,-2.571150438746157,-3.064177772475912,3.9999999999999996,-2.2089052200317383,-1.281201958656311,2.5535741089594852,0.3622452187144187,1.782975813819601,0.3622452187144187,1.782975813819601,1.8194021960927511,0.45485054902318783,1.0,1,1.0,0.0,3,0,1.1387156248092651,0.09903430938720703,2.9782845973968506,27,2.19322849644555,1.8014007806777954,2.19322849644555,0.35821761439091404,0.0180014154149557,True,True,39.266082763671875,9.321296691894531,0.05000000074505806,1.0,0.7413021922111511,0.7919201850891113,0.7523241639137268,True,role_conflict_triggered_at_holdout_voxel,1.0,current_wind_train,-4.373098535696979,-2.4240481012316857,0.5669373788524215,"[{""distance_vox"": 1.0, ""source_role"": ""current_wind_train"", ""z"": 19, ""y"": 255, ""x"": 522, ""u"": -4.373098535696979, ""v"": -2.4240481012316857, ""base_weight"": 0.5669373788524215, ""time_conf"": 1.0, ""qc_flags"": ""ok""}, {""distance_vox"": 1.0, ""source_role"": ""current_wind_train"", ""z"": 20, ""y"": 256, ""x"": 522, ""u"": -0.9998476951563913, ""v"": 0.017452406437283477, ""base_weight"": 0.5669373788524215, ""time_conf"": 1.0, ""qc_flags"": ""ok""}, {""distance_vox"": 1.4142135623730951, ""source_role"": ""current_wind_train"", ""z"": 18, ""y"": 255, ""x"": 522, ""u"": -4.0, ""v"": -2.4492935982947064e-16, ""base_weight"": 0.5669373788524215, ""time_conf"": 1.0, ""qc_flags"": ""ok""}]",3,3.4333534217378356,3.109145577685952,default_timepower15_8_4_conservative_v2;moderate_current_support_fresh_context_prefers_10_5,15,549
20260208151800,gaussian,diagnostic_weighted,pydda_3dvar_proxy,diagnostic_adaptive_v3,10,5.0,2,1.0,True,False,6,244,508,34.64,113.68,3000.0,7.727996218440204,17.357363695209415,18.999999999999996,3.0460007190704346,10.015386581420898,10.46833743991296,-4.681995499369769,-7.341977113788516,4.681995499369769,7.341977113788516,8.707795920639914,0.45830504845473236,1.0,1,1.0,6.849948189706995,1,2,0.78412264585495,0.2563505172729492,10.597108840942383,27,8.954158641673901,8.59800910949707,8.964602650318882,0.259683979387486,0.10978681114284328,True,False,3.1232008934020996,8.962767601013184,0.05000000074505806,0.6324329376220703,0.4602341949939728,0.18064939975738525,0.0,False,,0.0,context_wind,-2.4805549766385835,8.369928187438664,0.04718169213259404,"[{""distance_vox"": 0.0, ""source_role"": ""context_wind"", ""z"": 6, ""y"": 244, ""x"": 508, ""u"": -2.4805549766385835, ""v"": 8.369928187438664, ""base_weight"": 0.04718169213259404, ""time_conf"": 0.5018087836472316, ""qc_flags"": ""ok""}, {""distance_vox"": 1.0, ""source_role"": ""context_wind"", ""z"": 6, ""y"": 244, ""x"": 507, ""u"": 3.4487747883177495, ""v"": 16.385133126668414, ""base_weight"": 0.031486813687556695, ""time_conf"": 0.3844439401619398, ""qc_flags"": ""ok""}, {""distance_vox"": 1.4142135623730951, ""source_role"": ""current_wind_train"", ""z"": 7, ""y"": 244, ""x"": 507, ""u"": 4.120672527575032, ""v"": 10.19902240023466, ""base_weight"": 0.5669373788524215, ""time_conf"": 1.0, ""qc_flags"": ""ok""}]",3,7.172714049066334,6.488240250724377,default_timepower15_8_4_conservative_v2;moderate_current_support_fresh_context_prefers_10_5,15,1110
20260208151800,gaussian,diagnostic_weighted,pydda_3dvar_proxy,diagnostic_adaptive_v3,10,5.0,2,1.0,True,False,15,247,508,34.400000000000006,113.68,7500.0,7.4564936725636,10.648976575756894,13.000000000000002,5.3097734451293945,10.37391185760498,11.653829467945654,-2.146720227434206,-0.27506471815191347,2.146720227434206,0.27506471815191347,2.164270855056538,0.16648237346588754,1.0,1,1.0,23.762332802079445,1,2,5.667250633239746,2.9006824493408203,11.088827133178711,27,4.188317696253459,2.027116298675537,4.188317696253459,2.3490591802638185,0.13715455638100105,True,True,12.999162673950195,8.572441101074219,0.05000000074505806,0.909074068069458,0.6658728718757629,1.02982759475708,0.9783362150192261,True,role_conflict_triggered_at_holdout_voxel,1.4142135623730951,current_wind_train,7.418869699264867,11.872673346189965,0.5669373788524215,"[{""distance_vox"": 1.4142135623730951, ""source_role"": ""current_wind_train"", ""z"": 14, ""y"": 247, ""x"": 507, ""u"": 7.418869699264867, ""v"": 11.872673346189965, ""base_weight"": 0.5669373788524215, ""time_conf"": 1.0, ""qc_flags"": ""ok""}, {""distance_vox"": 1.4142135623730951, ""source_role"": ""context_wind"", ""z"": 16, ""y"": 247, ""x"": 507, ""u"": 4.239354113865638, ""v"": 6.7843847692514085, ""base_weight"": 0.060516968001352076, ""time_conf"": 0.7208533921789657, ""qc_flags"": ""ok""}, {""distance_vox"": 1.4142135623730951, ""source_role"": ""context_wind"", ""z"": 14, ""y"": 247, ""x"": 509, ""u"": -14.672214011007085, ""v"": 3.1186753622663903, ""base_weight"": 0.07618790211547989, ""time_conf"": 0.7876112128976197, ""qc_flags"": ""ok""}]",3,7.172714049066334,6.488240250724377,default_timepower15_8_4_conservative_v2;moderate_current_support_fresh_context_prefers_10_5,15,1110
20260213004200,gaussian,diagnostic_weighted,pydda_3dvar_proxy,diagnostic_adaptive_v3,10,5.0,2,1.0,True,False,20,393,518,22.720000000000006,114.48,10000.0,13.106432708623869,-9.177222981616737,15.999999999999998,14.653799057006836,-2.8201541900634766,14.922704059883618,1.5473663483829672,6.35706879155326,1.5473663483829672,6.35706879155326,6.54268035568363,0.4089175222302269,0.4164390563964844,1,1.0,0.0,0,3,3.853921413421631,0.09862136840820312,18.628925323486328,27,7.2280563248528376,6.509173393249512,6.872908875227116,0.8741427495017197,0.033506962434118215,False,False,0.0,13.543203353881836,0.3383411765098572,0.0,0.7081109285354614,0.09761268645524979,0.0,True,context_only_nearest_support,5.0990195135927845,context_wind,11.95433637710095,-1.0458689129718945,0.05642085766854281,"[{""distance_vox"": 5.0990195135927845, ""source_role"": ""context_wind"", ""z"": 20, ""y"": 394, ""x"": 513, ""u"": 11.95433637710095, ""v"": -1.0458689129718945, ""base_weight"": 0.05642085766854281, ""time_conf"": 0.7016818199634473, ""qc_flags"": ""ok""}, {""distance_vox"": 5.385164807134504, ""source_role"": ""context_wind"", ""z"": 22, ""y"": 393, ""x"": 513, ""u"": 21.62838815861217, ""v"": -6.201840505882487, ""base_weight"": 0.084975184649851, ""time_conf"": 0.5710676319017206, ""qc_flags"": ""ok""}, {""distance_vox"": 6.164414002968976, ""source_role"": ""context_wind"", ""z"": 21, ""y"": 394, ""x"": 512, ""u"": 23.637964389982923, ""v"": -8.139203861428907, ""base_weight"": 0.1386862491607945, ""time_conf"": 0.8091845686641559, ""qc_flags"": ""ok""}]",1,6.54268035568363,6.54268035568363,default_timepower15_8_4_conservative_v2;low_current_but_stable_context_prefers_10_5,0,450
20260218021200,gaussian,diagnostic_weighted,pydda_3dvar_proxy,diagnostic_adaptive_v3,8,4.0,2,1.0,True,False,4,327,503,28.000000000000004,113.28,2000.0,-4.962730758206611,0.6093467170257368,5.000000000000001,-5.334221839904785,0.11523903161287308,5.335466490544595,-0.37149108169817424,-0.49410768541286376,0.37149108169817424,0.49410768541286376,0.6181812263125896,0.1236362452625179,0.6991207599639893,1,1.0,0.0,0,3,0.39190149307250977,0.01504373550415039,5.385422706604004,27,0.6386188632912106,0.3880739212036133,0.5826835342275333,0.1947235243478964,0.23010730510897637,False,False,0.0,12.315389633178711,0.35614344477653503,0.0,0.812286913394928,0.23141619563102722,0.0,True,context_only_nearest_support,0.0,context_wind,-5.290311365686698,-0.5121902912920387,0.1406631787180466,"[{""distance_vox"": 0.0, ""source_role"": ""context_wind"", ""z"": 4, ""y"": 327, ""x"": 503, ""u"": -5.290311365686698, ""v"": -0.5121902912920387, ""base_weight"": 0.1406631787180466, ""time_conf"": 0.7934279631723989, ""qc_flags"": ""ok""}, {""distance_vox"": 1.0, ""source_role"": ""context_wind"", ""z"": 5, ""y"": 327, ""x"": 503, ""u"": -5.991777208527443, ""v"": 0.31401573745766304, ""base_weight"": 0.11371413630145333, ""time_conf"": 0.9187713517408406, ""qc_flags"": ""ok""}, {""distance_vox"": 1.4142135623730951, ""source_role"": ""context_wind"", ""z"": 5, ""y"": 327, ""x"": 502, ""u"": -3.5355339059327378, ""v"": 3.535533905932737, ""base_weight"": 0.03705226996279223, ""time_conf"": 0.5968976816791352, ""qc_flags"": ""ok""}]",6,4.192221093531228,3.4543377294631177,default_timepower15_8_4_conservative_v2,41,752
20260218021200,gaussian,diagnostic_weighted,pydda_3dvar_proxy,diagnostic_adaptive_v3,8,4.0,2,1.0,True,False,20,237,512,35.2,114.0,10000.0,15.103689385196109,-18.651503074967295,24.0,10.924883842468262,-11.990119934082031,16.22085272126886,-4.178805542727847,6.661383140885263,4.178805542727847,6.661383140885263,7.863615015602137,0.327650625650089,0.5452800393104553,1,1.0,18.190924409646566,2,1,6.037435531616211,2.6981887817382812,20.912736892700195,27,7.244997889907272,6.036044120788574,7.261863450745771,0.545078628575744,1.8275708948135625,True,False,5.200411796569824,13.171597480773926,0.3075229823589325,0.10904181003570557,0.7228037118911743,0.10612732917070389,0.0,False,,2.23606797749979,current_wind_train,10.065472262473438,-14.922676305990754,0.5669373788524215,"[{""distance_vox"": 2.23606797749979, ""source_role"": ""current_wind_train"", ""z"": 18, ""y"": 238, ""x"": 512, ""u"": 10.065472262473438, ""v"": -14.922676305990754, ""base_weight"": 0.5669373788524215, ""time_conf"": 1.0, ""qc_flags"": ""ok""}, {""distance_vox"": 3.1622776601683795, ""source_role"": ""current_wind_train"", ""z"": 23, ""y"": 236, ""x"": 512, ""u"": 19.151111077974452, ""v"": -16.06969024216348, ""base_weight"": 0.5669373788524215, ""time_conf"": 1.0, ""qc_flags"": ""ok""}, {""distance_vox"": 4.58257569495584, ""source_role"": ""context_wind"", ""z"": 19, ""y"": 241, ""x"": 510, ""u"": 1.7207791154425423, ""v"": -10.864571746546515, ""base_weight"": 0.00894064499554136, ""time_conf"": 0.345478219991944, ""qc_flags"": ""ok""}]",6,4.192221093531228,3.4543377294631177,default_timepower15_8_4_conservative_v2,41,752
20260218021200,gaussian,diagnostic_weighted,pydda_3dvar_proxy,diagnostic_adaptive_v3,8,4.0,2,1.0,True,False,23,375,508,24.160000000000004,113.68,11500.0,5.996344962114574,0.20939698021500458,6.0,10.671360969543457,0.5069684386253357,10.683396554469823,4.675016007428883,0.2975714584103311,4.675016007428883,0.2975714584103311,4.684476859007496,0.780746143167916,1.0,2,1.0,3.8800057530302716,2,1,1.6551837921142578,0.28137779235839844,12.300936698913574,27,4.888140475308454,3.0583231449127197,4.888140475308454,1.1455785094727178,1.6261537140947766,True,False,4.155714988708496,10.898248672485352,0.10291644930839539,1.0,0.8858329057693481,1.7369351387023926,0.0,False,,0.0,context_wind,11.0685819366159,1.9479416767532147,0.16927647829292478,"[{""distance_vox"": 0.0, ""source_role"": ""context_wind"", ""z"": 23, ""y"": 375, ""x"": 508, ""u"": 11.0685819366159, ""v"": 1.9479416767532147, ""base_weight"": 0.16927647829292478, ""time_conf"": 0.8972618694910102, ""qc_flags"": ""ok""}, {""distance_vox"": 1.0, ""source_role"": ""current_wind_train"", ""z"": 23, ""y"": 375, ""x"": 509, ""u"": 7.995126616152766, ""v"": 0.2791959736200061, ""base_weight"": 0.5669373788524215, ""time_conf"": 1.0, ""qc_flags"": ""ok""}, {""distance_vox"": 1.0, ""source_role"": ""current_wind_train"", ""z"": 23, ""y"": 376, ""x"": 508, ""u"": 7.480824407690751, ""v"": 0.4706331249642135, ""base_weight"": 0.973165761934816, ""time_conf"": 1.0, ""qc_flags"": ""ok""}]",6,4.192221093531228,3.4543377294631177,default_timepower15_8_4_conservative_v2,41,752
20260125124800,gaussian,diagnostic_weighted,pydda_3dvar_proxy,diagnostic_adaptive_v3,8,4.0,2,1.0,True,False,4,246,512,34.480000000000004,114.0,2000.0,-11.279289578319114,2.566735149306663,11.567648971085891,-10.138537406921387,3.7559733390808105,10.811904387083253,1.140752171397727,1.1892381897741475,1.140752171397727,1.1892381897741475,1.6479086711847597,0.14245839196052865,1.0,3,1.0,4.632614475108398,1,2,1.1231721639633179,0.18890857696533203,11.19660758972168,27,1.835971713066101,1.1011236906051636,1.835971713066101,0.6618684896618774,0.5467849805795961,True,False,2.290909767150879,8.382024765014648,0.05000000074505806,1.0,0.7066741585731506,0.6925981640815735,0.0,False,,0.0,context_wind,-8.813266226444428,0.1806559741255551,0.0712741200072607,"[{""distance_vox"": 0.0, ""source_role"": ""context_wind"", ""z"": 4, ""y"": 246, ""x"": 512, ""u"": -8.813266226444428, ""v"": 0.1806559741255551, ""base_weight"": 0.0712741200072607, ""time_conf"": 0.5684651203312946, ""qc_flags"": ""ok""}, {""distance_vox"": 1.0, ""source_role"": ""current_wind_train"", ""z"": 4, ""y"": 246, ""x"": 513, ""u"": -11.276311449430901, ""v"": 4.104241719908025, ""base_weight"": 0.5669373788524215, ""time_conf"": 1.0, ""qc_flags"": ""ok""}, {""distance_vox"": 1.0, ""source_role"": ""context_wind"", ""z"": 5, ""y"": 246, ""x"": 512, ""u"": -8.350643485751924, ""v"": 1.0498697899270224, ""base_weight"": 0.0749813038737061, ""time_conf"": 0.6213667095588719, ""qc_flags"": ""ok""}]",5,2.486429423933633,2.314718229623076,default_timepower15_8_4_conservative_v2,30,601
20260125124800,gaussian,diagnostic_weighted,pydda_3dvar_proxy,diagnostic_adaptive_v3,8,4.0,2,1.0,True,False,9,248,515,34.32000000000001,114.24000000000001,4500.0,-6.9498584569783635,3.9320407272164184,7.985078387374935,-5.572206497192383,3.370137929916382,6.512089903710949,1.3776519597859807,-0.5619027973000366,1.3776519597859807,0.5619027973000366,1.4878372477914912,0.18632719374976758,1.0,2,1.0,5.416837758638761,1,2,2.0377397537231445,0.29032421112060547,7.947397708892822,27,1.8639354352597837,0.5722125768661499,1.8639354352597837,1.2157120189923392,0.9156246709253413,True,False,4.119001865386963,8.175223350524902,0.05000000074505806,1.0,0.6440070271492004,0.6608607172966003,0.0,False,,0.0,context_wind,-3.2860259911195255,3.629238045205948,0.017721453273481538,"[{""distance_vox"": 0.0, ""source_role"": ""context_wind"", ""z"": 9, ""y"": 248, ""x"": 515, ""u"": -3.2860259911195255, ""v"": 3.629238045205948, ""base_weight"": 0.017721453273481538, ""time_conf"": 0.44225434567888344, ""qc_flags"": ""ok""}, {""distance_vox"": 1.0, ""source_role"": ""current_wind_train"", ""z"": 10, ""y"": 248, ""x"": 515, ""u"": -8.01905871769531, ""v"": 4.08591449765592, ""base_weight"": 0.5669373788524215, ""time_conf"": 1.0, ""qc_flags"": ""ok""}, {""distance_vox"": 1.0, ""source_role"": ""context_wind"", ""z"": 10, ""y"": 248, ""x"": 515, ""u"": -2.7279934402499944, ""v"": 2.925414806476682, ""base_weight"": 0.08171908448288782, ""time_conf"": 0.8091305751159615, ""qc_flags"": ""ok""}]",5,2.486429423933633,2.314718229623076,default_timepower15_8_4_conservative_v2,30,601
20260125124800,gaussian,diagnostic_weighted,pydda_3dvar_proxy,diagnostic_adaptive_v3,8,4.0,2,1.0,True,False,15,250,518,34.160000000000004,114.48,7500.0,0.544639035015027,-0.838670567945424,1.0,0.6019968390464783,0.8061266541481018,1.0061015737737242,0.0573578040314513,1.6447972220935259,0.0573578040314513,1.6447972220935259,1.645797016490761,1.645797016490761,1.0,1,1.0,5.551745473680962,2,1,1.2141920328140259,0.6351754665374756,2.1944265365600586,27,2.010975095960829,1.5906306505203247,2.010975095960829,0.4056843214760502,0.055166365970436226,True,False,2.511625051498413,8.489459991455078,0.05000000074505806,1.0,0.739230215549469,0.45028990507125854,0.0,False,,1.0,current_wind_train,-0.08715574274765817,-0.9961946980917455,0.5669373788524215,"[{""distance_vox"": 1.0, ""source_role"": ""current_wind_train"", ""z"": 15, ""y"": 251, ""x"": 518, ""u"": -0.08715574274765817, ""v"": -0.9961946980917455, ""base_weight"": 0.5669373788524215, ""time_conf"": 1.0, ""qc_flags"": ""ok""}, {""distance_vox"": 1.0, ""source_role"": ""context_wind"", ""z"": 15, ""y"": 250, ""x"": 519, ""u"": -4.112945135772086, ""v"": 2.8267488755892813, ""base_weight"": 0.02481616743855084, ""time_conf"": 0.4156189480713939, ""qc_flags"": ""ok""}, {""distance_vox"": 1.4142135623730951, ""source_role"": ""current_wind_train"", ""z"": 14, ""y"": 250, ""x"": 517, ""u"": 0.03859934146849009, ""v"": 1.4740493805614232, ""base_weight"": 0.973165761934816, ""time_conf"": 1.0, ""qc_flags"": ""ok""}]",5,2.486429423933633,2.314718229623076,default_timepower15_8_4_conservative_v2,30,601
20260125124800,gaussian,diagnostic_weighted,pydda_3dvar_proxy,diagnostic_adaptive_v3,8,4.0,2,1.0,True,False,20,252,519,34.0,114.56,10000.0,17.98349500846628,17.36645926147493,25.0,16.359426498413086,14.756855964660645,22.03169610626292,-1.6240685100531955,-2.609603296814285,1.6240685100531955,2.609603296814285,3.073699382192473,0.12294797528769892,1.0,1,1.0,52.85344773595153,2,1,6.183522701263428,0.2191944122314453,27.776206970214844,27,5.164512086797644,2.833570718765259,5.164512086797644,2.853633768248123,0.2401286634272144,True,False,5.452060222625732,9.612326622009277,0.05000000074505806,1.0,0.7461592555046082,0.47983595728874207,0.0,True,nearest_current_context_role_gap_ge_30mps,1.0,current_wind_train,21.88657782646039,19.02571184072471,0.5669373788524215,"[{""distance_vox"": 1.0, ""source_role"": ""current_wind_train"", ""z"": 21, ""y"": 252, ""x"": 519, ""u"": 21.88657782646039, ""v"": 19.02571184072471, ""base_weight"": 0.5669373788524215, ""time_conf"": 1.0, ""qc_flags"": ""ok""}, {""distance_vox"": 1.4142135623730951, ""source_role"": ""current_wind_train"", ""z"": 19, ""y"": 251, ""x"": 519, ""u"": 15.320888862379558, ""v"": 12.85575219373079, ""base_weight"": 0.5669373788524215, ""time_conf"": 1.0, ""qc_flags"": ""ok""}, {""distance_vox"": 2.0, ""source_role"": ""context_wind"", ""z"": 20, ""y"": 252, ""x"": 521, ""u"": -30.903165750062442, ""v"": 16.43150469750618, ""base_weight"": 0.014029375776883833, ""time_conf"": 0.4108451572928951, ""qc_flags"": ""ok""}]",5,2.486429423933633,2.314718229623076,default_timepower15_8_4_conservative_v2,30,601
20260125124800,gaussian,diagnostic_weighted,pydda_3dvar_proxy,diagnostic_adaptive_v3,8,4.0,2,1.0,True,False,23,319,502,28.640000000000004,113.2,11500.0,27.35823989431638,18.453365814534635,33.0,30.15944480895996,16.00809097290039,34.14456161354773,2.8012049146435807,-2.4452748416342445,2.8012049146435807,2.4452748416342445,3.718348830455896,0.1126772372865423,1.0,1,1.0,2.234704142331939,1,2,1.2306404113769531,0.3765716552734375,34.4796257019043,27,3.4946228663126626,2.727513074874878,3.4138449352272335,0.5230011777540003,0.9908357555810179,True,False,3.288808584213257,13.285306930541992,0.30865538120269775,0.1864173710346222,0.7278028726577759,0.3129388689994812,0.0,False,,1.0,context_wind,26.83745817425357,17.428449120480863,0.0689293058017201,"[{""distance_vox"": 1.0, ""source_role"": ""context_wind"", ""z"": 23, ""y"": 320, ""x"": 502, ""u"": 26.83745817425357, ""v"": 17.428449120480863, ""base_weight"": 0.0689293058017201, ""time_conf"": 0.757858283255199, ""qc_flags"": ""ok""}, {""distance_vox"": 1.4142135623730951, ""source_role"": ""context_wind"", ""z"": 22, ""y"": 320, ""x"": 502, ""u"": 25.500924051556545, ""v"": 15.352031967079574, ""base_weight"": 0.09606646760018303, ""time_conf"": 0.7312793838171051, ""qc_flags"": ""ok""}, {""distance_vox"": 2.0, ""source_role"": ""current_wind_train"", ""z"": 21, ""y"": 319, ""x"": 502, ""u"": 27.429353622467588, ""v"": 16.481218397121744, ""base_weight"": 0.5669373788524215, ""time_conf"": 1.0, ""qc_flags"": ""ok""}]",5,2.486429423933633,2.314718229623076,default_timepower15_8_4_conservative_v2,30,601
20260202070000,gaussian,diagnostic_weighted,pydda_3dvar_proxy,diagnostic_adaptive_v3,8,4.0,2,1.0,True,False,12,246,509,34.480000000000004,113.76,6000.0,11.820161304100827,-9.234922129884877,15.0,7.988849639892578,-6.227730751037598,10.129479200641615,-3.8313116642082488,3.0071913788472795,3.8313116642082488,3.0071913788472795,4.87053888777326,0.3247025925182173,1.0,1,1.0,0.0,0,3,2.7012765407562256,0.6579437255859375,11.494006156921387,27,5.3225880022402166,3.1902875900268555,5.3225880022402166,1.6814341864640379,1.6802512977464046,False,False,0.0,11.736913681030273,0.26998695731163025,0.0,0.6399739384651184,0.7280116081237793,0.0,True,context_only_nearest_support,1.4142135623730951,context_wind,5.636098478042392,-5.278327884008971,0.020395880504269173,"[{""distance_vox"": 1.4142135623730951, ""source_role"": ""context_wind"", ""z"": 12, ""y"": 245, ""x"": 508, ""u"": 5.636098478042392, ""v"": -5.278327884008971, ""base_weight"": 0.020395880504269173, ""time_conf"": 0.393712486068542, ""qc_flags"": ""ok""}, {""distance_vox"": 1.7320508075688772, ""source_role"": ""context_wind"", ""z"": 11, ""y"": 245, ""x"": 508, ""u"": 1.351425990315439, ""v"": -6.357959404769736, ""base_weight"": 0.049517792209653674, ""time_conf"": 0.5421134351507092, ""qc_flags"": ""ok""}, {""distance_vox"": 2.0, ""source_role"": ""context_wind"", ""z"": 12, ""y"": 246, ""x"": 507, ""u"": 11.1279839005354, ""v"": -9.99984358824892, ""base_weight"": 0.0505592466489263, ""time_conf"": 0.5351671062605815, ""qc_flags"": ""ok""}]",2,3.9921819008324895,3.862932184291155,default_timepower15_8_4_conservative_v2,9,803
20260205060000,gaussian,diagnostic_weighted,pydda_3dvar_proxy,diagnostic_adaptive_v3,10,5.0,2,1.0,True,False,17,247,508,34.400000000000006,113.68,8500.0,3.0090751157602416,-3.993177550236464,5.0,3.0604093074798584,-1.547166347503662,3.4292606836105604,0.05133419171961684,2.446011202732802,0.05133419171961684,2.446011202732802,2.4465498161970616,0.48930996323941234,1.0,1,1.0,0.0,0,3,1.7416951656341553,0.10175657272338867,4.616303443908691,27,2.911357597068504,2.227358102798462,2.911357597068504,0.5954218578418469,0.21919171339859966,False,False,0.0,12.284955978393555,0.3199284076690674,0.0,0.7227140069007874,2.171092987060547,0.0,True,context_only_nearest_support,0.0,context_wind,-0.4618654185180347,5.820325444290781,0.023810882734896233,"[{""distance_vox"": 0.0, ""source_role"": ""context_wind"", ""z"": 17, ""y"": 247, ""x"": 508, ""u"": -0.4618654185180347, ""v"": 5.820325444290781, ""base_weight"": 0.023810882734896233, ""time_conf"": 0.4876946731354064, ""qc_flags"": ""ok""}, {""distance_vox"": 1.0, ""source_role"": ""context_wind"", ""z"": 17, ""y"": 247, ""x"": 509, ""u"": -1.1499302248941563, ""v"": 3.94664557221286, ""base_weight"": 0.04625327445059904, ""time_conf"": 0.6392556057643757, ""qc_flags"": ""ok""}, {""distance_vox"": 1.0, ""source_role"": ""context_wind"", ""z"": 17, ""y"": 246, ""x"": 508, ""u"": -2.614298927921932, ""v"": 0.7517853771117567, ""base_weight"": 0.03690496270060317, ""time_conf"": 0.5559667458915356, ""qc_flags"": ""ok""}]",3,1.9569499564739878,1.6851911284977394,default_timepower15_8_4_conservative_v2;moderate_current_support_fresh_context_prefers_10_5,14,664
20260208152400,gaussian,diagnostic_weighted,pydda_3dvar_proxy,diagnostic_adaptive_v3,10,5.0,2,1.0,True,False,17,323,501,28.320000000000004,113.12,8500.0,1.93537516479734,7.762365810207972,7.999999999999999,4.566707134246826,6.617787837982178,8.040518013071402,2.6313319694494863,-1.144577972225794,2.6313319694494863,1.144577972225794,2.869488921036536,0.35868611512956705,1.0,1,1.0,8.08963895063116,1,2,4.041579246520996,0.1667613983154297,8.923859596252441,27,2.918189419640435,1.2396453619003296,2.918189419640435,1.2990342382379167,1.6298435591362064,True,False,6.880310535430908,8.893533706665039,0.05000000074505806,0.8604325652122498,0.6271456480026245,0.4460211396217346,0.0,False,,0.0,context_wind,1.8469844259769745,2.3640322608201663,0.011599047796242044,"[{""distance_vox"": 0.0, ""source_role"": ""context_wind"", ""z"": 17, ""y"": 323, ""x"": 501, ""u"": 1.8469844259769745, ""v"": 2.3640322608201663, ""base_weight"": 0.011599047796242044, ""time_conf"": 0.3818587827286608, ""qc_flags"": ""ok""}, {""distance_vox"": 1.0, ""source_role"": ""current_wind_train"", ""z"": 18, ""y"": 323, ""x"": 501, ""u"": 8.426488874308756, ""v"": 7.070663706551934, ""base_weight"": 0.5669373788524215, ""time_conf"": 1.0, ""qc_flags"": ""ok""}, {""distance_vox"": 1.4142135623730951, ""source_role"": ""context_wind"", ""z"": 17, ""y"": 322, ""x"": 502, ""u"": 1.302272617828627, ""v"": 3.7820743023972665, ""base_weight"": 0.006822870879246071, ""time_conf"": 0.31136240558970574, ""qc_flags"": ""ok""}]",1,2.869488921036536,2.869488921036536,default_timepower15_8_4_conservative_v2;moderate_current_support_fresh_context_prefers_10_5,7,1100
20260213054800,gaussian,diagnostic_weighted,pydda_3dvar_proxy,diagnostic_adaptive_v3,8,4.0,2,1.0,True,False,21,372,542,24.400000000000002,116.4,10500.0,19.605188956441236,-7.525726940451308,21.0,15.35112476348877,-6.452478885650635,16.652072401775264,-4.254064192952466,1.0732480548006729,4.254064192952466,1.0732480548006729,4.387359518536605,0.20892188183507643,0.10339897871017456,1,1.0,0.0,0,3,0.14583605527877808,0.03825187683105469,16.753740310668945,27,4.369587156507704,4.046279430389404,4.407638230859039,0.19998336010079115,0.3410800881472005,False,False,0.0,13.505091667175293,0.2603413760662079,0.0,0.5349684953689575,0.01889459788799286,0.0,True,context_only_nearest_support,4.0,context_wind,16.56908736214393,-7.033160312806923,0.01913519491786358,"[{""distance_vox"": 4.0, ""source_role"": ""context_wind"", ""z"": 21, ""y"": 376, ""x"": 542, ""u"": 16.56908736214393, ""v"": -7.033160312806923, ""base_weight"": 0.01913519491786358, ""time_conf"": 0.4629373561436452, ""qc_flags"": ""ok""}, {""distance_vox"": 7.483314773547883, ""source_role"": ""context_wind"", ""z"": 23, ""y"": 378, ""x"": 546, ""u"": 15.530272779924218, ""v"": -6.914522932288596, ""base_weight"": 0.04618228985521754, ""time_conf"": 0.6496694531758791, ""qc_flags"": ""ok""}, {""distance_vox"": 8.06225774829855, ""source_role"": ""context_wind"", ""z"": 21, ""y"": 379, ""x"": 546, ""u"": 12.980573963935024, ""v"": -5.244492307822767, ""base_weight"": 0.04618228985521754, ""time_conf"": 0.6496694531758791, ""qc_flags"": ""ok""}]",1,4.387359518536605,4.387359518536605,default_timepower15_8_4_conservative_v2,0,626
20260218034200,gaussian,diagnostic_weighted,pydda_3dvar_proxy,diagnostic_adaptive_v3,8,4.0,2,1.0,True,False,18,323,501,28.320000000000004,113.12,9000.0,16.873284577902474,-2.0717788378875106,17.0,9.82070255279541,-0.6308351755142212,9.840942619949999,-7.052582025107064,1.4409436623732894,7.052582025107064,1.4409436623732894,7.198279784712248,0.42342822263013224,1.0,1,1.0,9.090705870882768,1,2,2.4877541065216064,0.36097145080566406,11.937427520751953,27,7.015744209289551,5.044779300689697,7.138367826125803,1.4504437656852835,2.153500484022551,True,False,5.2128167152404785,10.343191146850586,0.10792061686515808,0.6015350222587585,0.7026300430297852,0.25864413380622864,0.0,False,,0.0,context_wind,13.827636768331928,-2.1900825105632293,0.1171815100572858,"[{""distance_vox"": 0.0, ""source_role"": ""context_wind"", ""z"": 18, ""y"": 323, ""x"": 501, ""u"": 13.827636768331928, ""v"": -2.1900825105632293, ""base_weight"": 0.1171815100572858, ""time_conf"": 0.92944696061351, ""qc_flags"": ""ok""}, {""distance_vox"": 1.0, ""source_role"": ""context_wind"", ""z"": 18, ""y"": 323, ""x"": 500, ""u"": 15.300876095408569, ""v"": -4.677947275563787, ""base_weight"": 0.013614249795355712, ""time_conf"": 0.40612619817811774, ""qc_flags"": ""ok""}, {""distance_vox"": 1.4142135623730951, ""source_role"": ""current_wind_train"", ""z"": 19, ""y"": 324, ""x"": 501, ""u"": 7.969557584733964, ""v"": 0.697245941981266, ""base_weight"": 0.5669373788524215, ""time_conf"": 1.0, ""qc_flags"": ""ok""}]",5,21.012177426466657,17.556920705380882,default_timepower15_8_4_conservative_v2,28,918
20260218034200,gaussian,diagnostic_weighted,pydda_3dvar_proxy,diagnostic_adaptive_v3,8,4.0,2,1.0,True,False,23,405,453,21.760000000000005,109.28,11500.0,23.314378843709118,18.879611731495135,30.000000000000004,25.062185287475586,16.091476440429688,29.783363567882347,1.7478064437664678,-2.7881352910654478,1.7478064437664678,2.7881352910654478,3.2906725400981784,0.10968908466993926,1.0,1,1.0,5.904771952236983,1,2,0.6470171213150024,0.08954620361328125,29.924617767333984,27,3.18744898725439,2.481945037841797,3.18744898725439,0.3446171517051812,0.8087275022563816,True,False,3.0072638988494873,11.67673397064209,0.1437634527683258,0.9917635917663574,0.9617614150047302,0.0906250923871994,0.0,False,,1.0,current_wind_train,25.44144288469278,15.897577926996151,0.5669373788524215,"[{""distance_vox"": 1.0, ""source_role"": ""current_wind_train"", ""z"": 23, ""y"": 406, ""x"": 453, ""u"": 25.44144288469278, ""v"": 15.897577926996151, ""base_weight"": 0.5669373788524215, ""time_conf"": 1.0, ""qc_flags"": ""ok""}, {""distance_vox"": 4.358898943540674, ""source_role"": ""context_wind"", ""z"": 24, ""y"": 402, ""x"": 450, ""u"": 25.44144288469278, ""v"": 15.897577926996151, ""base_weight"": 0.12952130177649088, ""time_conf"": 0.9659363289248456, ""qc_flags"": ""ok""}, {""distance_vox"": 4.358898943540674, ""source_role"": ""context_wind"", ""z"": 22, ""y"": 402, ""x"": 450, ""u"": 20.477903645336774, ""v"": 19.09595408174996, ""base_weight"": 0.12952130177649088, ""time_conf"": 0.9659363289248456, ""qc_flags"": ""ok""}]",5,21.012177426466657,17.556920705380882,default_timepower15_8_4_conservative_v2,28,918
20260126011800,gaussian,diagnostic_weighted,pydda_3dvar_proxy,diagnostic_adaptive_v3,8,4.0,2,1.0,True,False,5,294,513,30.64,114.08,2500.0,-8.499999999999998,-14.722431864335459,17.0,-6.787580490112305,-16.670337677001953,17.99920573733808,1.7124195098876935,-1.9479058126664945,1.7124195098876935,1.9479058126664945,2.5935916472844998,0.15256421454614705,1.0,1,1.0,0.0,3,0,3.2437081336975098,0.045108795166015625,20.207386016845703,27,3.5975421446341054,2.5793676376342773,3.5975421446341054,0.8376285063449062,0.014224009650222413,False,False,0.0,10.175000190734863,0.09999999403953552,1.0,1.0,0.0,0.0,False,,1.0,current_wind_train,-9.644165229359704,-19.773469018581675,0.5669373788524215,"[{""distance_vox"": 1.0, ""source_role"": ""current_wind_train"", ""z"": 5, ""y"": 294, ""x"": 514, ""u"": -9.644165229359704, ""v"": -19.773469018581675, ""base_weight"": 0.5669373788524215, ""time_conf"": 1.0, ""qc_flags"": ""ok""}, {""distance_vox"": 1.7320508075688772, ""source_role"": ""current_wind_train"", ""z"": 6, ""y"": 295, ""x"": 512, ""u"": -3.9068178534858804, ""v"": -11.346222907191802, ""base_weight"": 0.5669373788524215, ""time_conf"": 1.0, ""qc_flags"": ""ok""}, {""distance_vox"": 2.449489742783178, ""source_role"": ""current_wind_train"", ""z"": 7, ""y"": 295, ""x"": 512, ""u"": 2.071778837887503, ""v"": -16.873284577902474, ""base_weight"": 0.5669373788524215, ""time_conf"": 1.0, ""qc_flags"": ""ok""}]",2,2.254157485965041,2.223582518383891,default_timepower15_8_4_conservative_v2;moderate_current_support_fresh_context_prefers_10_5;v3_low_error_guard_prefers_8_4,7,645
20260126011800,gaussian,diagnostic_weighted,pydda_3dvar_proxy,diagnostic_adaptive_v3,8,4.0,2,1.0,True,False,17,384,505,23.440000000000005,113.44,8500.0,4.938441702975688,0.7821723252011552,5.0,6.259800434112549,2.0820744037628174,6.596979255516873,1.3213587311368604,1.2999020785616622,1.3213587311368604,1.2999020785616622,1.8535733894832822,0.37071467789665646,1.0,1,1.0,239.52247953859182,2,1,1.6453224420547485,0.6113691329956055,7.805845260620117,27,2.3711779647403293,1.8382985591888428,2.3711779647403293,0.7199504064873545,0.015274830294439434,True,True,14.919296264648438,8.977710723876953,0.05000000074505806,1.0,0.803851842880249,0.2859652042388916,0.271666944026947,True,nearest_current_context_role_gap_ge_30mps;role_conflict_triggered_at_holdout_voxel,1.4142135623730951,current_wind_train,5.673111453595901,1.9534089267429398,0.5669373788524215,"[{""distance_vox"": 1.4142135623730951, ""source_role"": ""current_wind_train"", ""z"": 17, ""y"": 383, ""x"": 506, ""u"": 5.673111453595901, ""v"": 1.9534089267429398, ""base_weight"": 0.5669373788524215, ""time_conf"": 1.0, ""qc_flags"": ""ok""}, {""distance_vox"": 2.23606797749979, ""source_role"": ""current_wind_train"", ""z"": 17, ""y"": 382, ""x"": 506, ""u"": 6.761480784023478, ""v"": 1.8117333157176443, ""base_weight"": 0.5669373788524215, ""time_conf"": 1.0, ""qc_flags"": ""ok""}, {""distance_vox"": 2.23606797749979, ""source_role"": ""context_wind"", ""z"": 17, ""y"": 382, ""x"": 506, ""u"": 71.04632424762504, ""v"": 232.3820556990176, ""base_weight"": 0.03129863779784644, ""time_conf"": 0.837664503225156, ""qc_flags"": ""high_speed_qc_candidate""}]",2,2.254157485965041,2.223582518383891,default_timepower15_8_4_conservative_v2;moderate_current_support_fresh_context_prefers_10_5;v3_low_error_guard_prefers_8_4,7,645
20260131034200,gaussian,diagnostic_weighted,pydda_3dvar_proxy,diagnostic_adaptive_v3,8,4.0,2,1.0,True,False,12,248,502,34.32000000000001,113.2,6000.0,6.572601879002471,-12.361266300024976,13.999999999999998,4.7320075035095215,-11.505247116088867,12.440361980888724,-1.84059437549295,0.8560191839361089,1.84059437549295,0.8560191839361089,2.029915391922265,0.1449939565658761,1.0,1,1.0,2.555382144329162,2,1,0.46816980838775635,0.2072610855102539,12.39267635345459,27,2.2609886240076134,2.028416633605957,2.2609886240076134,0.21533897078106207,0.0014987583163081908,True,False,0.994636595249176,8.878387451171875,0.05000000074505806,1.0,0.857087254524231,0.6670272946357727,0.0,False,,1.0,current_wind_train,8.03007010891465,-11.468128620045881,0.5669373788524215,"[{""distance_vox"": 1.0, ""source_role"": ""current_wind_train"", ""z"": 12, ""y"": 249, ""x"": 502, ""u"": 8.03007010891465, ""v"": -11.468128620045881, ""base_weight"": 0.5669373788524215, ""time_conf"": 1.0, ""qc_flags"": ""ok""}, {""distance_vox"": 1.0, ""source_role"": ""context_wind"", ""z"": 12, ""y"": 248, ""x"": 503, ""u"": 5.49403740262909, ""v"": -11.782001231476448, ""base_weight"": 0.12695352926682754, ""time_conf"": 0.958525613502759, ""qc_flags"": ""ok""}, {""distance_vox"": 1.4142135623730951, ""source_role"": ""current_wind_train"", ""z"": 12, ""y"": 249, ""x"": 501, ""u"": 5.160543729141432, ""v"": -12.423769376502364, ""base_weight"": 1.4728057237685466, ""time_conf"": 1.0, ""qc_flags"": ""ok""}]",4,2.8870946694243775,2.6987901366288343,default_timepower15_8_4_conservative_v2,25,1089
20260131034200,gaussian,diagnostic_weighted,pydda_3dvar_proxy,diagnostic_adaptive_v3,8,4.0,2,1.0,True,False,23,386,518,23.280000000000005,114.48,11500.0,15.216904260722456,4.944271909999161,16.0,18.591415405273438,7.830049991607666,20.17301191301174,3.374511144550981,2.885778081608505,3.374511144550981,2.885778081608505,4.4401622268776215,0.27751013917985135,0.319053590297699,1,1.0,0.0,0,3,8.127387046813965,4.403003692626953,28.218244552612305,27,8.680280870861477,2.5973880290985107,7.723934849946408,7.231287728965863,1.8427741977791108,False,False,0.0,14.44787883758545,0.3711603581905365,0.0,0.7223207354545593,0.11013651639223099,0.0,True,context_only_nearest_support,5.385164807134504,context_wind,23.985379848458297,0.8375879208600183,0.03489197505912226,"[{""distance_vox"": 5.385164807134504, ""source_role"": ""context_wind"", ""z"": 26, ""y"": 390, ""x"": 516, ""u"": 23.985379848458297, ""v"": 0.8375879208600183, ""base_weight"": 0.03489197505912226, ""time_conf"": 0.5832645197880583, ""qc_flags"": ""ok""}, {""distance_vox"": 5.385164807134504, ""source_role"": ""context_wind"", ""z"": 25, ""y"": 390, ""x"": 515, ""u"": 24.996192378909782, ""v"": 0.43631016093208747, ""base_weight"": 0.03489197505912226, ""time_conf"": 0.5832645197880583, ""qc_flags"": ""ok""}, {""distance_vox"": 5.916079783099616, ""source_role"": ""context_wind"", ""z"": 24, ""y"": 391, ""x"": 515, ""u"": 15.589921036563766, ""v"": -3.5992168695018387, ""base_weight"": 0.03489197505912226, ""time_conf"": 0.5832645197880583, ""qc_flags"": ""ok""}]",4,2.8870946694243775,2.6987901366288343,default_timepower15_8_4_conservative_v2,25,1089
20260202114800,gaussian,diagnostic_weighted,pydda_3dvar_proxy,diagnostic_adaptive_v3,10,5.0,2,1.0,True,False,17,322,503,28.400000000000002,113.28,8500.0,5.088288576938557,-3.179515585399228,6.0,6.390008926391602,0.5291998982429504,6.411884794010627,1.3017203494530447,3.7087154836421785,1.3017203494530447,3.7087154836421785,3.9305274972689603,0.6550879162114934,1.0,1,1.0,0.0,0,3,3.3660190105438232,0.15364360809326172,9.711804389953613,27,4.941761352397777,3.731433629989624,4.941761352397777,1.171746659546944,0.1990938672793363,True,False,6.2733306884765625,11.977014541625977,0.30001798272132874,0.13955214619636536,0.7805796265602112,0.7211611270904541,0.0,True,context_only_nearest_support,0.0,context_wind,6.457154661413436,1.5561957337782637,0.05972342812281656,"[{""distance_vox"": 0.0, ""source_role"": ""context_wind"", ""z"": 17, ""y"": 322, ""x"": 503, ""u"": 6.457154661413436, ""v"": 1.5561957337782637, ""base_weight"": 0.05972342812281656, ""time_conf"": 0.6073406660184842, ""qc_flags"": ""ok""}, {""distance_vox"": 1.0, ""source_role"": ""context_wind"", ""z"": 17, ""y"": 322, ""x"": 502, ""u"": 3.090228449460327, ""v"": -5.143003804212673, ""base_weight"": 0.10496119551476024, ""time_conf"": 0.8908987181403393, ""qc_flags"": ""ok""}, {""distance_vox"": 1.4142135623730951, ""source_role"": ""context_wind"", ""z"": 18, ""y"": 322, ""x"": 504, ""u"": 8.582818786811204, ""v"": -0.01682393463648908, ""base_weight"": 0.03770204938061942, ""time_conf"": 0.5035711979493883, ""qc_flags"": ""ok""}]",2,3.0267344485335945,2.812789033964146,default_timepower15_8_4_conservative_v2;moderate_current_support_fresh_context_prefers_10_5,10,724
20260205135400,gaussian,diagnostic_weighted,pydda_3dvar_proxy,diagnostic_adaptive_v3,10,5.0,2,1.0,True,False,15,294,506,30.64,113.52000000000001,7500.0,1.2855752193730785,1.532088886237956,1.9999999999999998,7.4200873374938965,7.084448337554932,10.259001137709367,6.134512118120818,5.552359451316976,6.134512118120818,5.552359451316976,8.274112303081226,4.137056151540614,0.29545822739601135,1,1.0,7.351426690867183,2,1,13.838423728942871,1.1141958236694336,13.603387832641602,27,8.560576226976183,5.5210394859313965,10.163985552411596,2.36038048972233,2.75307281714983,True,True,14.5637788772583,12.54741382598877,0.3281024992465973,0.12831032276153564,0.8460222482681274,0.0819624811410904,0.055070389062166214,True,role_conflict_triggered_at_holdout_voxel,2.23606797749979,current_wind_train,9.1848264058671,10.56593412311881,0.5669373788524215,"[{""distance_vox"": 2.23606797749979, ""source_role"": ""current_wind_train"", ""z"": 17, ""y"": 294, ""x"": 505, ""u"": 9.1848264058671, ""v"": 10.56593412311881, ""base_weight"": 0.5669373788524215, ""time_conf"": 1.0, ""qc_flags"": ""ok""}, {""distance_vox"": 2.8284271247461903, ""source_role"": ""context_wind"", ""z"": 17, ""y"": 292, ""x"": 506, ""u"": 10.284601754984628, ""v"": 12.25671108990365, ""base_weight"": 0.07032347560203997, ""time_conf"": 0.7637175654573216, ""qc_flags"": ""ok""}, {""distance_vox"": 3.605551275463989, ""source_role"": ""current_wind_train"", ""z"": 18, ""y"": 294, ""x"": 504, ""u"": 17.569981221040443, ""v"": 13.239930509345061, ""base_weight"": 0.5669373788524215, ""time_conf"": 1.0, ""qc_flags"": ""ok""}]",3,6.158781795479161,5.83127304053567,default_timepower15_8_4_conservative_v2;moderate_current_support_fresh_context_prefers_10_5,15,658
20260209030600,gaussian,diagnostic_weighted,pydda_3dvar_proxy,diagnostic_adaptive_v3,8,4.0,2,1.0,True,False,4,326,503,28.080000000000002,113.28,2000.0,-0.37017980451872734,5.404475573459011,5.417138480026944,-0.9290553331375122,7.241213798522949,7.30056991528404,-0.5588755286187849,1.8367382250639386,0.5588755286187849,1.8367382250639386,1.919882591175813,0.3544089925436545,1.0,2,1.0,4.996958543610171,2,1,1.5801055431365967,0.15106868743896484,8.794027328491211,27,2.128209529099641,1.078094482421875,2.128209529099641,0.9457112834576091,0.8417881087539381,True,False,1.9539129734039307,8.352973937988281,0.05000000074505806,1.0,0.6735725402832031,0.24923722445964813,0.0,False,,1.0,current_wind_train,-1.953655642446369,4.6025242672622015,0.5669373788524215,"[{""distance_vox"": 1.0, ""source_role"": ""current_wind_train"", ""z"": 4, ""y"": 327, ""x"": 503, ""u"": -1.953655642446369, ""v"": 4.6025242672622015, ""base_weight"": 0.5669373788524215, ""time_conf"": 1.0, ""qc_flags"": ""ok""}, {""distance_vox"": 1.0, ""source_role"": ""context_wind"", ""z"": 4, ""y"": 327, ""x"": 503, ""u"": 0.1744974835125045, ""v"": 4.9969541350954785, ""base_weight"": 0.01801953684608273, ""time_conf"": 0.45236385231635756, ""qc_flags"": ""ok""}, {""distance_vox"": 1.4142135623730951, ""source_role"": ""current_wind_train"", ""z"": 5, ""y"": 327, ""x"": 503, ""u"": -5.31552432325999e-05, ""v"": 9.99086310113287, ""base_weight"": 0.973165761934816, ""time_conf"": 1.0, ""qc_flags"": ""ok""}]",6,3.6114189509503034,3.226064265206576,default_timepower15_8_4_conservative_v2,36,1142
20260209030600,gaussian,diagnostic_weighted,pydda_3dvar_proxy,diagnostic_adaptive_v3,8,4.0,2,1.0,True,False,8,245,507,34.56,113.6,4000.0,13.500000000000004,23.38268590217984,27.0,9.303021430969238,24.838457107543945,26.523483165458742,-4.196978569030765,1.4557712053641048,4.196978569030765,1.4557712053641048,4.442285325288188,0.16452908612178477,1.0,1,1.0,5.5042692754161475,1,2,3.1101975440979004,2.3995819091796875,29.171600341796875,27,4.676187665374191,2.8567745685577393,4.676187665374191,1.457883143609018,1.5855107567304492,True,False,7.8322601318359375,8.054557800292969,0.05000000074505806,1.0,0.6074418425559998,0.7650256752967834,0.0,False,,1.0,current_wind_train,13.165724492446854,25.83918920146267,0.5669373788524215,"[{""distance_vox"": 1.0, ""source_role"": ""current_wind_train"", ""z"": 8, ""y"": 245, ""x"": 506, ""u"": 13.165724492446854, ""v"": 25.83918920146267, ""base_weight"": 0.5669373788524215, ""time_conf"": 1.0, ""qc_flags"": ""ok""}, {""distance_vox"": 1.0, ""source_role"": ""context_wind"", ""z"": 8, ""y"": 244, ""x"": 507, ""u"": 17.206734648732695, ""v"": 26.96714879483373, ""base_weight"": 0.03200280759406929, ""time_conf"": 0.46310555402461273, ""qc_flags"": ""ok""}, {""distance_vox"": 1.0, ""source_role"": ""context_wind"", ""z"": 8, ""y"": 245, ""x"": 508, ""u"": 8.990558241981889, ""v"": 22.252412509602898, ""base_weight"": 0.006111345415999655, ""time_conf"": 0.2984488408395676, ""qc_flags"": ""ok""}]",6,3.6114189509503034,3.226064265206576,default_timepower15_8_4_conservative_v2,36,1142
20260209030600,gaussian,diagnostic_weighted,pydda_3dvar_proxy,diagnostic_adaptive_v3,8,4.0,2,1.0,True,False,12,247,509,34.400000000000006,113.76,6000.0,9.441476479257545,27.420038692380185,28.999999999999996,7.451713562011719,26.509746551513672,27.53715121859486,-1.9897629172458267,-0.9102921408665132,1.9897629172458267,0.9102921408665132,2.1881015169708102,0.07545177644726933,1.0,1,1.0,2.0629765236819133,2,1,1.8836567401885986,0.08458518981933594,29.31306266784668,27,2.546301629808214,2.0731284618377686,2.546301629808214,0.41964817440317415,0.11497305513304168,True,True,16.17338752746582,8.145119667053223,0.05000000074505806,1.0,0.6348847150802612,1.3492116928100586,1.281751036643982,True,role_conflict_triggered_at_holdout_voxel,1.0,current_wind_train,8.343458848123577,25.67852593996915,0.5669373788524215,"[{""distance_vox"": 1.0, ""source_role"": ""current_wind_train"", ""z"": 13, ""y"": 247, ""x"": 509, ""u"": 8.343458848123577, ""v"": 25.67852593996915, ""base_weight"": 0.5669373788524215, ""time_conf"": 1.0, ""qc_flags"": ""ok""}, {""distance_vox"": 1.0, ""source_role"": ""context_wind"", ""z"": 12, ""y"": 247, ""x"": 508, ""u"": 7.2469332628705825, ""v"": 27.04592313609391, ""base_weight"": 0.06426380369458405, ""time_conf"": 0.7377025415132656, ""qc_flags"": ""ok""}, {""distance_vox"": 1.4142135623730951, ""source_role"": ""current_wind_train"", ""z"": 11, ""y"": 246, ""x"": 509, ""u"": 8.26912067450997, ""v"": 28.837850878149567, ""base_weight"": 0.5669373788524215, ""time_conf"": 1.0, ""qc_flags"": ""ok""}]",6,3.6114189509503034,3.226064265206576,default_timepower15_8_4_conservative_v2,36,1142
20260209030600,gaussian,diagnostic_weighted,pydda_3dvar_proxy,diagnostic_adaptive_v3,8,4.0,2,1.0,True,False,22,322,506,28.400000000000002,113.52000000000001,11000.0,37.74069899155005,16.019976268060226,40.99999999999999,40.54381561279297,13.7659330368042,42.81707482789935,2.8031166212429213,-2.254043231256027,2.8031166212429213,2.254043231256027,3.5969672893507725,0.08773090949636032,1.0,1,1.0,2.86175872960505,1,2,1.3916853666305542,0.6694984436035156,42.86333084106445,27,3.4112519952985974,2.749917984008789,3.4112519952985974,0.41419965673847137,0.8470493053419834,True,False,7.798424243927002,11.500701904296875,0.14342232048511505,0.5624160170555115,0.6776787638664246,0.6303824186325073,0.0,False,,1.0,current_wind_train,37.158619268502655,17.327348731368666,0.5669373788524215,"[{""distance_vox"": 1.0, ""source_role"": ""current_wind_train"", ""z"": 23, ""y"": 322, ""x"": 506, ""u"": 37.158619268502655, ""v"": 17.327348731368666, ""base_weight"": 0.5669373788524215, ""time_conf"": 1.0, ""qc_flags"": ""ok""}, {""distance_vox"": 1.0, ""source_role"": ""context_wind"", ""z"": 21, ""y"": 322, ""x"": 506, ""u"": 36.82019413809761, ""v"": 15.629245139570953, ""base_weight"": 0.027715115911136883, ""time_conf"": 0.5338270973568664, ""qc_flags"": ""ok""}, {""distance_vox"": 1.0, ""source_role"": ""context_wind"", ""z"": 22, ""y"": 323, ""x"": 506, ""u"": 38.27679748638527, ""v"": 14.693085931357329, ""base_weight"": 0.0385662723496315, ""time_conf"": 0.6061630334067722, ""qc_flags"": ""ok""}]",6,3.6114189509503034,3.226064265206576,default_timepower15_8_4_conservative_v2,36,1142
20260213101800,gaussian,diagnostic_weighted,pydda_3dvar_proxy,diagnostic_adaptive_v3,10,5.0,2,1.0,True,False,20,295,512,30.560000000000002,114.0,10000.0,22.31680170434792,5.564203598792359,23.000000000000004,20.62330436706543,1.8999310731887817,20.710635458611314,-1.6934973372824906,-3.664272525603577,1.6934973372824906,3.664272525603577,4.036685072342912,0.17550804662360486,1.0,1,1.0,24.086448165171205,1,2,1.0561916828155518,0.04630279541015625,20.97635841369629,27,3.8843004526915372,3.39900279045105,3.943049247547309,0.29391150325302534,0.6376822818918626,True,False,5.7140421867370605,10.493976593017578,0.05714970827102661,0.6590415835380554,0.6070570945739746,0.23271922767162323,0.0,False,,0.0,context_wind,1.113384807680527,-7.922144549932562,0.014170545177687028,"[{""distance_vox"": 0.0, ""source_role"": ""context_wind"", ""z"": 20, ""y"": 295, ""x"": 512, ""u"": 1.113384807680527, ""v"": -7.922144549932562, ""base_weight"": 0.014170545177687028, ""time_conf"": 0.4124302971676512, ""qc_flags"": ""ok""}, {""distance_vox"": 1.0, ""source_role"": ""current_wind_train"", ""z"": 21, ""y"": 295, ""x"": 512, ""u"": 22.874003593470288, ""v"": 2.4041546551560273, ""base_weight"": 0.5669373788524215, ""time_conf"": 1.0, ""qc_flags"": ""ok""}, {""distance_vox"": 1.7320508075688772, ""source_role"": ""context_wind"", ""z"": 21, ""y"": 296, ""x"": 511, ""u"": 5.945158603819157, ""v"": -5.353044850870862, ""base_weight"": 0.014170545177687028, ""time_conf"": 0.4124302971676512, ""qc_flags"": ""ok""}]",2,5.013682658494471,4.932926607136826,default_timepower15_8_4_conservative_v2;moderate_current_support_fresh_context_prefers_10_5,14,675
20260218065400,gaussian,diagnostic_weighted,pydda_3dvar_proxy,diagnostic_adaptive_v3,10,5.0,2,1.0,True,False,13,246,509,34.480000000000004,113.76,6500.0,3.9945181390182953,0.20934382497177723,3.9999999999999996,5.293826580047607,-3.2505557537078857,6.21214234926905,1.299308441029312,-3.459899578679663,1.299308441029312,3.459899578679663,3.6958229827032745,0.9239557456758187,1.0,1,1.0,0.0,3,0,1.3516978025436401,0.17664003372192383,7.5172929763793945,27,3.7593775148744935,2.37540602684021,3.7593775148744935,0.9788829052482899,1.3204169558630645,True,False,1.598086953163147,8.600621223449707,0.05000000074505806,1.0,0.7729154229164124,1.3410722017288208,0.0,False,,1.0,current_wind_train,4.285836503510562,-2.575190374550271,0.5669373788524215,"[{""distance_vox"": 1.0, ""source_role"": ""current_wind_train"", ""z"": 13, ""y"": 247, ""x"": 509, ""u"": 4.285836503510562, ""v"": -2.575190374550271, ""base_weight"": 0.5669373788524215, ""time_conf"": 1.0, ""qc_flags"": ""ok""}, {""distance_vox"": 1.4142135623730951, ""source_role"": ""current_wind_train"", ""z"": 13, ""y"": 247, ""x"": 510, ""u"": 3.6567685080958516, ""v"": -3.409991800312493, ""base_weight"": 0.5669373788524215, ""time_conf"": 1.0, ""qc_flags"": ""ok""}, {""distance_vox"": 1.7320508075688772, ""source_role"": ""current_wind_train"", ""z"": 14, ""y"": 247, ""x"": 510, ""u"": 5.663118960624633, ""v"": -4.11449676604731, ""base_weight"": 0.5669373788524215, ""time_conf"": 1.0, ""qc_flags"": ""ok""}]",2,2.850458732384242,2.6527596836483944,default_timepower15_8_4_conservative_v2;moderate_current_support_fresh_context_prefers_10_5,9,1078
20260222004800,gaussian,diagnostic_weighted,pydda_3dvar_proxy,diagnostic_adaptive_v3,10,5.0,2,1.0,True,False,16,245,508,34.56,113.68,8000.0,32.91091657286267,-30.689926202812437,45.0,34.3323974609375,-38.4208869934082,51.525508952130025,1.4214808880748322,-7.730960790595766,1.4214808880748322,7.730960790595766,7.860557401411882,0.1746790533647085,1.0,1,1.0,34.0,1,2,11.245038032531738,4.942623138427734,52.599117279052734,27,7.708619559252703,5.592806816101074,7.710931710338973,0.844638885329844,2.267750585310808,True,True,14.088809967041016,9.477555274963379,0.07311030477285385,0.7588720321655273,0.777431070804596,0.6630525588989258,0.6145765781402588,True,nearest_current_context_role_gap_ge_30mps;role_conflict_triggered_at_holdout_voxel,1.4142135623730951,current_wind_train,35.46392213701948,-39.3866757503019,0.5669373788524215,"[{""distance_vox"": 1.4142135623730951, ""source_role"": ""current_wind_train"", ""z"": 17, ""y"": 245, ""x"": 507, ""u"": 35.46392213701948, ""v"": -39.3866757503019, ""base_weight"": 0.5669373788524215, ""time_conf"": 1.0, ""qc_flags"": ""ok""}, {""distance_vox"": 1.4142135623730951, ""source_role"": ""context_wind"", ""z"": 15, ""y"": 245, ""x"": 507, ""u"": 12.713481520818304, ""v"": -14.11975168407049, ""base_weight"": 0.01820085690335172, ""time_conf"": 0.45410918134720163, ""qc_flags"": ""ok""}, {""distance_vox"": 1.4142135623730951, ""source_role"": ""context_wind"", ""z"": 17, ""y"": 246, ""x"": 508, ""u"": 28.000693920340847, ""v"": -26.111069503040955, ""base_weight"": 0.07340387285933002, ""time_conf"": 0.71800166290549, ""qc_flags"": ""ok""}]",2,5.650037914799007,4.647477107083406,default_timepower15_8_4_conservative_v2;moderate_current_support_fresh_context_prefers_10_5,12,469
20260126024200,gaussian,diagnostic_weighted,pydda_3dvar_proxy,diagnostic_adaptive_v3,10,5.0,2,1.0,True,False,4,264,496,33.040000000000006,112.72,2000.0,6.3157057690815055,-1.3873761757600915,6.466293529888363,5.022027015686035,-2.0958847999572754,5.441827674685439,-1.2936787533954703,-0.7085086241971839,1.2936787533954703,0.7085086241971839,1.4749878601360231,0.22810406816801093,1.0,2,1.0,3.506331621626619,1,2,1.1348997354507446,0.045903682708740234,5.757894992828369,27,1.5931802502384893,0.6832016706466675,1.5931802502384893,0.775607393807875,0.7917861894893556,True,False,2.6657588481903076,8.55305290222168,0.05000000074505806,1.0,0.7585005760192871,0.798589825630188,0.0,False,,0.0,context_wind,6.469112630833352,0.609755688319881,0.10812390813220625,"[{""distance_vox"": 0.0, ""source_role"": ""context_wind"", ""z"": 4, ""y"": 264, ""x"": 496, ""u"": 6.469112630833352, ""v"": 0.609755688319881, ""base_weight"": 0.10812390813220625, ""time_conf"": 0.7320428479728127, ""qc_flags"": ""ok""}, {""distance_vox"": 1.0, ""source_role"": ""current_wind_train"", ""z"": 5, ""y"": 264, ""x"": 496, ""u"": 7.5175409662872665, ""v"": -2.736161146605352, ""base_weight"": 0.5669373788524215, ""time_conf"": 1.0, ""qc_flags"": ""ok""}, {""distance_vox"": 1.0, ""source_role"": ""context_wind"", ""z"": 5, ""y"": 264, ""x"": 496, ""u"": 6.7410298278868215, ""v"": -1.0276818166065198, ""base_weight"": 0.19699427931735472, ""time_conf"": 0.7598239860942315, ""qc_flags"": ""ok""}]",2,1.1815876089542254,1.1301481570030092,default_timepower15_8_4_conservative_v2;moderate_current_support_fresh_context_prefers_10_5,7,682
20260126024200,gaussian,diagnostic_weighted,pydda_3dvar_proxy,diagnostic_adaptive_v3,10,5.0,2,1.0,True,False,20,375,543,24.160000000000004,116.47999999999999,10000.0,11.490666646784668,9.641814145298092,14.999999999999998,10.970293998718262,10.229965209960938,14.99998462050295,-0.5203726480664059,0.5881510646628456,0.5203726480664059,0.5881510646628456,0.7853084538699953,0.052353896924666354,1.0,1,1.0,24.008555064590052,1,2,0.07992343604564667,0.03995323181152344,15.000000953674316,27,0.7859894986505862,0.7853082418441772,0.7855754365629634,0.000962589047026081,2.1202581801382792e-07,False,False,0.0,12.200874328613281,0.22493083775043488,0.7410139441490173,1.0,0.0,0.0,False,,1.0,current_wind_train,10.970305524287557,10.229975400937478,0.5669373788524215,"[{""distance_vox"": 1.0, ""source_role"": ""current_wind_train"", ""z"": 19, ""y"": 375, ""x"": 543, ""u"": 10.970305524287557, ""v"": 10.229975400937478, ""base_weight"": 0.5669373788524215, ""time_conf"": 1.0, ""qc_flags"": ""ok""}, {""distance_vox"": 15.556349186104045, ""source_role"": ""context_wind"", ""z"": 24, ""y"": 390, ""x"": 542, ""u"": 34.930646145935874, ""v"": 8.70918824158804, ""base_weight"": 0.007030913996800213, ""time_conf"": 0.3149802624737183, ""qc_flags"": ""ok""}, {""distance_vox"": 33.91164991562634, ""source_role"": ""context_wind"", ""z"": 25, ""y"": 381, ""x"": 510, ""u"": 5.500000000000005, ""v"": -9.526279441628823, ""base_weight"": 0.02689503204719665, ""time_conf"": 0.5276955701815529, ""qc_flags"": ""ok""}]",2,1.1815876089542254,1.1301481570030092,default_timepower15_8_4_conservative_v2;moderate_current_support_fresh_context_prefers_10_5,7,682
20260131042400,gaussian,diagnostic_weighted,pydda_3dvar_proxy,diagnostic_adaptive_v3,8,4.0,2,1.0,True,False,4,327,503,28.000000000000004,113.28,2000.0,2.9069260633840193,-7.379661733661569,7.931558890990483,-2.0723958015441895,-9.975188255310059,10.188189490146604,-4.979321864928209,-2.5955265216484893,4.979321864928209,2.5955265216484893,5.615194044655344,0.7079559165895729,1.0,2,1.0,5.187604245423264,1,2,1.1669049263000488,0.06724357604980469,10.43391227722168,27,5.532247914208306,4.612613201141357,5.655918504450497,0.6911187836909176,1.0025808435139867,True,False,4.327548503875732,8.891273498535156,0.05000000074505806,0.7631926536560059,0.6044507026672363,0.28402405977249146,0.0,False,,0.0,context_wind,1.3013392764117047,-9.208971146450086,0.10620010307662145,"[{""distance_vox"": 0.0, ""source_role"": ""context_wind"", ""z"": 4, ""y"": 327, ""x"": 503, ""u"": 1.3013392764117047, ""v"": -9.208971146450086, ""base_weight"": 0.10620010307662145, ""time_conf"": 0.6220319030478283, ""qc_flags"": ""ok""}, {""distance_vox"": 1.0, ""source_role"": ""current_wind_train"", ""z"": 5, ""y"": 327, ""x"": 503, ""u"": -3.762221576582356, ""v"": -10.336618828644992, ""base_weight"": 0.5669373788524215, ""time_conf"": 1.0, ""qc_flags"": ""ok""}, {""distance_vox"": 1.0, ""source_role"": ""context_wind"", ""z"": 5, ""y"": 327, ""x"": 503, ""u"": -0.8767247922446749, ""v"": -7.443919593673502, ""base_weight"": 0.10861138906482938, ""time_conf"": 0.688792640855679, ""qc_flags"": ""ok""}]",3,3.645837155956473,2.884568467986224,default_timepower15_8_4_conservative_v2,19,1135
20260131042400,gaussian,diagnostic_weighted,pydda_3dvar_proxy,diagnostic_adaptive_v3,8,4.0,2,1.0,True,False,12,327,500,28.000000000000004,113.03999999999999,6000.0,6.787334683448717,-12.244675899951542,14.0,7.684447288513184,-9.502859115600586,12.221090847419912,0.8971126050644669,2.7418167843509558,0.8971126050644669,2.7418167843509558,2.8848518688338523,0.2060608477738466,1.0,1,1.0,0.0,0,3,3.4718234539031982,0.5923852920532227,13.008087158203125,27,3.5201161570019193,1.9335687160491943,3.5201161570019193,1.5917777782576488,0.9512831527846579,True,False,5.400325775146484,11.207344055175781,0.21673250198364258,0.14078181982040405,0.6320122480392456,0.3613227605819702,0.0,True,context_only_nearest_support,1.0,context_wind,8.755647273470926,-14.571844111935906,0.033859529594389676,"[{""distance_vox"": 1.0, ""source_role"": ""context_wind"", ""z"": 12, ""y"": 327, ""x"": 499, ""u"": 8.755647273470926, ""v"": -14.571844111935906, ""base_weight"": 0.033859529594389676, ""time_conf"": 0.5765651553848948, ""qc_flags"": ""ok""}, {""distance_vox"": 1.0, ""source_role"": ""context_wind"", ""z"": 12, ""y"": 326, ""x"": 500, ""u"": 5.605224947139308, ""v"": -6.138096404772514, ""base_weight"": 0.03355603547450456, ""time_conf"": 0.4220703983898457, ""qc_flags"": ""ok""}, {""distance_vox"": 1.4142135623730951, ""source_role"": ""context_wind"", ""z"": 13, ""y"": 327, ""x"": 499, ""u"": 9.899494936611667, ""v"": -9.899494936611664, ""base_weight"": 0.13082459886210773, ""time_conf"": 0.969663144646718, ""qc_flags"": ""ok""}]",3,3.645837155956473,2.884568467986224,default_timepower15_8_4_conservative_v2,19,1135
20260202123000,gaussian,diagnostic_weighted,pydda_3dvar_proxy,diagnostic_adaptive_v3,8,4.0,2,1.0,True,False,14,289,515,31.040000000000006,114.24000000000001,7000.0,-3.7087354182671497,1.4984263736636483,4.0,-4.516394138336182,8.54565143585205,9.665711276252651,-0.8076587200690319,7.047225062188403,0.8076587200690319,7.047225062188403,7.093355601211594,1.7733389003028985,0.34593209624290466,1,1.0,0.0,0,3,6.550309658050537,0.9773883819580078,13.499310493469238,27,6.220648699336582,0.6808531284332275,7.917681742063732,4.149570947822274,6.412502472778367,True,True,12.525227546691895,11.356800079345703,0.21069373190402985,0.13587863743305206,0.6165025234222412,0.19279107451438904,0.15217120945453644,True,context_only_nearest_support;role_conflict_triggered_at_holdout_voxel,1.0,context_wind,0.31286893008046146,1.9753766811902755,0.03974223591014169,"[{""distance_vox"": 1.0, ""source_role"": ""context_wind"", ""z"": 15, ""y"": 289, ""x"": 515, ""u"": 0.31286893008046146, ""v"": 1.9753766811902755, ""base_weight"": 0.03974223591014169, ""time_conf"": 0.6132063085866745, ""qc_flags"": ""ok""}, {""distance_vox"": 1.4142135623730951, ""source_role"": ""context_wind"", ""z"": 15, ""y"": 290, ""x"": 515, ""u"": 0.8953872133139863, ""v"": 1.9905908894057507, ""base_weight"": 0.06443423071527139, ""time_conf"": 0.6234432046005265, ""qc_flags"": ""ok""}, {""distance_vox"": 1.4142135623730951, ""source_role"": ""context_wind"", ""z"": 13, ""y"": 290, ""x"": 515, ""u"": -2.7959645173537346, ""v"": 4.145187862775208, ""base_weight"": 0.03974223591014169, ""time_conf"": 0.6132063085866745, ""qc_flags"": ""ok""}]",4,26.093003718284276,15.98887772399724,default_timepower15_8_4_conservative_v2,26,689
20260202123000,gaussian,diagnostic_weighted,pydda_3dvar_proxy,diagnostic_adaptive_v3,8,4.0,2,1.0,True,False,20,288,515,31.120000000000005,114.24000000000001,10000.0,12.202099292274005,-27.40636372927803,30.000000000000004,9.106658935546875,24.027788162231445,25.695638558662935,-3.0954403567271296,51.43415189150947,3.0954403567271296,51.43415189150947,51.527213507048124,1.7175737835682705,1.0,1,1.0,28.646333322917325,1,2,19.35540199279785,0.11480712890625,30.231796264648438,27,52.28839619954427,51.324256896972656,52.28839619954427,1.1932565868412712,0.20295661007546784,True,True,24.731197357177734,10.046976089477539,0.05000000074505806,0.7406638860702515,0.5969240665435791,0.2673742175102234,0.254005491733551,True,high_vector_error_ge_30mps;role_conflict_triggered_at_holdout_voxel,0.0,context_wind,8.174593080251338,7.360436669947441,0.03974223591014169,"[{""distance_vox"": 0.0, ""source_role"": ""context_wind"", ""z"": 20, ""y"": 288, ""x"": 515, ""u"": 8.174593080251338, ""v"": 7.360436669947441, ""base_weight"": 0.03974223591014169, ""time_conf"": 0.6132063085866745, ""qc_flags"": ""ok""}, {""distance_vox"": 1.0, ""source_role"": ""current_wind_train"", ""z"": 21, ""y"": 288, ""x"": 515, ""u"": 14.544288607390108, ""v"": 26.238591214181877, ""base_weight"": 0.5669373788524215, ""time_conf"": 1.0, ""qc_flags"": ""ok""}, {""distance_vox"": 1.4142135623730951, ""source_role"": ""context_wind"", ""z"": 19, ""y"": 289, ""x"": 515, ""u"": 7.8430284912926895, ""v"": -1.612899333077628, ""base_weight"": 0.05831415327520053, ""time_conf"": 0.5872186663706804, ""qc_flags"": ""ok""}]",4,26.093003718284276,15.98887772399724,default_timepower15_8_4_conservative_v2,26,689
20260205141200,gaussian,diagnostic_weighted,pydda_3dvar_proxy,diagnostic_adaptive_v3,10,5.0,2,1.0,True,False,13,290,514,30.96,114.16,6500.0,-1.815961998958187,-3.5640260967534716,4.0,0.03760617971420288,-3.3699071407318115,3.370116965612314,1.8535681786723899,0.19411895602166007,1.8535681786723899,0.19411895602166007,1.863705224029224,0.465926306007306,0.43687736988067627,1,1.0,2.2991513996828306,1,2,2.692568778991699,0.5186734199523926,3.717094898223877,27,2.2171912414056285,1.8372135162353516,2.2614468434039643,0.2491630608676294,0.026491707793872443,True,False,2.9962031841278076,12.423258781433105,0.3174440562725067,0.16008232533931732,0.8469457626342773,0.0895979031920433,0.0,False,,2.23606797749979,current_wind_train,0.26167978121472185,-4.993147673772869,0.5669373788524215,"[{""distance_vox"": 2.23606797749979, ""source_role"": ""current_wind_train"", ""z"": 15, ""y"": 289, ""x"": 514, ""u"": 0.26167978121472185, ""v"": -4.993147673772869, ""base_weight"": 0.5669373788524215, ""time_conf"": 1.0, ""qc_flags"": ""ok""}, {""distance_vox"": 2.23606797749979, ""source_role"": ""context_wind"", ""z"": 15, ""y"": 290, ""x"": 515, ""u"": 1.6934532691976751, ""v"": -6.792070083931975, ""base_weight"": 0.07851102517563166, ""time_conf"": 0.7967628143670084, ""qc_flags"": ""ok""}, {""distance_vox"": 2.23606797749979, ""source_role"": ""context_wind"", ""z"": 15, ""y"": 290, ""x"": 513, ""u"": 0.43577871373829163, ""v"": -4.9809734904587275, ""base_weight"": 0.09215141856530772, ""time_conf"": 0.8473976959134202, ""qc_flags"": ""ok""}]",2,4.274195906981837,3.8069223564054657,default_timepower15_8_4_conservative_v2;moderate_current_support_fresh_context_prefers_10_5,14,661
20260209044800,gaussian,diagnostic_weighted,pydda_3dvar_proxy,diagnostic_adaptive_v3,8,4.0,2,1.0,True,False,4,327,504,28.000000000000004,113.36,2000.0,-0.7632359815061799,3.926508733790656,4.0,-0.3995180130004883,7.11859130859375,7.129793605813449,0.3637179685056916,3.192082574803094,0.3637179685056916,3.192082574803094,3.2127374503646355,0.8031843625911589,1.0,1,1.0,0.0,0,3,1.7094571590423584,0.23250532150268555,8.838869094848633,27,3.3886347435138844,1.9090855121612549,3.647051188516068,1.1780571231573946,1.3036519382033807,True,False,4.8163981437683105,11.511646270751953,0.25258004665374756,0.08725935965776443,0.6662416458129883,0.3648522198200226,0.0,True,context_only_nearest_support,1.0,context_wind,-0.8977740471003285,4.798220353704421,0.08695569150484692,"[{""distance_vox"": 1.0, ""source_role"": ""context_wind"", ""z"": 4, ""y"": 327, ""x"": 503, ""u"": -0.8977740471003285, ""v"": 4.798220353704421, ""base_weight"": 0.08695569150484692, ""time_conf"": 0.6751949972479333, ""qc_flags"": ""ok""}, {""distance_vox"": 1.4142135623730951, ""source_role"": ""context_wind"", ""z"": 5, ""y"": 327, ""x"": 503, ""u"": -1.1556388050243507, ""v"": 7.433796733136919, ""base_weight"": 0.10650859660382754, ""time_conf"": 0.6755634854623667, ""qc_flags"": ""ok""}, {""distance_vox"": 1.4142135623730951, ""source_role"": ""context_wind"", ""z"": 4, ""y"": 326, ""x"": 503, ""u"": -0.3701798045187274, ""v"": 5.404475573459011, ""base_weight"": 0.08939345543857893, ""time_conf"": 0.6803950000871885, ""qc_flags"": ""ok""}]",7,4.429726429878113,3.3735519997847447,default_timepower15_8_4_conservative_v2,49,1410
20260209044800,gaussian,diagnostic_weighted,pydda_3dvar_proxy,diagnostic_adaptive_v3,8,4.0,2,1.0,True,False,15,247,510,34.400000000000006,113.84,7500.0,-23.53449098153662,1.4292416213176495,23.577849719008203,-21.5542049407959,2.809861421585083,21.736583720500846,1.9802860407407223,1.3806198002674335,1.9802860407407223,1.3806198002674335,2.4140513325203035,0.10238640763640638,1.0,5,1.0,35.59384631645852,1,2,2.4486594200134277,1.2080345153808594,23.995861053466797,27,2.31550133228302,1.6763876676559448,2.31550133228302,0.347299551054551,0.7376636648643586,True,True,27.685213088989258,8.259803771972656,0.05000000074505806,1.0,0.6696373820304871,1.2835514545440674,1.2193738222122192,True,nearest_current_context_role_gap_ge_30mps;role_conflict_triggered_at_holdout_voxel,0.0,context_wind,7.9098721464101525,19.10611155492892,0.03624526432986938,"[{""distance_vox"": 0.0, ""source_role"": ""context_wind"", ""z"": 15, ""y"": 247, ""x"": 510, ""u"": 7.9098721464101525, ""v"": 19.10611155492892, ""base_weight"": 0.03624526432986938, ""time_conf"": 0.49091537070940944, ""qc_flags"": ""ok""}, {""distance_vox"": 1.0, ""source_role"": ""current_wind_train"", ""z"": 15, ""y"": 247, ""x"": 511, ""u"": -19.92389396183491, ""v"": 1.7431148549531648, ""base_weight"": 0.5669373788524215, ""time_conf"": 1.0, ""qc_flags"": ""ok""}, {""distance_vox"": 1.0, ""source_role"": ""context_wind"", ""z"": 14, ""y"": 247, ""x"": 510, ""u"": 8.13920386142892, ""v"": 23.63796438998292, ""base_weight"": 0.04711637664278757, ""time_conf"": 0.6546922875874867, ""qc_flags"": ""ok""}]",7,4.429726429878113,3.3735519997847447,default_timepower15_8_4_conservative_v2,49,1410
20260209044800,gaussian,diagnostic_weighted,pydda_3dvar_proxy,diagnostic_adaptive_v3,8,4.0,2,1.0,True,False,18,320,502,28.560000000000002,113.2,9000.0,45.74544089836288,17.560029527719735,49.00000000000001,45.502288818359375,18.690807342529297,49.1915090927788,-0.24315208000350452,1.1307778148095622,0.24315208000350452,1.1307778148095622,1.1566250042583028,0.02360459192363883,1.0,1,1.0,0.0,3,0,1.8420746326446533,0.20495986938476562,49.44668960571289,27,1.6108798715803359,0.6757663488388062,1.6108798715803359,0.8767321225237119,0.4808586554194967,True,False,4.406816482543945,9.106014251708984,0.05000000074505806,1.0,0.7593985795974731,0.5833064317703247,0.0,False,,1.0,current_wind_train,47.61260175135728,18.276765426810336,0.5669373788524215,"[{""distance_vox"": 1.0, ""source_role"": ""current_wind_train"", ""z"": 18, ""y"": 321, ""x"": 502, ""u"": 47.61260175135728, ""v"": 18.276765426810336, ""base_weight"": 0.5669373788524215, ""time_conf"": 1.0, ""qc_flags"": ""ok""}, {""distance_vox"": 1.0, ""source_role"": ""current_wind_train"", ""z"": 19, ""y"": 320, ""x"": 502, ""u"": 46.98463103929542, ""v"": 17.101007166283427, ""base_weight"": 0.5669373788524215, ""time_conf"": 1.0, ""qc_flags"": ""ok""}, {""distance_vox"": 1.4142135623730951, ""source_role"": ""current_wind_train"", ""z"": 17, ""y"": 321, ""x"": 502, ""u"": 45.67727288213005, ""v"": 20.336832153790006, ""base_weight"": 0.5669373788524215, ""time_conf"": 1.0, ""qc_flags"": ""ok""}]",7,4.429726429878113,3.3735519997847447,default_timepower15_8_4_conservative_v2,49,1410
20260209044800,gaussian,diagnostic_weighted,pydda_3dvar_proxy,diagnostic_adaptive_v3,8,4.0,2,1.0,True,False,23,391,501,22.880000000000006,113.12,11500.0,24.939101256495604,1.7439118436031396,25.0,25.13201904296875,1.2921175956726074,25.165213073947747,0.19291778647314572,-0.45179424793053213,0.19291778647314572,0.45179424793053213,0.4912589081134442,0.01965035632453777,1.0,1,1.0,6.391980703464505,1,2,0.8777357935905457,0.2112445831298828,26.005680084228516,27,0.6946438815858629,0.17574681341648102,0.6946438815858629,0.4093472116863099,0.3155120946969632,True,False,4.053630828857422,10.317304611206055,0.05000000074505806,1.0,0.709789514541626,0.6571829319000244,0.0,False,,0.0,context_wind,27.388132820546556,5.821527342897274,0.004480663077194731,"[{""distance_vox"": 0.0, ""source_role"": ""context_wind"", ""z"": 23, ""y"": 391, ""x"": 501, ""u"": 27.388132820546556, ""v"": 5.821527342897274, ""base_weight"": 0.004480663077194731, ""time_conf"": 0.2648657735898238, ""qc_flags"": ""ok""}, {""distance_vox"": 1.0, ""source_role"": ""current_wind_train"", ""z"": 23, ""y"": 392, ""x"": 501, ""u"": 22.943973155975957, ""v"": 1.6043988961148883, ""base_weight"": 0.5669373788524215, ""time_conf"": 1.0, ""qc_flags"": ""ok""}, {""distance_vox"": 1.0, ""source_role"": ""context_wind"", ""z"": 23, ""y"": 391, ""x"": 502, ""u"": 27.282361813986583, ""v"": 6.298629521628227, ""base_weight"": 0.004663748610154185, ""time_conf"": 0.2689771558723263, ""qc_flags"": ""ok""}]",7,4.429726429878113,3.3735519997847447,default_timepower15_8_4_conservative_v2,49,1410
20260213130000,gaussian,diagnostic_weighted,pydda_3dvar_proxy,diagnostic_adaptive_v3,10,5.0,2,1.0,True,False,19,240,508,34.96,113.68,9500.0,3.583285625620986,-12.496402047198146,13.0,2.2463815212249756,-11.864410400390625,12.07520037464382,-1.3369041043960106,0.6319916468075206,1.3369041043960106,0.6319916468075206,1.4787582716540866,0.11375063628108359,0.908198356628418,1,1.0,20.781052788079126,1,2,4.12612771987915,2.182699203491211,11.832773208618164,27,3.230796217918396,1.4220860004425049,2.6890457105383354,1.9406794965820289,0.05667227121158169,True,True,12.117624282836914,9.620996475219727,0.05000000074505806,1.0,0.8321199417114258,0.4658263921737671,0.44253507256507874,True,role_conflict_triggered_at_holdout_voxel,1.0,current_wind_train,2.257426309670095,-12.802500789158705,0.5669373788524215,"[{""distance_vox"": 1.0, ""source_role"": ""current_wind_train"", ""z"": 20, ""y"": 240, ""x"": 508, ""u"": 2.257426309670095, ""v"": -12.802500789158705, ""base_weight"": 0.5669373788524215, ""time_conf"": 1.0, ""qc_flags"": ""ok""}, {""distance_vox"": 1.0, ""source_role"": ""context_wind"", ""z"": 19, ""y"": 239, ""x"": 508, ""u"": -6.792386222004949, ""v"": 5.904531260914564, ""base_weight"": 0.022235968809881455, ""time_conf"": 0.49046504383445744, ""qc_flags"": ""ok""}, {""distance_vox"": 1.4142135623730951, ""source_role"": ""context_wind"", ""z"": 20, ""y"": 241, ""x"": 508, ""u"": 4.848096202463369, ""v"": -8.746197071393958, ""base_weight"": 0.10601735861952362, ""time_conf"": 0.8943360206311329, ""qc_flags"": ""ok""}]",2,2.9746035991112585,2.708503758451645,default_timepower15_8_4_conservative_v2;moderate_current_support_fresh_context_prefers_10_5,9,594
20260218073000,gaussian,diagnostic_weighted,pydda_3dvar_proxy,diagnostic_adaptive_v3,10,5.0,2,1.0,True,False,10,247,507,34.400000000000006,113.6,5000.0,5.297685557153562,2.8168293767153445,6.0,4.409421920776367,-0.6327111721038818,4.454584728426233,-0.8882636363771947,-3.4495405488192263,0.8882636363771947,3.4495405488192263,3.5620699439592824,0.5936783239932137,1.0,1,1.0,2.993246036340806,1,2,0.5187918543815613,0.025784969329833984,4.930507183074951,27,3.6565526414800575,3.4937386512756348,3.6567918355428275,0.0941235144513569,0.06833129268364768,True,False,2.5728585720062256,9.601531982421875,0.08286702632904053,0.7117704153060913,0.7639733552932739,0.5247189402580261,0.0,False,,1.0,current_wind_train,5.908846518073249,-1.0418890660015798,0.5669373788524215,"[{""distance_vox"": 1.0, ""source_role"": ""current_wind_train"", ""z"": 11, ""y"": 247, ""x"": 507, ""u"": 5.908846518073249, ""v"": -1.0418890660015798, ""base_weight"": 0.5669373788524215, ""time_conf"": 1.0, ""qc_flags"": ""ok""}, {""distance_vox"": 1.0, ""source_role"": ""context_wind"", ""z"": 11, ""y"": 247, ""x"": 507, ""u"": 5.985384301558946, ""v"": -0.4185388424647513, ""base_weight"": 0.13082459886210773, ""time_conf"": 0.969663144646718, ""qc_flags"": ""ok""}, {""distance_vox"": 2.0, ""source_role"": ""context_wind"", ""z"": 12, ""y"": 247, ""x"": 507, ""u"": 7.03026919999329, ""v"": -3.8171247321289106, ""base_weight"": 0.2245645201400641, ""time_conf"": 0.969663144646718, ""qc_flags"": ""ok""}]",3,3.1883483830871837,2.881497072692095,default_timepower15_8_4_conservative_v2;moderate_current_support_fresh_context_prefers_10_5,14,1084
20260218073000,gaussian,diagnostic_weighted,pydda_3dvar_proxy,diagnostic_adaptive_v3,10,5.0,2,1.0,True,False,23,391,443,22.880000000000006,108.48,11500.0,13.185516934752268,-9.062154718574345,15.999390769026741,14.116504669189453,-8.765512466430664,16.616555385349848,0.9309877344371849,0.29664225214368045,0.9309877344371849,0.29664225214368045,0.9771053103066,0.06107140730621947,1.0,2,1.0,6.803585618577025,1,2,2.578939437866211,0.6257839202880859,17.887794494628906,27,1.817600652023598,0.9096935987472534,1.806755333770899,0.6018038073324412,0.06741171155934655,True,False,7.469134330749512,11.174518585205078,0.08953174948692322,0.7117704153060913,0.6573027968406677,0.3034365773200989,0.0,False,,0.0,context_wind,10.724622203665694,-8.999026535611549,0.08009899561895628,"[{""distance_vox"": 0.0, ""source_role"": ""context_wind"", ""z"": 23, ""y"": 391, ""x"": 443, ""u"": 10.724622203665694, ""v"": -8.999026535611549, ""base_weight"": 0.08009899561895628, ""time_conf"": 0.8029228818633765, ""qc_flags"": ""ok""}, {""distance_vox"": 1.0, ""source_role"": ""current_wind_train"", ""z"": 24, ""y"": 391, ""x"": 443, ""u"": 17.492394142787912, ""v"": -9.696192404926746, ""base_weight"": 0.5669373788524215, ""time_conf"": 1.0, ""qc_flags"": ""ok""}, {""distance_vox"": 1.0, ""source_role"": ""context_wind"", ""z"": 22, ""y"": 391, ""x"": 443, ""u"": 14.418925439074782, ""v"": -4.134560337254991, ""base_weight"": 0.010922777115206613, ""time_conf"": 0.37313711607747774, ""qc_flags"": ""ok""}]",3,3.1883483830871837,2.881497072692095,default_timepower15_8_4_conservative_v2;moderate_current_support_fresh_context_prefers_10_5,14,1084
20260222030600,gaussian,diagnostic_weighted,pydda_3dvar_proxy,diagnostic_adaptive_v3,8,4.0,2,1.0,True,False,16,244,510,34.64,113.84,8000.0,19.422174609143582,-18.755776002392928,27.0,25.863006591796875,-27.017641067504883,37.401176971050724,6.440831982653293,-8.261865065111955,6.440831982653293,8.261865065111955,10.475816482875544,0.3879932030694646,1.0,1,1.0,0.0,0,3,4.793646335601807,0.7854995727539062,40.51422882080078,27,10.015407844826028,4.851707935333252,10.015407844826028,3.101552657487623,5.624108547542292,True,False,3.331037998199463,11.615564346313477,0.273171991109848,0.11254594475030899,0.7251260876655579,0.6749702095985413,0.0,True,context_only_nearest_support,1.0,context_wind,34.0677433133866,-40.600355485305826,0.04392728962166083,"[{""distance_vox"": 1.0, ""source_role"": ""context_wind"", ""z"": 17, ""y"": 244, ""x"": 510, ""u"": 34.0677433133866, ""v"": -40.600355485305826, ""base_weight"": 0.04392728962166083, ""time_conf"": 0.6372803136596311, ""qc_flags"": ""ok""}, {""distance_vox"": 1.0, ""source_role"": ""context_wind"", ""z"": 16, ""y"": 244, ""x"": 509, ""u"": 21.116561071312233, ""v"": -35.1438593287866, ""base_weight"": 0.04392728962166083, ""time_conf"": 0.6372803136596311, ""qc_flags"": ""ok""}, {""distance_vox"": 1.4142135623730951, ""source_role"": ""context_wind"", ""z"": 15, ""y"": 244, ""x"": 509, ""u"": 13.829045864577207, ""v"": -31.060545559848432, ""base_weight"": 0.04392728962166083, ""time_conf"": 0.6372803136596311, ""qc_flags"": ""ok""}]",5,5.15506706865248,3.8414844502635836,default_timepower15_8_4_conservative_v2,30,560
20260222030600,gaussian,diagnostic_weighted,pydda_3dvar_proxy,diagnostic_adaptive_v3,8,4.0,2,1.0,True,False,22,241,509,34.88,113.76,11000.0,43.502773777759195,-20.28567656355358,48.0,43.46393585205078,-23.54033088684082,49.429352595529075,-0.038837925708413934,-3.254654323287241,0.038837925708413934,3.254654323287241,3.2548860423316914,0.06781012588191024,1.0,1,1.0,10.347011014995365,2,1,4.506797790527344,0.5642280578613281,50.45130157470703,27,4.272524392163312,2.1988725662231445,4.272524392163312,1.834446507880711,1.056013476108547,True,False,8.983443260192871,9.85071849822998,0.05000000074505806,1.0,0.6517329812049866,0.5060906410217285,0.0,False,,1.0,current_wind_train,40.98630011266493,-20.883562988019147,0.5669373788524215,"[{""distance_vox"": 1.0, ""source_role"": ""current_wind_train"", ""z"": 21, ""y"": 241, ""x"": 509, ""u"": 40.98630011266493, ""v"": -20.883562988019147, ""base_weight"": 0.5669373788524215, ""time_conf"": 1.0, ""qc_flags"": ""ok""}, {""distance_vox"": 1.0, ""source_role"": ""current_wind_train"", ""z"": 23, ""y"": 241, ""x"": 509, ""u"": 47.28637658290616, ""v"": -19.10493626421151, ""base_weight"": 0.5669373788524215, ""time_conf"": 1.0, ""qc_flags"": ""ok""}, {""distance_vox"": 1.0, ""source_role"": ""context_wind"", ""z"": 22, ""y"": 241, ""x"": 510, ""u"": 48.49742261192856, ""v"": -28.000000000000004, ""base_weight"": 0.04759048117633635, ""time_conf"": 0.6572182486030388, ""qc_flags"": ""ok""}]",5,5.15506706865248,3.8414844502635836,default_timepower15_8_4_conservative_v2,30,560
20260126034800,gaussian,diagnostic_weighted,pydda_3dvar_proxy,diagnostic_adaptive_v3,10,5.0,2,1.0,True,False,18,381,509,23.680000000000003,113.76,9000.0,3.3646475863327687,-12.557035741757888,12.999999999999998,5.239202976226807,-2.6886661052703857,5.88881764463238,1.874555389894038,9.868369636487502,1.874555389894038,9.868369636487502,10.044833358106507,0.772679489085116,1.0,1,1.0,0.0,0,3,5.812557220458984,1.42242431640625,7.430386543273926,27,10.940301241698089,6.881736755371094,11.324180561763887,3.6817505825315355,3.163096602735413,False,False,0.0,12.68598747253418,0.3475956320762634,0.0,0.7609055638313293,0.3980928957462311,0.0,True,context_only_nearest_support,1.0,context_wind,2.736161146605349,-7.517540966287267,0.0754289051710977,"[{""distance_vox"": 1.0, ""source_role"": ""context_wind"", ""z"": 18, ""y"": 382, ""x"": 509, ""u"": 2.736161146605349, ""v"": -7.517540966287267, ""base_weight"": 0.0754289051710977, ""time_conf"": 0.7845840978967508, ""qc_flags"": ""ok""}, {""distance_vox"": 2.23606797749979, ""source_role"": ""context_wind"", ""z"": 17, ""y"": 381, ""x"": 507, ""u"": 5.362311101832847, ""v"": -4.499513267805774, ""base_weight"": 0.027165661020222054, ""time_conf"": 0.5297315471796477, ""qc_flags"": ""ok""}, {""distance_vox"": 2.449489742783178, ""source_role"": ""context_wind"", ""z"": 17, ""y"": 380, ""x"": 507, ""u"": 4.993895497135017, ""v"": -9.801071766072045, ""base_weight"": 0.027165661020222054, ""time_conf"": 0.5297315471796477, ""qc_flags"": ""ok""}]",1,10.044833358106507,10.044833358106507,default_timepower15_8_4_conservative_v2;moderate_current_support_fresh_context_prefers_10_5,6,751
20260131080600,gaussian,diagnostic_weighted,pydda_3dvar_proxy,diagnostic_adaptive_v3,10,5.0,2,1.0,True,False,12,326,499,28.080000000000002,112.96000000000001,6000.0,7.171047638940227,-6.1759553629862936,9.463949962122019,5.4264349937438965,-6.107540607452393,8.169960159817688,-1.7446126451963302,0.06841475553390097,1.7446126451963302,0.06841475553390097,1.7459535676969475,0.18448465753568583,1.0,2,1.0,6.223288435302684,2,1,1.1767957210540771,0.3076610565185547,8.667211532592773,27,1.615141714060748,0.7492033839225769,1.615141714060748,0.6219241625983274,0.9967501837743706,True,False,2.3969385623931885,8.444147109985352,0.05000000074505806,1.0,0.7254993915557861,0.37810084223747253,0.0,False,,1.0,current_wind_train,5.605224947139308,-6.138096404772514,1.2642411176571153,"[{""distance_vox"": 1.0, ""source_role"": ""current_wind_train"", ""z"": 12, ""y"": 326, ""x"": 500, ""u"": 5.605224947139308, ""v"": -6.138096404772514, ""base_weight"": 1.2642411176571153, ""time_conf"": 1.0, ""qc_flags"": ""ok""}, {""distance_vox"": 1.4142135623730951, ""source_role"": ""current_wind_train"", ""z"": 13, ""y"": 326, ""x"": 498, ""u"": 8.089146416692504, ""v"": -3.9453403211016966, ""base_weight"": 0.5669373788524215, ""time_conf"": 1.0, ""qc_flags"": ""ok""}, {""distance_vox"": 1.4142135623730951, ""source_role"": ""context_wind"", ""z"": 13, ""y"": 327, ""x"": 499, ""u"": 9.899494936611667, ""v"": -9.899494936611662, ""base_weight"": 0.014170545177687028, ""time_conf"": 0.4124302971676512, ""qc_flags"": ""ok""}]",2,2.1744355960812736,2.13867683347091,default_timepower15_8_4_conservative_v2;moderate_current_support_fresh_context_prefers_10_5,7,1317
20260202130000,gaussian,diagnostic_weighted,pydda_3dvar_proxy,diagnostic_adaptive_v3,8,4.0,2,1.0,True,False,8,246,512,34.480000000000004,114.0,4000.0,4.567727288213005,-2.033683215378999,5.0,1.8272454738616943,1.3366118669509888,2.2639251985483653,-2.7404818143513108,3.3702950823299878,2.7404818143513108,3.3702950823299878,4.343861130004958,0.8687722260009917,1.0,1,1.0,15.734953524170736,1,2,2.4270708560943604,0.5889418125152588,4.33010721206665,27,4.61818085776435,3.7157211303710938,4.492425885408687,0.8615261133346058,0.6281399996338646,True,False,6.443179607391357,11.608753204345703,0.274002343416214,0.12226314097642899,0.7335889339447021,0.46059754490852356,0.0,False,,1.4142135623730951,context_wind,8.183980320749981,8.776244419430046,0.01114370210222811,"[{""distance_vox"": 1.4142135623730951, ""source_role"": ""context_wind"", ""z"": 8, ""y"": 247, ""x"": 513, ""u"": 8.183980320749981, ""v"": 8.776244419430046, ""base_weight"": 0.01114370210222811, ""time_conf"": 0.3760219768904959, ""qc_flags"": ""ok""}, {""distance_vox"": 1.7320508075688772, ""source_role"": ""context_wind"", ""z"": 7, ""y"": 247, ""x"": 513, ""u"": 9.660882731206126, ""v"": 8.698697882665156, ""base_weight"": 0.01114370210222811, ""time_conf"": 0.3760219768904959, ""qc_flags"": ""ok""}, {""distance_vox"": 2.0, ""source_role"": ""current_wind_train"", ""z"": 10, ""y"": 246, ""x"": 512, ""u"": 0.3486229709906333, ""v"": -3.984778792366982, ""base_weight"": 0.5669373788524215, ""time_conf"": 1.0, ""qc_flags"": ""ok""}]",5,4.181801382612323,3.8638382093703507,default_timepower15_8_4_conservative_v2,31,672
20260202130000,gaussian,diagnostic_weighted,pydda_3dvar_proxy,diagnostic_adaptive_v3,8,4.0,2,1.0,True,False,15,321,502,28.480000000000004,113.2,7500.0,1.93537516479734,7.762365810207972,7.999999999999999,0.7492219805717468,2.176837682723999,2.3021633028738515,-1.1861531842255932,-5.585528127483973,1.1861531842255932,5.585528127483973,5.710086149907297,0.7137607687384122,1.0,1,1.0,7.401072584957926,1,2,1.5799603462219238,0.4078395366668701,3.4815964698791504,27,5.652775658501519,4.660537242889404,5.511037224980412,0.459167025001947,1.0495489070178916,True,False,0.6629526615142822,10.330852508544922,0.10079582035541534,0.5829744338989258,0.7096737623214722,0.11250828206539154,0.0,False,,0.0,context_wind,-1.321740346880751,2.033721378798005,0.07924199254285233,"[{""distance_vox"": 0.0, ""source_role"": ""context_wind"", ""z"": 15, ""y"": 321, ""x"": 502, ""u"": -1.321740346880751, ""v"": 2.033721378798005, ""base_weight"": 0.07924199254285233, ""time_conf"": 0.7199968710816425, ""qc_flags"": ""ok""}, {""distance_vox"": 1.0, ""source_role"": ""current_wind_train"", ""z"": 16, ""y"": 321, ""x"": 502, ""u"": 0.7167358990906009, ""v"": 1.8671608529944035, ""base_weight"": 0.5669373788524215, ""time_conf"": 1.0, ""qc_flags"": ""ok""}, {""distance_vox"": 2.23606797749979, ""source_role"": ""context_wind"", ""z"": 17, ""y"": 322, ""x"": 502, ""u"": 3.0902284494603274, ""v"": -5.143003804212673, ""base_weight"": 0.05104551305186988, ""time_conf"": 0.675174973084095, ""qc_flags"": ""ok""}]",5,4.181801382612323,3.8638382093703507,default_timepower15_8_4_conservative_v2,31,672
20260202130000,gaussian,diagnostic_weighted,pydda_3dvar_proxy,diagnostic_adaptive_v3,8,4.0,2,1.0,True,False,20,248,516,34.32000000000001,114.32,10000.0,3.881182905103986,0.9676875823986711,4.0,4.039721965789795,2.4044182300567627,4.70112545949519,0.15853906068580903,1.4367306476580914,0.15853906068580903,1.4367306476580914,1.4454513439348893,0.3613628359837223,1.0,1,1.0,3.635060547176637,1,2,1.3185149431228638,0.5234169960021973,5.364348888397217,27,1.8077270057466295,1.3236539363861084,1.8077270057466295,0.5355659214485483,0.12179740754878088,True,False,2.166564464569092,10.779644966125488,0.13980473577976227,0.7682055830955505,0.848781943321228,1.4635387659072876,0.0,False,,1.0,context_wind,3.4099918003124916,3.656768508095853,0.09215141856530772,"[{""distance_vox"": 1.0, ""source_role"": ""context_wind"", ""z"": 21, ""y"": 248, ""x"": 516, ""u"": 3.4099918003124916, ""v"": 3.656768508095853, ""base_weight"": 0.09215141856530772, ""time_conf"": 0.8473976959134202, ""qc_flags"": ""ok""}, {""distance_vox"": 1.4142135623730951, ""source_role"": ""current_wind_train"", ""z"": 21, ""y"": 249, ""x"": 516, ""u"": 3.999390780625565, ""v"": 0.06980962574913399, ""base_weight"": 0.5669373788524215, ""time_conf"": 1.0, ""qc_flags"": ""ok""}, {""distance_vox"": 1.4142135623730951, ""source_role"": ""context_wind"", ""z"": 21, ""y"": 248, ""x"": 515, ""u"": 4.987820251299121, ""v"": -0.34878236872062607, ""base_weight"": 0.11034936133238137, ""time_conf"": 0.9082183626944031, ""qc_flags"": ""ok""}]",5,4.181801382612323,3.8638382093703507,default_timepower15_8_4_conservative_v2,31,672
20260209233600,gaussian,diagnostic_weighted,pydda_3dvar_proxy,diagnostic_adaptive_v3,10,5.0,2,1.0,True,False,17,296,520,30.48,114.64,8500.0,21.92509098342242,9.761679433819202,24.0,18.072471618652344,-1.013839840888977,18.10088676363587,-3.852619364770078,-10.775519274708179,3.852619364770078,10.775519274708179,11.443534926298293,0.47681395526242887,0.38121742010116577,1,1.0,0.0,0,3,5.264832973480225,1.3280563354492188,22.447477340698242,27,11.392858982086182,7.558627128601074,11.48287053322199,2.953811781228084,3.8849077976972186,False,False,0.0,12.123379707336426,0.22459185123443604,0.0,0.5320408940315247,0.07694873213768005,0.0,True,context_only_nearest_support,2.23606797749979,context_wind,18.973961160336902,-0.994383168615935,0.007693884900804445,"[{""distance_vox"": 2.23606797749979, ""source_role"": ""context_wind"", ""z"": 16, ""y"": 294, ""x"": 520, ""u"": 18.973961160336902, ""v"": -0.994383168615935, ""base_weight"": 0.007693884900804445, ""time_conf"": 0.32608801744139104, ""qc_flags"": ""ok""}, {""distance_vox"": 3.0, ""source_role"": ""context_wind"", ""z"": 15, ""y"": 297, ""x"": 518, ""u"": 19.602143532144098, ""v"": -9.987790994270027, ""base_weight"": 0.03780169221816817, ""time_conf"": 0.6015125180410583, ""qc_flags"": ""ok""}, {""distance_vox"": 4.242640687119285, ""source_role"": ""context_wind"", ""z"": 17, ""y"": 299, ""x"": 523, ""u"": 14.997715427345868, ""v"": -0.26178609655924695, ""base_weight"": 0.027993996908309466, ""time_conf"": 0.5358867312681466, ""qc_flags"": ""ok""}]",2,8.217072346889578,6.732468247088925,default_timepower15_8_4_conservative_v2;moderate_current_support_fresh_context_prefers_10_5,12,711
20260213132400,gaussian,diagnostic_weighted,pydda_3dvar_proxy,diagnostic_adaptive_v3,10,5.0,2,1.0,True,False,20,241,508,34.88,113.68,10000.0,4.848096202463369,-8.746197071393958,9.999999999999998,2.6904196739196777,-4.276688098907471,5.0525655975109185,-2.157676528543691,4.469508972486487,2.157676528543691,4.469508972486487,4.963071474093997,0.4963071474093998,1.0,1,1.0,5.931293670912616,1,2,1.5491033792495728,0.11725330352783203,6.3924126625061035,27,4.989596128463745,3.541111469268799,4.989596128463745,0.9203807680746435,1.4219600048251984,True,False,4.52137565612793,11.126214027404785,0.17041386663913727,0.6539387106895447,0.8300133943557739,0.9977266192436218,0.0,False,,1.0,context_wind,2.257426309670095,-12.802500789158705,0.10601735861952362,"[{""distance_vox"": 1.0, ""source_role"": ""context_wind"", ""z"": 20, ""y"": 240, ""x"": 508, ""u"": 2.257426309670095, ""v"": -12.802500789158705, ""base_weight"": 0.10601735861952362, ""time_conf"": 0.8943360206311329, ""qc_flags"": ""ok""}, {""distance_vox"": 1.4142135623730951, ""source_role"": ""current_wind_train"", ""z"": 21, ""y"": 240, ""x"": 508, ""u"": 3.7557725022871264, ""v"": -7.063580742871415, ""base_weight"": 0.5669373788524215, ""time_conf"": 1.0, ""qc_flags"": ""ok""}, {""distance_vox"": 1.4142135623730951, ""source_role"": ""context_wind"", ""z"": 19, ""y"": 240, ""x"": 508, ""u"": 3.583285625620986, ""v"": -12.496402047198146, ""base_weight"": 0.10601735861952362, ""time_conf"": 0.8943360206311329, ""qc_flags"": ""ok""}]",2,3.97211500472358,3.7971455542548638,default_timepower15_8_4_conservative_v2;moderate_current_support_fresh_context_prefers_10_5,13,571
20260218162400,gaussian,diagnostic_weighted,pydda_3dvar_proxy,diagnostic_adaptive_v3,10,5.0,2,1.0,True,False,23,250,498,34.160000000000004,112.88,11500.0,21.47234980943564,-8.24246283954191,23.000000000000004,22.428003311157227,-5.34938383102417,23.057129914560104,0.955653501721585,2.8930790085177396,0.955653501721585,2.8930790085177396,3.0468311021254055,0.13247091748371326,0.9022312164306641,1,1.0,11.221083907167584,1,2,4.057474136352539,0.14164161682128906,24.39051628112793,27,3.160512186862804,1.4582048654556274,3.5164958543203846,1.3622428884486772,1.588626236669778,True,False,7.632103443145752,13.176589965820312,0.23410849273204803,0.17983506619930267,0.5741015076637268,0.08864495158195496,0.0,False,,0.0,context_wind,29.95888604263721,-1.5700786872883183,0.015662773567257704,"[{""distance_vox"": 0.0, ""source_role"": ""context_wind"", ""z"": 23, ""y"": 250, ""x"": 498, ""u"": 29.95888604263721, ""v"": -1.5700786872883183, ""base_weight"": 0.015662773567257704, ""time_conf"": 0.4286219914265364, ""qc_flags"": ""ok""}, {""distance_vox"": 1.7320508075688772, ""source_role"": ""context_wind"", ""z"": 22, ""y"": 249, ""x"": 497, ""u"": 22.516660498395403, ""v"": -13.000000000000004, ""base_weight"": 0.004348081293985099, ""time_conf"": 0.2618235307051567, ""qc_flags"": ""ok""}, {""distance_vox"": 2.23606797749979, ""source_role"": ""current_wind_train"", ""z"": 25, ""y"": 250, ""x"": 497, ""u"": 19.890437907365467, ""v"": -2.09056926535306, ""base_weight"": 0.5669373788524215, ""time_conf"": 1.0, ""qc_flags"": ""ok""}]",1,3.0468311021254055,3.0468311021254055,default_timepower15_8_4_conservative_v2;moderate_current_support_fresh_context_prefers_10_5,3,574
20260222034800,gaussian,diagnostic_weighted,pydda_3dvar_proxy,diagnostic_adaptive_v3,10,5.0,2,1.0,True,False,18,247,502,34.400000000000006,113.2,9000.0,27.57716446627536,-27.577164466275345,39.0,27.738901138305664,-28.570690155029297,39.82123770421235,0.16173667203030462,-0.9935256887539516,0.16173667203030462,0.9935256887539516,1.0066042148200316,0.025810364482564914,1.0,1,1.0,14.016863045092308,1,2,3.447068929672241,0.3545112609863281,42.944183349609375,27,2.2187207032133034,0.7705106139183044,2.2187207032133034,1.3173303751482797,0.23609360090172715,False,False,0.0,12.878575325012207,0.3767756521701813,0.0,0.819265604019165,0.6105430722236633,0.0,False,,2.449489742783178,context_wind,26.004354869021817,-20.31682868574673,0.031885384169645765,"[{""distance_vox"": 2.449489742783178, ""source_role"": ""context_wind"", ""z"": 19, ""y"": 249, ""x"": 503, ""u"": 26.004354869021817, ""v"": -20.31682868574673, ""base_weight"": 0.031885384169645765, ""time_conf"": 0.5633963890361899, ""qc_flags"": ""ok""}, {""distance_vox"": 2.449489742783178, ""source_role"": ""context_wind"", ""z"": 17, ""y"": 246, ""x"": 504, ""u"": 27.060086959909302, ""v"": -25.233939322312448, ""base_weight"": 0.13082459886210773, ""time_conf"": 0.969663144646718, ""qc_flags"": ""ok""}, {""distance_vox"": 3.1622776601683795, ""source_role"": ""current_wind_train"", ""z"": 21, ""y"": 247, ""x"": 501, ""u"": 36.52586018847763, ""v"": -29.578058379342362, ""base_weight"": 0.5669373788524215, ""time_conf"": 1.0, ""qc_flags"": ""ok""}]",3,4.342838975761917,3.218190105191192,default_timepower15_8_4_conservative_v2;moderate_current_support_fresh_context_prefers_10_5,18,570
20260126064800,gaussian,diagnostic_weighted,pydda_3dvar_proxy,diagnostic_adaptive_v3,10,5.0,2,1.0,True,False,4,245,509,34.56,113.76,2000.0,-4.120672527575034,10.19902240023466,11.0,-4.918915271759033,7.559499263763428,9.018966491210845,-0.798242744183999,-2.639523136471233,0.798242744183999,2.639523136471233,2.7575847886528053,0.25068952624116414,1.0,1,1.0,26.708883995467694,1,2,0.144083172082901,0.12354278564453125,8.9088773727417,27,2.8221736307497376,2.7474443912506104,2.8212994947742454,0.06281837736636053,0.010140397402194967,True,True,19.021570205688477,8.335305213928223,0.05000000074505806,1.0,0.6925166249275208,0.4436752498149872,0.42149147391319275,True,role_conflict_triggered_at_holdout_voxel,0.0,context_wind,6.884791905168873,-8.046087727546844,0.14775948065907568,"[{""distance_vox"": 0.0, ""source_role"": ""context_wind"", ""z"": 4, ""y"": 245, ""x"": 509, ""u"": 6.884791905168873, ""v"": -8.046087727546844, ""base_weight"": 0.14775948065907568, ""time_conf"": 0.7299833701734479, ""qc_flags"": ""ok""}, {""distance_vox"": 1.0, ""source_role"": ""context_wind"", ""z"": 5, ""y"": 245, ""x"": 509, ""u"": 13.211481344768503, ""v"": -10.698446647847238, ""base_weight"": 0.007928486995611049, ""time_conf"": 0.32987697769322355, ""qc_flags"": ""ok""}, {""distance_vox"": 1.4142135623730951, ""source_role"": ""current_wind_train"", ""z"": 5, ""y"": 245, ""x"": 508, ""u"": -5.6370513822986075, ""v"": 8.225012293900974, ""base_weight"": 1.4728057237685466, ""time_conf"": 1.0, ""qc_flags"": ""ok""}]",2,2.155881791104269,2.029057480237634,default_timepower15_8_4_conservative_v2;moderate_current_support_fresh_context_prefers_10_5,8,807
20260131093600,gaussian,diagnostic_weighted,pydda_3dvar_proxy,diagnostic_adaptive_v3,10,5.0,2,1.0,True,False,6,242,494,34.8,112.56,3000.0,0.9945218953682734,-0.10452846326765299,1.0,-1.914408564567566,-3.4970712661743164,3.9867866249388975,-2.9089304599358394,-3.3925428029066635,2.9089304599358394,3.3925428029066635,4.4689174405325875,4.4689174405325875,1.0,1,1.0,11.713403933681379,1,2,1.2796353101730347,0.6571602821350098,3.8549633026123047,27,3.9550844121862343,3.1558122634887695,4.188303150181515,0.5451525704987418,1.313105177043818,True,True,8.887630462646484,8.104035377502441,0.05000000074505806,1.0,0.3868316113948822,0.018450874835252762,0.01752833090722561,True,role_conflict_triggered_at_holdout_voxel,1.4142135623730951,current_wind_train,-1.9392384809853482,-3.498478828557583,0.5669373788524215,"[{""distance_vox"": 1.4142135623730951, ""source_role"": ""current_wind_train"", ""z"": 7, ""y"": 241, ""x"": 494, ""u"": -1.9392384809853482, ""v"": -3.498478828557583, ""base_weight"": 0.5669373788524215, ""time_conf"": 1.0, ""qc_flags"": ""ok""}, {""distance_vox"": 1.4142135623730951, ""source_role"": ""context_wind"", ""z"": 7, ""y"": 242, ""x"": 495, ""u"": 9.76009385590989, ""v"": -2.9244974835125066, ""base_weight"": 0.017833794015515977, ""time_conf"": 0.36602142398640636, ""qc_flags"": ""ok""}, {""distance_vox"": 2.0, ""source_role"": ""context_wind"", ""z"": 4, ""y"": 242, ""x"": 494, ""u"": 1.35758262028393, ""v"": 0.6142191427975972, ""base_weight"": 0.032846161210445285, ""time_conf"": 0.4629373561436452, ""qc_flags"": ""ok""}]",1,4.4689174405325875,4.4689174405325875,default_timepower15_8_4_conservative_v2;moderate_current_support_fresh_context_prefers_10_5,3,1169
20260202133000,gaussian,diagnostic_weighted,pydda_3dvar_proxy,diagnostic_adaptive_v3,10,5.0,2,1.0,True,False,8,245,506,34.56,113.52000000000001,4000.0,2.624236115962028,3.0188383208910885,3.9999999999999996,1.4610068798065186,1.5963184833526611,2.1639717657897757,-1.1632292361555097,-1.4225198375384274,1.1632292361555097,1.4225198375384274,1.8375703915870227,0.45939259789675574,1.0,1,1.0,11.159429174566341,1,2,0.8690563440322876,0.23949837684631348,2.8946433067321777,27,1.8244025265728985,1.1897432804107666,1.8244025265728985,0.4772558408943154,0.6478271111762561,True,False,2.0764801502227783,8.471312522888184,0.05000000074505806,1.0,0.7337310910224915,0.6841587424278259,0.0,False,,0.0,context_wind,4.42100608304702,3.748106807430663,0.05734740463964658,"[{""distance_vox"": 0.0, ""source_role"": ""context_wind"", ""z"": 8, ""y"": 245, ""x"": 506, ""u"": 4.42100608304702, ""v"": 3.748106807430663, ""base_weight"": 0.05734740463964658, ""time_conf"": 0.5838873666011486, ""qc_flags"": ""ok""}, {""distance_vox"": 1.0, ""source_role"": ""current_wind_train"", ""z"": 8, ""y"": 246, ""x"": 506, ""u"": 0.1895859393567237, ""v"": 1.9689252610305703, ""base_weight"": 0.973165761934816, ""time_conf"": 1.0, ""qc_flags"": ""ok""}, {""distance_vox"": 1.0, ""source_role"": ""context_wind"", ""z"": 9, ""y"": 245, ""x"": 506, ""u"": 10.9581416790092, ""v"": -0.9587131702242367, ""base_weight"": 0.02689503204719665, ""time_conf"": 0.5276955701815529, ""qc_flags"": ""ok""}]",3,3.5590574305162743,2.9920913322262197,default_timepower15_8_4_conservative_v2;moderate_current_support_fresh_context_prefers_10_5,14,684
20260202133000,gaussian,diagnostic_weighted,pydda_3dvar_proxy,diagnostic_adaptive_v3,10,5.0,2,1.0,True,False,15,247,510,34.400000000000006,113.84,7500.0,1.026060429977006,2.8190778623577253,3.0,1.3705523014068604,1.4299651384353638,1.9807104553750683,0.3444918714298544,-1.3891127239223615,0.3444918714298544,1.3891127239223615,1.4311913950426918,0.4770637983475639,1.0,1,1.0,8.70808336442504,2,1,1.1568572521209717,0.1402965784072876,2.84513258934021,27,1.6430652362328988,1.1089389324188232,1.6430652362328988,0.5040113573834671,0.32225246262386853,True,False,1.3383983373641968,8.677096366882324,0.05000000074505806,1.0,0.796089768409729,1.2770917415618896,0.0,False,,1.0,current_wind_train,-0.10467191248588761,1.9972590695091477,0.5669373788524215,"[{""distance_vox"": 1.0, ""source_role"": ""current_wind_train"", ""z"": 15, ""y"": 247, ""x"": 509, ""u"": -0.10467191248588761, ""v"": 1.9972590695091477, ""base_weight"": 0.5669373788524215, ""time_conf"": 1.0, ""qc_flags"": ""ok""}, {""distance_vox"": 1.0, ""source_role"": ""current_wind_train"", ""z"": 16, ""y"": 247, ""x"": 510, ""u"": 2.0636940088487927, ""v"": 2.1370177045509084, ""base_weight"": 0.973165761934816, ""time_conf"": 1.0, ""qc_flags"": ""ok""}, {""distance_vox"": 1.0, ""source_role"": ""context_wind"", ""z"": 15, ""y"": 248, ""x"": 510, ""u"": 6.734287326513278, ""v"": 7.387931792749176, ""base_weight"": 0.031556714151100534, ""time_conf"": 0.4558612442791084, ""qc_flags"": ""ok""}]",3,3.5590574305162743,2.9920913322262197,default_timepower15_8_4_conservative_v2;moderate_current_support_fresh_context_prefers_10_5,14,684
20260206013000,gaussian,diagnostic_weighted,pydda_3dvar_proxy,diagnostic_adaptive_v3,8,4.0,2,1.0,True,False,9,290,517,30.96,114.4,4500.0,14.963460753897364,1.0463471061618836,15.0,27.516801834106445,2.2596781253814697,27.60942825209916,12.553341080209082,1.213331019219586,12.553341080209082,1.213331019219586,12.611841437247193,0.8407894291498129,1.0,1,1.0,0.0,3,0,3.411856174468994,0.07976150512695312,30.639204025268555,27,12.575760770727086,9.13997745513916,13.611457298019763,2.565954018185095,3.471863982108033,True,True,21.393951416015625,10.273768424987793,0.05000000074505806,0.47695228457450867,0.4743802547454834,0.009336074814200401,0.008869270794093609,True,role_conflict_triggered_at_holdout_voxel,1.0,current_wind_train,24.984770675477392,0.872487417562519,0.5669373788524215,"[{""distance_vox"": 1.0, ""source_role"": ""current_wind_train"", ""z"": 10, ""y"": 290, ""x"": 517, ""u"": 24.984770675477392, ""v"": 0.872487417562519, ""base_weight"": 0.5669373788524215, ""time_conf"": 1.0, ""qc_flags"": ""ok""}, {""distance_vox"": 2.23606797749979, ""source_role"": ""current_wind_train"", ""z"": 11, ""y"": 290, ""x"": 518, ""u"": 34.41530564152033, ""v"": 6.0067367403539995, ""base_weight"": 0.973165761934816, ""time_conf"": 1.0, ""qc_flags"": ""ok""}, {""distance_vox"": 3.3166247903554, ""source_role"": ""current_wind_train"", ""z"": 12, ""y"": 289, ""x"": 518, ""u"": 40.8954302006916, ""v"": 13.287730758122745, ""base_weight"": 0.5669373788524215, ""time_conf"": 1.0, ""qc_flags"": ""ok""}]",4,7.651415006099031,5.865517033374847,default_timepower15_8_4_conservative_v2,21,744
20260206013000,gaussian,diagnostic_weighted,pydda_3dvar_proxy,diagnostic_adaptive_v3,8,4.0,2,1.0,True,False,16,288,520,31.120000000000005,114.64,8000.0,20.09800006813722,8.948206147667602,22.0,28.013782501220703,11.995168685913086,30.473858991424258,7.915782433083482,3.0469625382454844,7.915782433083482,3.0469625382454844,8.48195686368331,0.38554349380378683,1.0,1,1.0,0.0,3,0,4.6839752197265625,0.6194972991943359,35.14204406738281,27,8.889736334482828,4.936056613922119,8.889736334482828,3.3290028374014815,3.545900249761191,True,True,24.32682228088379,9.074993133544922,0.05000000074505806,1.0,0.7868601083755493,0.10123074799776077,0.09616921097040176,True,role_conflict_triggered_at_holdout_voxel,1.0,current_wind_train,28.94099322141325,11.109406435904322,0.5669373788524215,"[{""distance_vox"": 1.0, ""source_role"": ""current_wind_train"", ""z"": 17, ""y"": 288, ""x"": 520, ""u"": 28.94099322141325, ""v"": 11.109406435904322, ""base_weight"": 0.5669373788524215, ""time_conf"": 1.0, ""qc_flags"": ""ok""}, {""distance_vox"": 1.4142135623730951, ""source_role"": ""current_wind_train"", ""z"": 15, ""y"": 288, ""x"": 519, ""u"": 22.092116482858565, ""v"": 9.377547083742572, ""base_weight"": 0.5669373788524215, ""time_conf"": 1.0, ""qc_flags"": ""ok""}, {""distance_vox"": 2.23606797749979, ""source_role"": ""current_wind_train"", ""z"": 18, ""y"": 288, ""x"": 521, ""u"": 32.88924172750679, ""v"": 11.9707050163984, ""base_weight"": 0.5669373788524215, ""time_conf"": 1.0, ""qc_flags"": ""ok""}]",4,7.651415006099031,5.865517033374847,default_timepower15_8_4_conservative_v2,21,744
20260206013000,gaussian,diagnostic_weighted,pydda_3dvar_proxy,diagnostic_adaptive_v3,8,4.0,2,1.0,True,False,20,287,530,31.2,115.44,10000.0,39.858279482648214,23.949270483317534,46.5,39.471920013427734,23.30183982849121,45.83675609092659,-0.3863594692204799,-0.6474306548263229,0.3863594692204799,0.6474306548263229,0.7539496616254776,0.016213971217752206,1.0,2,1.0,0.0,3,0,1.4119715690612793,0.44641876220703125,46.27456283569336,27,1.0850918381302446,0.3117973506450653,1.0850918381302446,0.8325256838604156,0.4421523109804123,False,False,0.0,11.274999618530273,0.13428571820259094,1.0,1.0,0.0,0.0,False,,1.0,current_wind_train,40.7031939778686,23.50000000000002,0.5669373788524215,"[{""distance_vox"": 1.0, ""source_role"": ""current_wind_train"", ""z"": 20, ""y"": 287, ""x"": 531, ""u"": 40.7031939778686, ""v"": 23.50000000000002, ""base_weight"": 0.5669373788524215, ""time_conf"": 1.0, ""qc_flags"": ""ok""}, {""distance_vox"": 1.4142135623730951, ""source_role"": ""current_wind_train"", ""z"": 20, ""y"": 288, ""x"": 529, ""u"": 41.10712623555161, ""v"": 22.78605215157783, ""base_weight"": 0.5669373788524215, ""time_conf"": 1.0, ""qc_flags"": ""ok""}, {""distance_vox"": 2.23606797749979, ""source_role"": ""current_wind_train"", ""z"": 20, ""y"": 288, ""x"": 528, ""u"": 39.83716857408417, ""v"": 23.00000000000002, ""base_weight"": 0.973165761934816, ""time_conf"": 1.0, ""qc_flags"": ""ok""}]",4,7.651415006099031,5.865517033374847,default_timepower15_8_4_conservative_v2,21,744
20260210000600,gaussian,diagnostic_weighted,pydda_3dvar_proxy,diagnostic_adaptive_v3,8,4.0,2,1.0,True,False,23,250,493,34.160000000000004,112.47999999999999,11500.0,73.63546620915372,22.512621263650757,77.0,20.772016525268555,-2.5621118545532227,20.92943113611242,-52.863449683885165,-25.07473311820398,52.863449683885165,25.07473311820398,58.50885876027505,0.7598553085750006,0.24395696818828583,1,1.0,0.0,0,3,4.181658744812012,0.6503028869628906,25.019567489624023,27,59.061897136546946,55.541744232177734,57.84125357173205,3.0270930028361107,2.967114528097312,False,False,0.0,13.826371192932129,0.2607501745223999,0.0,0.5015003681182861,0.046617694199085236,0.0,True,high_vector_error_ge_30mps;context_only_nearest_support;strong_wind_vertically_isolated_candidate,3.1622776601683795,context_wind,36.87123759848787,-9.193032032787363,0.07103109959551053,"[{""distance_vox"": 3.1622776601683795, ""source_role"": ""context_wind"", ""z"": 26, ""y"": 250, ""x"": 494, ""u"": 36.87123759848787, ""v"": -9.193032032787363, ""base_weight"": 0.07103109959551053, ""time_conf"": 0.7666641723348002, ""qc_flags"": ""ok""}, {""distance_vox"": 3.605551275463989, ""source_role"": ""context_wind"", ""z"": 26, ""y"": 250, ""x"": 495, ""u"": -17.511294546941848, ""v"": 29.143688223871816, ""base_weight"": 0.004013395569414429, ""time_conf"": 0.2538806281260687, ""qc_flags"": ""ok""}, {""distance_vox"": 3.605551275463989, ""source_role"": ""context_wind"", ""z"": 25, ""y"": 250, ""x"": 496, ""u"": 14.50334507331209, ""v"": 4.236448509670187, ""base_weight"": 0.01578632581467501, ""time_conf"": 0.41515459925513437, ""qc_flags"": ""ok""}]",1,58.50885876027505,58.50885876027505,default_timepower15_8_4_conservative_v2;moderate_current_support_fresh_context_prefers_10_5;v3_low_error_guard_prefers_8_4,5,716
20260213234800,gaussian,diagnostic_weighted,pydda_3dvar_proxy,diagnostic_adaptive_v3,10,5.0,2,1.0,True,False,21,250,493,34.160000000000004,112.47999999999999,10500.0,13.92558475291286,-9.750799417967784,17.0,17.572555541992188,0.7747550010681152,17.58962630609532,3.6469707890793277,10.525554419035899,3.6469707890793277,10.525554419035899,11.139465506229822,0.6552626768370483,0.018727898597717285,1,1.0,0.0,0,3,2.32205867767334,0.08851814270019531,17.85745620727539,27,10.841984007093641,9.07711124420166,11.830275540785,1.3371696263855724,2.062354262028162,False,False,0.0,12.945735931396484,0.16559621691703796,0.0,0.3454781770706177,0.0036477497778832912,0.0,True,context_only_nearest_support,4.47213595499958,context_wind,18.85837688118512,2.315517524697796,0.00894064499554136,"[{""distance_vox"": 4.47213595499958, ""source_role"": ""context_wind"", ""z"": 23, ""y"": 250, ""x"": 497, ""u"": 18.85837688118512, ""v"": 2.315517524697796, ""base_weight"": 0.00894064499554136, ""time_conf"": 0.345478219991944, ""qc_flags"": ""ok""}, {""distance_vox"": 4.58257569495584, ""source_role"": ""context_wind"", ""z"": 25, ""y"": 251, ""x"": 495, ""u"": 17.07708687968417, ""v"": 8.329051788992476, ""base_weight"": 0.00894064499554136, ""time_conf"": 0.345478219991944, ""qc_flags"": ""ok""}, {""distance_vox"": 5.196152422706632, ""source_role"": ""context_wind"", ""z"": 26, ""y"": 251, ""x"": 494, ""u"": 17.143346014042244, ""v"": 10.30076149820109, ""base_weight"": 0.00894064499554136, ""time_conf"": 0.345478219991944, ""qc_flags"": ""ok""}]",2,9.011184035349146,8.664695744548679,default_timepower15_8_4_conservative_v2;moderate_current_support_fresh_context_prefers_10_5,8,304
20260213234800,gaussian,diagnostic_weighted,pydda_3dvar_proxy,diagnostic_adaptive_v3,10,5.0,2,1.0,True,False,23,314,468,29.040000000000003,110.47999999999999,11500.0,79.56175162946187,-8.36227706141224,80.0,82.76731872558594,-3.0670411586761475,82.82412565485821,3.2055670961240708,5.295235902736092,3.2055670961240708,5.295235902736092,6.1899259828675355,0.0773740747858442,1.0,1,1.0,7.375998118632696,2,1,0.0,0.0,82.82412719726562,27,6.261011035354049,6.175931453704834,6.261011035354049,0.058147876948547936,0.013994529162701497,True,False,7.419079780578613,11.294193267822266,0.13375800848007202,1.0,0.9475160241127014,0.11930780112743378,0.0,True,strong_wind_vertical_oversmoothing_candidate,3.1622776601683795,current_wind_train,82.88625138462963,-4.343884368164347,0.5669373788524215,"[{""distance_vox"": 3.1622776601683795, ""source_role"": ""current_wind_train"", ""z"": 23, ""y"": 313, ""x"": 471, ""u"": 82.88625138462963, ""v"": -4.343884368164347, ""base_weight"": 0.5669373788524215, ""time_conf"": 1.0, ""qc_flags"": ""ok""}, {""distance_vox"": 4.123105625617661, ""source_role"": ""context_wind"", ""z"": 23, ""y"": 315, ""x"": 464, ""u"": 78.98796791735491, ""v"": 1.3787401085453963, ""base_weight"": 0.12319700372474408, ""time_conf"": 0.9475160078148386, ""qc_flags"": ""ok""}, {""distance_vox"": 7.280109889280518, ""source_role"": ""current_wind_train"", ""z"": 23, ""y"": 312, ""x"": 475, ""u"": 84.94822029662313, ""v"": -2.966457219712609, ""base_weight"": 0.5669373788524215, ""time_conf"": 1.0, ""qc_flags"": ""ok""}]",2,9.011184035349146,8.664695744548679,default_timepower15_8_4_conservative_v2;moderate_current_support_fresh_context_prefers_10_5,8,304
20260219015400,gaussian,diagnostic_weighted,pydda_3dvar_proxy,diagnostic_adaptive_v3,10,5.0,2,1.0,True,False,22,287,517,31.2,114.4,11000.0,14.57184411193591,-8.75564727347092,17.0,17.35414695739746,-8.69016170501709,19.40838290734942,2.782302845461551,0.06548556845383047,2.782302845461551,0.06548556845383047,2.783073388097979,0.16371019929988112,1.0,1,1.0,9.01933738946921,2,1,3.7739193439483643,1.164255142211914,20.847822189331055,27,2.924395283063253,1.780154824256897,2.924395283063253,0.8389392919510446,1.002918563841082,True,False,7.132081985473633,10.136754035949707,0.05000000074505806,1.0,0.738410472869873,0.3094962239265442,0.0,False,,1.4142135623730951,current_wind_train,19.773469018581675,-9.644165229359704,0.5669373788524215,"[{""distance_vox"": 1.4142135623730951, ""source_role"": ""current_wind_train"", ""z"": 23, ""y"": 286, ""x"": 517, ""u"": 19.773469018581675, ""v"": -9.644165229359704, ""base_weight"": 0.5669373788524215, ""time_conf"": 1.0, ""qc_flags"": ""ok""}, {""distance_vox"": 1.4142135623730951, ""source_role"": ""context_wind"", ""z"": 21, ""y"": 288, ""x"": 517, ""u"": 11.876090949353815, ""v"": -5.287576359985397, ""base_weight"": 0.12443666309898561, ""time_conf"": 0.9511717534876208, ""qc_flags"": ""ok""}, {""distance_vox"": 2.449489742783178, ""source_role"": ""current_wind_train"", ""z"": 23, ""y"": 285, ""x"": 518, ""u"": 18.54189945003747, ""v"": -9.858902818503699, ""base_weight"": 0.5669373788524215, ""time_conf"": 1.0, ""qc_flags"": ""ok""}]",2,3.0331704055612128,3.0236172630471607,default_timepower15_8_4_conservative_v2;moderate_current_support_fresh_context_prefers_10_5,10,755
20260222070000,gaussian,diagnostic_weighted,pydda_3dvar_proxy,diagnostic_adaptive_v3,8,4.0,2,1.0,True,False,21,244,508,34.64,113.68,10500.0,38.971234842575946,-18.172585254850084,43.0,38.87278747558594,-17.46670150756836,42.61665481565349,-0.09844736699000833,0.7058837472817245,0.09844736699000833,0.7058837472817245,0.7127157559250076,0.016574785021511804,1.0,1,1.0,11.04869071564787,1,2,4.472253322601318,0.12326812744140625,43.03823471069336,27,2.6496900496659457,0.6426354646682739,2.6496900496659457,1.3875911131261014,0.07008029125673365,True,False,6.043807029724121,9.827240943908691,0.05000000074505806,0.9788119792938232,0.7049981355667114,0.6634593605995178,0.0,False,,1.4142135623730951,current_wind_train,40.40678269379406,-14.706866163003767,0.5669373788524215,"[{""distance_vox"": 1.4142135623730951, ""source_role"": ""current_wind_train"", ""z"": 22, ""y"": 244, ""x"": 509, ""u"": 40.40678269379406, ""v"": -14.706866163003767, ""base_weight"": 0.5669373788524215, ""time_conf"": 1.0, ""qc_flags"": ""ok""}, {""distance_vox"": 1.4142135623730951, ""source_role"": ""context_wind"", ""z"": 21, ""y"": 243, ""x"": 509, ""u"": 39.94917265619465, ""v"": -9.222993228098462, ""base_weight"": 0.04481576658930343, ""time_conf"": 0.6422073630593558, ""qc_flags"": ""ok""}, {""distance_vox"": 1.4142135623730951, ""source_role"": ""context_wind"", ""z"": 20, ""y"": 245, ""x"": 508, ""u"": 31.503427757091583, ""v"": -21.249330331888387, ""base_weight"": 0.07103109959551053, ""time_conf"": 0.7666641723348002, ""qc_flags"": ""ok""}]",3,2.344618445456779,1.8774236105145237,default_timepower15_8_4_conservative_v2,14,658
20260126090000,gaussian,diagnostic_weighted,pydda_3dvar_proxy,diagnostic_adaptive_v3,8,4.0,2,1.0,True,False,5,245,508,34.56,113.68,2500.0,2.9180373229696226,-4.045772485775136,4.988308012232088,2.462177038192749,-4.539821147918701,5.164522419594428,-0.45586028477687357,-0.49404866214356513,0.45586028477687357,0.49404866214356513,0.6722296332375559,0.13476105156079915,1.0,2,1.0,3.282016339568942,1,2,1.0485060214996338,0.3009181022644043,5.849545001983643,27,0.8934635431678207,0.6230993270874023,0.8934635431678207,0.19383586816371337,0.04913030615015357,True,False,3.410078287124634,8.128661155700684,0.05000000074505806,1.0,0.62989741563797,0.5034650564193726,0.0,False,,0.0,context_wind,3.9898221002699343,-4.345787802870008,0.03738085936659128,"[{""distance_vox"": 0.0, ""source_role"": ""context_wind"", ""z"": 5, ""y"": 245, ""x"": 508, ""u"": 3.9898221002699343, ""v"": -4.345787802870008, ""base_weight"": 0.03738085936659128, ""time_conf"": 0.48959287791398354, ""qc_flags"": ""ok""}, {""distance_vox"": 1.0, ""source_role"": ""current_wind_train"", ""z"": 6, ""y"": 245, ""x"": 508, ""u"": 0.7355383531206572, ""v"": -3.9200313628276096, ""base_weight"": 0.973165761934816, ""time_conf"": 1.0, ""qc_flags"": ""ok""}, {""distance_vox"": 1.0, ""source_role"": ""context_wind"", ""z"": 5, ""y"": 245, ""x"": 507, ""u"": 1.6702236397605086, ""v"": -1.2918849640805135, ""base_weight"": 0.041507145994939945, ""time_conf"": 0.4536009486948327, ""qc_flags"": ""ok""}]",4,2.449740720336148,2.1103022397459568,default_timepower15_8_4_conservative_v2,21,790
20260126090000,gaussian,diagnostic_weighted,pydda_3dvar_proxy,diagnostic_adaptive_v3,8,4.0,2,1.0,True,False,11,246,506,34.480000000000004,113.52000000000001,5500.0,1.251475720321849,-7.901506724761101,7.999999999999999,3.0139548778533936,-6.270955562591553,6.957643830617819,1.7624791575315446,1.6305511621695485,1.7624791575315446,1.6305511621695485,2.4010476615814125,0.3001309576976766,1.0,1,1.0,3.1934508998681914,1,2,0.8040496110916138,0.2050180435180664,7.290597915649414,27,2.585565867247405,2.375894069671631,2.585565867247405,0.21062547974848336,0.025153591909781614,True,False,1.943313479423523,8.349196434020996,0.05000000074505806,1.0,0.6967259049415588,1.0121877193450928,0.0,False,,0.0,context_wind,1.0934043327012462,-8.53446901435322,0.03591320725906059,"[{""distance_vox"": 0.0, ""source_role"": ""context_wind"", ""z"": 11, ""y"": 246, ""x"": 506, ""u"": 1.0934043327012462, ""v"": -8.53446901435322, ""base_weight"": 0.03591320725906059, ""time_conf"": 0.4709431465152109, ""qc_flags"": ""ok""}, {""distance_vox"": 1.0, ""source_role"": ""current_wind_train"", ""z"": 11, ""y"": 245, ""x"": 506, ""u"": 3.5069691743126223, ""v"": -7.1903523703933345, ""base_weight"": 0.5669373788524215, ""time_conf"": 1.0, ""qc_flags"": ""ok""}, {""distance_vox"": 1.0, ""source_role"": ""context_wind"", ""z"": 11, ""y"": 246, ""x"": 505, ""u"": 6.6913060635885815, ""v"": -7.431448254773943, ""base_weight"": 0.03063365448987567, ""time_conf"": 0.5547847360339225, ""qc_flags"": ""ok""}]",4,2.449740720336148,2.1103022397459568,default_timepower15_8_4_conservative_v2,21,790
20260126090000,gaussian,diagnostic_weighted,pydda_3dvar_proxy,diagnostic_adaptive_v3,8,4.0,2,1.0,True,False,18,289,515,31.040000000000006,114.24000000000001,9000.0,25.96436790361892,-1.3607348623165425,26.0,28.83203125,1.4050358533859253,28.866245889451516,2.867663346381079,2.765770715702468,2.867663346381079,2.765770715702468,3.9840909527789234,0.15323426741457397,0.44999998807907104,1,1.0,0.0,0,3,8.031593322753906,0.2574920654296875,33.878395080566406,27,6.370019568337335,3.706343412399292,6.840923714465386,3.292400844457158,0.27774754037963145,True,True,18.6641788482666,11.194559097290039,0.05000000074505806,0.20111893117427826,0.30313840508461,0.028841838240623474,0.02739974670112133,True,context_only_nearest_support;role_conflict_triggered_at_holdout_voxel,1.0,context_wind,11.954336377100947,-1.0458689129718945,0.006361062681795087,"[{""distance_vox"": 1.0, ""source_role"": ""context_wind"", ""z"": 17, ""y"": 289, ""x"": 515, ""u"": 11.954336377100947, ""v"": -1.0458689129718945, ""base_weight"": 0.006361062681795087, ""time_conf"": 0.3030815167033861, ""qc_flags"": ""ok""}, {""distance_vox"": 1.4142135623730951, ""source_role"": ""context_wind"", ""z"": 18, ""y"": 290, ""x"": 514, ""u"": 10.9581416790092, ""v"": -0.9587131702242367, ""base_weight"": 0.007771303963389177, ""time_conf"": 0.3273461437937433, ""qc_flags"": ""ok""}, {""distance_vox"": 1.4142135623730951, ""source_role"": ""context_wind"", ""z"": 19, ""y"": 288, ""x"": 515, ""u"": 0.767321211185382, ""v"": -10.973204552858066, ""base_weight"": 0.006361062681795087, ""time_conf"": 0.3030815167033861, ""qc_flags"": ""ok""}]",4,2.449740720336148,2.1103022397459568,default_timepower15_8_4_conservative_v2,21,790
20260202143000,gaussian,diagnostic_weighted,pydda_3dvar_proxy,diagnostic_adaptive_v3,10,5.0,2,1.0,True,False,13,290,514,30.96,114.16,6500.0,-4.854101966249685,3.5267115137548384,6.0,-2.1335368156433105,2.5569729804992676,3.3301786989152258,2.720565150606374,-0.9697385332555708,2.720565150606374,0.9697385332555708,2.888229139381872,0.481371523230312,0.7191517353057861,1,1.0,0.0,0,3,1.7350975275039673,0.1405174732208252,4.930718898773193,27,2.8806644059993602,0.9620730876922607,3.486465329226424,1.4059601533112016,1.9261560516896115,True,False,3.9286372661590576,12.445954322814941,0.3573383390903473,0.08062150329351425,0.8711116909980774,0.2044539600610733,0.0,True,context_only_nearest_support,1.0,context_wind,-2.7959645173537346,4.145187862775208,0.13214101026382616,"[{""distance_vox"": 1.0, ""source_role"": ""context_wind"", ""z"": 13, ""y"": 290, ""x"": 515, ""u"": -2.7959645173537346, ""v"": 4.145187862775208, ""base_weight"": 0.13214101026382616, ""time_conf"": 0.9734043393240235, ""qc_flags"": ""ok""}, {""distance_vox"": 1.7320508075688772, ""source_role"": ""context_wind"", ""z"": 14, ""y"": 289, ""x"": 515, ""u"": -3.7087354182671493, ""v"": 1.4984263736636483, ""base_weight"": 0.04054606563769602, ""time_conf"": 0.6179472329646446, ""qc_flags"": ""ok""}, {""distance_vox"": 2.0, ""source_role"": ""context_wind"", ""z"": 15, ""y"": 290, ""x"": 514, ""u"": -3.498478828557583, ""v"": -1.9392384809853485, ""base_weight"": 0.012194483019194282, ""time_conf"": 0.3892823632682234, ""qc_flags"": ""ok""}]",3,4.916078752325073,4.641572283953209,default_timepower15_8_4_conservative_v2;moderate_current_support_fresh_context_prefers_10_5,15,679
20260202143000,gaussian,diagnostic_weighted,pydda_3dvar_proxy,diagnostic_adaptive_v3,10,5.0,2,1.0,True,False,22,291,513,30.880000000000006,114.08,11000.0,-1.9021130325903073,0.6180339887498947,2.0,0.9131714701652527,3.7906386852264404,3.899079862718768,2.81528450275556,3.1726046964765455,2.81528450275556,3.1726046964765455,4.241609056898178,2.120804528449089,1.0,1,1.0,0.0,3,0,2.8390254974365234,0.7953133583068848,6.18032693862915,27,4.759577645195855,2.63755202293396,4.759577645195855,1.6528742411823973,1.6040570339642182,True,False,8.56320571899414,10.065582275390625,0.05000000074505806,1.0,0.5860627889633179,0.13622096180915833,0.0,False,,1.0,current_wind_train,3.8035643556662935,8.15677008332985,0.5669373788524215,"[{""distance_vox"": 1.0, ""source_role"": ""current_wind_train"", ""z"": 21, ""y"": 291, ""x"": 513, ""u"": 3.8035643556662935, ""v"": 8.15677008332985, ""base_weight"": 0.5669373788524215, ""time_conf"": 1.0, ""qc_flags"": ""ok""}, {""distance_vox"": 1.0, ""source_role"": ""current_wind_train"", ""z"": 22, ""y"": 291, ""x"": 512, ""u"": -0.9676875823986709, ""v"": 3.881182905103986, ""base_weight"": 0.5669373788524215, ""time_conf"": 1.0, ""qc_flags"": ""ok""}, {""distance_vox"": 1.4142135623730951, ""source_role"": ""current_wind_train"", ""z"": 23, ""y"": 291, ""x"": 512, ""u"": -2.972579301909577, ""v"": 2.676522425435433, ""base_weight"": 0.5669373788524215, ""time_conf"": 1.0, ""qc_flags"": ""ok""}]",3,4.916078752325073,4.641572283953209,default_timepower15_8_4_conservative_v2;moderate_current_support_fresh_context_prefers_10_5,15,679
20260206074200,gaussian,diagnostic_weighted,pydda_3dvar_proxy,diagnostic_adaptive_v3,10,5.0,2,1.0,True,False,5,403,503,21.92,113.28,2500.0,3.2360679774997894,2.351141009169893,4.0,0.561835527420044,0.0005559989949688315,0.5618358025315238,-2.6742324500797454,-2.350585010174924,2.6742324500797454,2.350585010174924,3.5604450686843303,0.8901112671710826,0.031397394835948944,1,1.0,0.0,3,0,0.6770782470703125,0.3264675736427307,1.1965807676315308,27,3.174661954243978,2.1089656352996826,3.0442081933664404,0.7128394978013061,1.4514794333846477,False,False,0.0,13.75,0.44999998807907104,0.0,1.0,0.0,0.0,False,,5.385164807134504,current_wind_train,6.709364543563394,-4.357112280120213,0.5669373788524215,"[{""distance_vox"": 5.385164807134504, ""source_role"": ""current_wind_train"", ""z"": 9, ""y"": 401, ""x"": 500, ""u"": 6.709364543563394, ""v"": -4.357112280120213, ""base_weight"": 0.5669373788524215, ""time_conf"": 1.0, ""qc_flags"": ""ok""}, {""distance_vox"": 6.4031242374328485, ""source_role"": ""current_wind_train"", ""z"": 9, ""y"": 400, ""x"": 499, ""u"": 9.993908270190957, ""v"": -0.3489949670250128, ""base_weight"": 0.5669373788524215, ""time_conf"": 1.0, ""qc_flags"": ""ok""}, {""distance_vox"": 6.928203230275509, ""source_role"": ""current_wind_train"", ""z"": 9, ""y"": 399, ""x"": 499, ""u"": 2.897777478867205, ""v"": -0.7764571353075609, ""base_weight"": 0.5669373788524215, ""time_conf"": 1.0, ""qc_flags"": ""ok""}]",2,3.078450338973092,3.0329140258843292,default_timepower15_8_4_conservative_v2;moderate_current_support_fresh_context_prefers_10_5,7,1007
20260210001800,gaussian,diagnostic_weighted,pydda_3dvar_proxy,diagnostic_adaptive_v3,8,4.0,2,1.0,True,False,5,249,521,34.24,114.72,2500.0,5.814342436536366,-15.974774553360444,17.0,0.36217477917671204,-0.1615646332502365,0.39657748472270027,-5.452167657359654,15.813209920110207,5.452167657359654,15.813209920110207,16.726737283207104,0.9839257225415944,0.008708450011909008,1,1.0,20.925060429939126,1,2,4.588358402252197,2.105525016784668,4.984936237335205,27,15.90455867626049,13.985811233520508,14.438904882299639,1.3504163087446908,2.740926049686596,False,False,0.0,13.75,0.44999998807907104,0.0,1.0,0.0,0.0,False,,5.0,current_wind_train,29.233454644563235,-13.015572578425592,0.5669373788524215,"[{""distance_vox"": 5.0, ""source_role"": ""current_wind_train"", ""z"": 9, ""y"": 252, ""x"": 521, ""u"": 29.233454644563235, ""v"": -13.015572578425592, ""base_weight"": 0.5669373788524215, ""time_conf"": 1.0, ""qc_flags"": ""ok""}, {""distance_vox"": 7.0710678118654755, ""source_role"": ""context_wind"", ""z"": 10, ""y"": 249, ""x"": 516, ""u"": 8.912305460745776, ""v"": -8.02467588087322, ""base_weight"": 0.21574875447805753, ""time_conf"": 0.9548416039104165, ""qc_flags"": ""ok""}, {""distance_vox"": 7.14142842854285, ""source_role"": ""context_wind"", ""z"": 10, ""y"": 248, ""x"": 516, ""u"": 9.325751537483649, ""v"": -7.55184469259805, ""base_weight"": 0.1256887964402692, ""time_conf"": 0.9548416039104165, ""qc_flags"": ""ok""}]",5,8.742003520643062,6.443482394360044,default_timepower15_8_4_conservative_v2,30,675
20260210001800,gaussian,diagnostic_weighted,pydda_3dvar_proxy,diagnostic_adaptive_v3,8,4.0,2,1.0,True,False,19,253,520,33.92,114.64,9500.0,30.294221822404513,-15.435676991144586,34.0,28.92879295349121,-15.608546257019043,32.8709868729776,-1.3654288689133018,-0.17286926587445706,1.3654288689133018,0.17286926587445706,1.3763283689388346,0.04048024614525984,1.0,1,1.0,0.0,3,0,2.735833168029785,0.5999183654785156,33.53988265991211,27,2.270142987922386,1.349023461341858,2.270142987922386,0.7721389096420641,0.02730490759697668,True,True,40.194862365722656,9.656749725341797,0.05000000074505806,1.0,0.8429542779922485,0.18803636729717255,0.17863453924655914,True,role_conflict_triggered_at_holdout_voxel,1.0,current_wind_train,30.26519220716482,-18.531183112762967,0.973165761934816,"[{""distance_vox"": 1.0, ""source_role"": ""current_wind_train"", ""z"": 19, ""y"": 252, ""x"": 520, ""u"": 30.26519220716482, ""v"": -18.531183112762967, ""base_weight"": 0.973165761934816, ""time_conf"": 1.0, ""qc_flags"": ""ok""}, {""distance_vox"": 1.0, ""source_role"": ""current_wind_train"", ""z"": 20, ""y"": 253, ""x"": 520, ""u"": 30.147000102205837, ""v"": -13.422309221501392, ""base_weight"": 0.5669373788524215, ""time_conf"": 1.0, ""qc_flags"": ""ok""}, {""distance_vox"": 1.4142135623730951, ""source_role"": ""current_wind_train"", ""z"": 20, ""y"": 253, ""x"": 521, ""u"": 26.140251941921647, ""v"": -10.03430258726841, ""base_weight"": 0.5669373788524215, ""time_conf"": 1.0, ""qc_flags"": ""ok""}]",5,8.742003520643062,6.443482394360044,default_timepower15_8_4_conservative_v2,30,675
20260210001800,gaussian,diagnostic_weighted,pydda_3dvar_proxy,diagnostic_adaptive_v3,8,4.0,2,1.0,True,False,22,254,522,33.84,114.8,11000.0,29.130471244363157,-10.602624443095738,31.0,27.575624465942383,-9.572773933410645,29.189948020968902,-1.5548467784207745,1.0298505096850938,1.5548467784207745,1.0298505096850938,1.8649773662605422,0.06016056020195298,1.0,1,1.0,0.0,3,0,2.781491756439209,1.295684814453125,31.8743896484375,27,1.5699549433257844,0.16704006493091583,1.5699549433257844,0.6101114183915619,1.6979373013296264,True,True,59.035465240478516,10.230386734008789,0.05000000074505806,1.0,0.7667837738990784,0.41829171776771545,0.3973771333694458,True,role_conflict_triggered_at_holdout_voxel,1.0,current_wind_train,25.954065790334607,-7.4422086070589835,0.5669373788524215,"[{""distance_vox"": 1.0, ""source_role"": ""current_wind_train"", ""z"": 22, ""y"": 254, ""x"": 521, ""u"": 25.954065790334607, ""v"": -7.4422086070589835, ""base_weight"": 0.5669373788524215, ""time_conf"": 1.0, ""qc_flags"": ""ok""}, {""distance_vox"": 1.0, ""source_role"": ""current_wind_train"", ""z"": 23, ""y"": 254, ""x"": 522, ""u"": 32.217669870835415, ""v"": -13.675589497124573, ""base_weight"": 0.5669373788524215, ""time_conf"": 1.0, ""qc_flags"": ""ok""}, {""distance_vox"": 1.7320508075688772, ""source_role"": ""current_wind_train"", ""z"": 21, ""y"": 253, ""x"": 521, ""u"": 26.474520116780873, ""v"": -9.115908324800376, ""base_weight"": 0.5669373788524215, ""time_conf"": 1.0, ""qc_flags"": ""ok""}]",5,8.742003520643062,6.443482394360044,default_timepower15_8_4_conservative_v2,30,675
20260214015400,gaussian,diagnostic_weighted,pydda_3dvar_proxy,diagnostic_adaptive_v3,10,5.0,2,1.0,True,False,22,238,508,35.120000000000005,113.68,11000.0,9.192533317427738,-7.713451316238471,12.000000000000002,7.547007083892822,-3.6667354106903076,8.390605728809968,-1.6455262335349161,4.046715905548163,1.6455262335349161,4.046715905548163,4.368485573453127,0.3640404644544272,1.0,1,1.0,7.502116269095404,1,2,1.7715399265289307,0.20541858673095703,9.812050819396973,27,4.19574780817385,2.3400583267211914,4.125619540307078,1.2465678789871886,2.028427246731936,True,False,4.665976524353027,13.262264251708984,0.32966849207878113,0.14159514009952545,0.7555964589118958,0.25817182660102844,0.0,False,,1.4142135623730951,context_wind,7.995126616152767,0.2791959736200061,0.05698858775123075,"[{""distance_vox"": 1.4142135623730951, ""source_role"": ""context_wind"", ""z"": 23, ""y"": 239, ""x"": 508, ""u"": 7.995126616152767, ""v"": 0.2791959736200061, ""base_weight"": 0.05698858775123075, ""time_conf"": 0.7043890779473172, ""qc_flags"": ""ok""}, {""distance_vox"": 2.23606797749979, ""source_role"": ""context_wind"", ""z"": 22, ""y"": 240, ""x"": 507, ""u"": 6.990406743282017, ""v"": -0.3663516937006076, ""base_weight"": 0.05698858775123075, ""time_conf"": 0.7043890779473172, ""qc_flags"": ""ok""}, {""distance_vox"": 2.449489742783178, ""source_role"": ""current_wind_train"", ""z"": 24, ""y"": 237, ""x"": 507, ""u"": 8.301805382450494, ""v"": -7.216649318895578, ""base_weight"": 0.5669373788524215, ""time_conf"": 1.0, ""qc_flags"": ""ok""}]",2,5.805741892550272,5.660217888779163,default_timepower15_8_4_conservative_v2;moderate_current_support_fresh_context_prefers_10_5,8,310
20260219024200,gaussian,diagnostic_weighted,pydda_3dvar_proxy,diagnostic_adaptive_v3,8,4.0,2,1.0,True,False,17,320,509,28.560000000000002,113.76,8500.0,7.727406610312547,-2.0705523608201624,8.0,11.143743515014648,-3.4380900859832764,11.662053119745575,3.416336904702101,-1.367537725163114,3.416336904702101,1.367537725163114,3.679880062743056,0.459985007842882,1.0,1,1.0,2.944452898524334,2,1,1.635974407196045,0.7010211944580078,13.19701099395752,27,4.172577672534519,3.111104726791382,4.333735073646129,0.7773821179907441,0.5687753359516741,True,False,5.208078384399414,10.03262710571289,0.05000000074505806,0.7100856304168701,0.6512306332588196,0.09340476989746094,0.0,False,,1.0,current_wind_train,9.510565162951536,-3.0901699437494723,0.5669373788524215,"[{""distance_vox"": 1.0, ""source_role"": ""current_wind_train"", ""z"": 18, ""y"": 320, ""x"": 509, ""u"": 9.510565162951536, ""v"": -3.0901699437494723, ""base_weight"": 0.5669373788524215, ""time_conf"": 1.0, ""qc_flags"": ""ok""}, {""distance_vox"": 2.0, ""source_role"": ""current_wind_train"", ""z"": 19, ""y"": 320, ""x"": 509, ""u"": 13.314791228132151, ""v"": -4.326237921249261, ""base_weight"": 0.5669373788524215, ""time_conf"": 1.0, ""qc_flags"": ""ok""}, {""distance_vox"": 2.449489742783178, ""source_role"": ""context_wind"", ""z"": 18, ""y"": 321, ""x"": 507, ""u"": 10.629060883633747, ""v"": -3.119318127613895, ""base_weight"": 0.03775699288821288, ""time_conf"": 0.6190313021674396, ""qc_flags"": ""ok""}]",3,5.838411322932169,5.516133207824311,default_timepower15_8_4_conservative_v2,19,825
20260219024200,gaussian,diagnostic_weighted,pydda_3dvar_proxy,diagnostic_adaptive_v3,8,4.0,2,1.0,True,False,21,404,453,21.840000000000003,109.28,10500.0,11.836020963305101,-24.267439250077505,27.000000000000004,9.499855995178223,-16.45447540283203,18.99992170277362,-2.3361649681268783,7.812963847245474,2.3361649681268783,7.812963847245474,8.154757558423674,0.3020280577193953,0.11296197026968002,1,1.0,18.723127904975865,1,2,0.0009357328526675701,0.0008182525634765625,18.999204635620117,27,8.155350685119629,8.15471363067627,8.155259662552147,0.00044054416677631803,4.392774740402672e-05,False,False,0.0,13.633807182312012,0.2833685278892517,0.0,0.5810227990150452,0.03348155319690704,0.0,False,,1.0,context_wind,9.500000000000009,-16.45448267190433,0.034544375220854066,"[{""distance_vox"": 1.0, ""source_role"": ""context_wind"", ""z"": 21, ""y"": 404, ""x"": 452, ""u"": 9.500000000000009, ""v"": -16.45448267190433, ""base_weight"": 0.034544375220854066, ""time_conf"": 0.5810227934789198, ""qc_flags"": ""ok""}, {""distance_vox"": 6.4031242374328485, ""source_role"": ""context_wind"", ""z"": 27, ""y"": 402, ""x"": 454, ""u"": 24.489351799903076, ""v"": -13.574669366897442, ""base_weight"": 0.07246778044972424, ""time_conf"": 0.7725915361166825, ""qc_flags"": ""ok""}, {""distance_vox"": 6.782329983125268, ""source_role"": ""current_wind_train"", ""z"": 27, ""y"": 401, ""x"": 454, ""u"": 27.615145603573215, ""v"": -11.721933854678205, ""base_weight"": 0.5669373788524215, ""time_conf"": 1.0, ""qc_flags"": ""ok""}]",3,5.838411322932169,5.516133207824311,default_timepower15_8_4_conservative_v2,19,825
20260126090600,gaussian,diagnostic_weighted,pydda_3dvar_proxy,diagnostic_adaptive_v3,10,5.0,2,1.0,True,False,5,245,508,34.56,113.68,2500.0,3.7759223462990272,-4.662875768741824,6.0,4.340389728546143,-4.864186763763428,6.519148400553571,0.5644673822471153,-0.2013109950216041,0.5644673822471153,0.2013109950216041,0.5992908662223205,0.09988181103705342,1.0,1,1.0,0.0,0,3,0.9009032845497131,0.12510156631469727,6.870395660400391,27,0.6476374897691939,0.34318870306015015,0.617426701804932,0.2508650438780107,0.2561021631621704,False,False,0.0,11.702909469604492,0.26483479142189026,0.0,0.6296696066856384,0.5296298861503601,0.0,True,context_only_nearest_support,0.0,context_wind,3.8486291728714184,-4.321688437756825,0.04028377903463928,"[{""distance_vox"": 0.0, ""source_role"": ""context_wind"", ""z"": 5, ""y"": 245, ""x"": 508, ""u"": 3.8486291728714184, ""v"": -4.321688437756825, ""base_weight"": 0.04028377903463928, ""time_conf"": 0.5007280504644308, ""qc_flags"": ""ok""}, {""distance_vox"": 1.0, ""source_role"": ""context_wind"", ""z"": 4, ""y"": 245, ""x"": 508, ""u"": 1.6934532691976751, ""v"": -6.792070083931975, ""base_weight"": 0.014749571489526393, ""time_conf"": 0.418832251612578, ""qc_flags"": ""ok""}, {""distance_vox"": 1.0, ""source_role"": ""context_wind"", ""z"": 5, ""y"": 244, ""x"": 508, ""u"": 5.29006727063226, ""v"": -7.281152949374526, ""base_weight"": 0.07103109959551053, ""time_conf"": 0.7666641723348002, ""qc_flags"": ""ok""}]",2,1.4869017793866388,1.3074405835198142,default_timepower15_8_4_conservative_v2;moderate_current_support_fresh_context_prefers_10_5,11,799
20260131123000,gaussian,diagnostic_weighted,pydda_3dvar_proxy,diagnostic_adaptive_v3,8,4.0,2,1.0,True,False,4,294,513,30.64,114.08,2000.0,2.0837781320031645,-11.817693036146496,11.999999999999998,1.2265338897705078,-10.435869216918945,10.507699638617009,-0.8572442422326567,1.3818238192275505,0.8572442422326567,1.3818238192275505,1.6261318391279522,0.13551098659399605,1.0,1,1.0,4.085958947037409,2,1,0.9515795111656189,0.060123443603515625,11.315374374389648,27,1.7099119380668357,0.8934160470962524,1.7099119380668357,0.6666908459852947,0.7327157920316998,True,False,2.075874090194702,8.999137878417969,0.05000000074505806,1.0,0.8013553619384766,0.13600575923919678,0.0,False,,1.0,current_wind_train,2.3389736377818973,-7.650438047704283,0.5669373788524215,"[{""distance_vox"": 1.0, ""source_role"": ""current_wind_train"", ""z"": 4, ""y"": 294, ""x"": 514, ""u"": 2.3389736377818973, ""v"": -7.650438047704283, ""base_weight"": 0.5669373788524215, ""time_conf"": 1.0, ""qc_flags"": ""ok""}, {""distance_vox"": 1.0, ""source_role"": ""current_wind_train"", ""z"": 4, ""y"": 295, ""x"": 513, ""u"": -0.697564737441253, ""v"": -9.975640502598242, ""base_weight"": 0.5669373788524215, ""time_conf"": 1.0, ""qc_flags"": ""ok""}, {""distance_vox"": 1.0, ""source_role"": ""context_wind"", ""z"": 4, ""y"": 294, ""x"": 514, ""u"": -1.562833599002373, ""v"": -8.863269777109872, ""base_weight"": 0.07930103569047939, ""time_conf"": 0.7998369177983302, ""qc_flags"": ""ok""}]",9,8.682520625417848,7.010201489364004,default_timepower15_8_4_conservative_v2,59,1004
20260131123000,gaussian,diagnostic_weighted,pydda_3dvar_proxy,diagnostic_adaptive_v3,8,4.0,2,1.0,True,False,8,242,507,34.8,113.6,4000.0,6.309340799861511,-9.010672487178907,11.0,-0.6052121520042419,5.081824779510498,5.117736300219124,-6.914552951865753,14.092497266689405,6.914552951865753,14.092497266689405,15.697436788718205,1.4270397080652915,1.0,1,1.0,0.0,0,3,1.6689804792404175,0.0846095085144043,6.7863006591796875,27,15.724610187389233,11.65883731842041,15.724610187389233,2.2164508218063,4.038599470297795,True,True,17.27552032470703,11.098902702331543,0.23678824305534363,0.3311462998390198,0.8053788542747498,1.062464952468872,0.8108857274055481,True,context_only_nearest_support;role_conflict_triggered_at_holdout_voxel,1.4142135623730951,context_wind,-2.1196770569328196,-3.392192384625704,0.014457159788279933,"[{""distance_vox"": 1.4142135623730951, ""source_role"": ""context_wind"", ""z"": 8, ""y"": 243, ""x"": 508, ""u"": -2.1196770569328196, ""v"": -3.392192384625704, ""base_weight"": 0.014457159788279933, ""time_conf"": 0.4156189480713939, ""qc_flags"": ""ok""}, {""distance_vox"": 1.7320508075688772, ""source_role"": ""context_wind"", ""z"": 9, ""y"": 243, ""x"": 506, ""u"": 8.49632973972572, ""v"": -8.471648309846062, ""base_weight"": 0.22011250650560837, ""time_conf"": 0.9622238368941451, ""qc_flags"": ""ok""}, {""distance_vox"": 2.23606797749979, ""source_role"": ""context_wind"", ""z"": 8, ""y"": 244, ""x"": 508, ""u"": -3.0827280201141654, ""v"": -2.314551506269885, ""base_weight"": 0.01206878401745907, ""time_conf"": 0.3149802624737183, ""qc_flags"": ""ok""}]",9,8.682520625417848,7.010201489364004,default_timepower15_8_4_conservative_v2,59,1004
20260131123000,gaussian,diagnostic_weighted,pydda_3dvar_proxy,diagnostic_adaptive_v3,8,4.0,2,1.0,True,False,13,240,508,34.96,113.68,6500.0,5.470235798849834,-12.887067948334163,13.999999999999998,3.8040661811828613,-3.3543224334716797,5.07172539659932,-1.6661696176669727,9.532745514862484,1.6661696176669727,9.532745514862484,9.677259852146541,0.6912328465818959,1.0,1,1.0,6.276989182076895,1,2,4.214296817779541,1.2506842613220215,4.820180416107178,27,10.908588603690818,7.862641334533691,10.901609048565243,2.5827914902951927,1.8146185176128498,True,False,5.956762313842773,10.301027297973633,0.1677144467830658,0.601492166519165,0.8564733862876892,0.540908694267273,0.0,False,,1.4142135623730951,current_wind_train,3.9420474449983085,-10.269384691469217,0.5669373788524215,"[{""distance_vox"": 1.4142135623730951, ""source_role"": ""current_wind_train"", ""z"": 12, ""y"": 241, ""x"": 508, ""u"": 3.9420474449983085, ""v"": -10.269384691469217, ""base_weight"": 0.5669373788524215, ""time_conf"": 1.0, ""qc_flags"": ""ok""}, {""distance_vox"": 1.7320508075688772, ""source_role"": ""context_wind"", ""z"": 14, ""y"": 241, ""x"": 509, ""u"": 6.018150231520483, ""v"": -7.986355100472928, ""base_weight"": 0.014457159788279933, ""time_conf"": 0.4156189480713939, ""qc_flags"": ""ok""}, {""distance_vox"": 2.0, ""source_role"": ""context_wind"", ""z"": 13, ""y"": 242, ""x"": 508, ""u"": 5.590448570331051, ""v"": -4.212705162064336, ""base_weight"": 0.13214101026382616, ""time_conf"": 0.9734043393240235, ""qc_flags"": ""ok""}]",9,8.682520625417848,7.010201489364004,default_timepower15_8_4_conservative_v2,59,1004
20260131123000,gaussian,diagnostic_weighted,pydda_3dvar_proxy,diagnostic_adaptive_v3,8,4.0,2,1.0,True,False,17,239,509,35.040000000000006,113.76,8500.0,10.89278070030054,-16.773411358908483,20.0,9.972635269165039,-7.330663204193115,12.377078703195894,-0.9201454311355004,9.442748154715368,0.9201454311355004,9.442748154715368,9.487473864407743,0.47437369322038714,1.0,1,1.0,0.0,0,3,2.7151362895965576,0.7175350189208984,15.059798240661621,27,11.04018384438974,7.975592613220215,11.075046671715446,3.255944507008746,1.5118812511875284,True,False,3.284747838973999,12.428881645202637,0.3567616641521454,0.07839888334274292,0.8512597680091858,0.3740159273147583,0.0,True,context_only_nearest_support,1.4142135623730951,context_wind,8.999026535611554,-10.724622203665689,0.014457159788279933,"[{""distance_vox"": 1.4142135623730951, ""source_role"": ""context_wind"", ""z"": 18, ""y"": 239, ""x"": 510, ""u"": 8.999026535611554, ""v"": -10.724622203665689, ""base_weight"": 0.014457159788279933, ""time_conf"": 0.4156189480713939, ""qc_flags"": ""ok""}, {""distance_vox"": 1.4142135623730951, ""source_role"": ""context_wind"", ""z"": 16, ""y"": 240, ""x"": 509, ""u"": 3.6606297876822014, ""v"": -8.221909118783408, ""base_weight"": 0.014457159788279933, ""time_conf"": 0.4156189480713939, ""qc_flags"": ""ok""}, {""distance_vox"": 2.0, ""source_role"": ""context_wind"", ""z"": 17, ""y"": 241, ""x"": 509, ""u"": 11.180897140662102, ""v"": -8.425410324128672, ""base_weight"": 0.13214101026382616, ""time_conf"": 0.9734043393240235, ""qc_flags"": ""ok""}]",9,8.682520625417848,7.010201489364004,default_timepower15_8_4_conservative_v2,59,1004
20260131123000,gaussian,diagnostic_weighted,pydda_3dvar_proxy,diagnostic_adaptive_v3,8,4.0,2,1.0,True,False,21,240,508,34.96,113.68,10500.0,20.30779463575532,-10.79784594407548,22.999999999999996,19.976064682006836,-12.975510597229004,23.82030720705598,-0.3317299537484857,-2.177664653153524,0.3317299537484857,2.177664653153524,2.2027864408081483,0.09577332351339776,1.0,1,1.0,9.78605457128325,2,1,3.7373344898223877,0.7257041931152344,26.101886749267578,27,3.1712109689359314,2.015441417694092,3.1712109689359314,0.9646198119429049,0.18734502311405654,True,False,6.7252278327941895,9.96302318572998,0.05000000074505806,1.0,0.7459323406219482,0.19565783441066742,0.0,False,,1.4142135623730951,current_wind_train,18.367013849927307,-10.181002025173083,0.5669373788524215,"[{""distance_vox"": 1.4142135623730951, ""source_role"": ""current_wind_train"", ""z"": 20, ""y"": 240, ""x"": 509, ""u"": 18.367013849927307, ""v"": -10.181002025173083, ""base_weight"": 0.5669373788524215, ""time_conf"": 1.0, ""qc_flags"": ""ok""}, {""distance_vox"": 1.4142135623730951, ""source_role"": ""current_wind_train"", ""z"": 22, ""y"": 239, ""x"": 508, ""u"": 24.057176153085937, ""v"": -12.257743492967759, ""base_weight"": 0.5669373788524215, ""time_conf"": 1.0, ""qc_flags"": ""ok""}, {""distance_vox"": 1.4142135623730951, ""source_role"": ""context_wind"", ""z"": 20, ""y"": 240, ""x"": 509, ""u"": 14.375439180851275, ""v"": -10.832670416736862, ""base_weight"": 0.13214101026382616, ""time_conf"": 0.9734043393240235, ""qc_flags"": ""ok""}]",9,8.682520625417848,7.010201489364004,default_timepower15_8_4_conservative_v2,59,1004
20260131123000,gaussian,diagnostic_weighted,pydda_3dvar_proxy,diagnostic_adaptive_v3,8,4.0,2,1.0,True,False,23,239,508,35.040000000000006,113.68,11500.0,24.26743925007751,-11.83602096330509,27.0,23.579633712768555,-13.285259246826172,27.06468620331135,-0.6878055373089538,-1.4492382835210815,0.6878055373089538,1.4492382835210815,1.6041720791660692,0.05941378070985442,1.0,1,1.0,0.0,3,0,0.9885451197624207,0.2521858215332031,27.214435577392578,27,2.008278586246349,1.4913309812545776,2.008278586246349,0.3375039224942251,0.11284109791149155,True,False,2.773665428161621,10.138221740722656,0.05000000074505806,1.0,0.4804772436618805,0.06465324014425278,0.0,False,,1.0,current_wind_train,24.057176153085937,-12.257743492967759,0.5669373788524215,"[{""distance_vox"": 1.0, ""source_role"": ""current_wind_train"", ""z"": 22, ""y"": 239, ""x"": 508, ""u"": 24.057176153085937, ""v"": -12.257743492967759, ""base_weight"": 0.5669373788524215, ""time_conf"": 1.0, ""qc_flags"": ""ok""}, {""distance_vox"": 1.0, ""source_role"": ""current_wind_train"", ""z"": 24, ""y"": 239, ""x"": 508, ""u"": 22.657694675916247, ""v"": -10.56545654351749, ""base_weight"": 0.5669373788524215, ""time_conf"": 1.0, ""qc_flags"": ""ok""}, {""distance_vox"": 2.0, ""source_role"": ""current_wind_train"", ""z"": 23, ""y"": 237, ""x"": 508, ""u"": 24.857851720361257, ""v"": -14.93610417239157, ""base_weight"": 0.5669373788524215, ""time_conf"": 1.0, ""qc_flags"": ""ok""}]",9,8.682520625417848,7.010201489364004,default_timepower15_8_4_conservative_v2,59,1004
20260202153600,gaussian,diagnostic_weighted,pydda_3dvar_proxy,diagnostic_adaptive_v3,8,4.0,2,1.0,True,False,18,325,509,28.160000000000004,113.76,9000.0,15.429011412638019,9.270685348380981,18.0,7.675708770751953,3.97096848487854,8.642053913352834,-7.753302641886066,-5.299716863502441,7.753302641886066,5.299716863502441,9.391522809958436,0.5217512672199132,0.46901652216911316,1,1.0,0.0,0,3,7.839599132537842,2.48867130279541,16.47000503540039,27,8.0704153113895,2.2164018154144287,6.3900242380252275,4.18176396400928,7.175120994544008,False,False,0.0,12.913556098937988,0.3195582628250122,0.0,0.7048308253288269,0.10821063816547394,0.0,True,context_only_nearest_support,1.7320508075688772,context_wind,4.145187862775208,-2.795964517353735,0.013614249795355712,"[{""distance_vox"": 1.7320508075688772, ""source_role"": ""context_wind"", ""z"": 17, ""y"": 326, ""x"": 508, ""u"": 4.145187862775208, ""v"": -2.795964517353735, ""base_weight"": 0.013614249795355712, ""time_conf"": 0.40612619817811774, ""qc_flags"": ""ok""}, {""distance_vox"": 1.7320508075688772, ""source_role"": ""context_wind"", ""z"": 17, ""y"": 324, ""x"": 508, ""u"": 11.684322601889171, ""v"": -5.698824908258006, ""base_weight"": 0.007693884900804445, ""time_conf"": 0.32608801744139104, ""qc_flags"": ""ok""}, {""distance_vox"": 1.7320508075688772, ""source_role"": ""context_wind"", ""z"": 19, ""y"": 324, ""x"": 508, ""u"": 17.865830729543795, ""v"": -2.1936481812926583, ""base_weight"": 0.007693884900804445, ""time_conf"": 0.32608801744139104, ""qc_flags"": ""ok""}]",1,9.391522809958436,9.391522809958436,default_timepower15_8_4_conservative_v2;moderate_current_support_fresh_context_prefers_10_5;v3_low_error_guard_prefers_8_4,3,666
20260206091200,gaussian,diagnostic_weighted,pydda_3dvar_proxy,diagnostic_adaptive_v3,10,5.0,2,1.0,True,False,6,244,508,34.64,113.68,3000.0,-2.897777478867205,0.7764571353075626,3.0000000000000004,-3.779775857925415,-1.9766931533813477,4.26544503642709,-0.88199837905821,-2.7531502886889103,0.88199837905821,2.7531502886889103,2.8909786669515807,0.9636595556505267,1.0,1,1.0,0.0,0,3,2.47241473197937,0.4101996421813965,6.521500110626221,27,3.231347777225353,1.403671145439148,3.231347777225353,1.5867707357579934,1.4873075215124327,False,False,0.0,11.853052139282227,0.28758376836776733,0.0,0.6751675605773926,0.9407941102981567,0.0,True,context_only_nearest_support,0.0,context_wind,-2.2177660158257786,-3.4440308164527655,0.04357076665572133,"[{""distance_vox"": 0.0, ""source_role"": ""context_wind"", ""z"": 6, ""y"": 244, ""x"": 508, ""u"": -2.2177660158257786, ""v"": -3.4440308164527655, ""base_weight"": 0.04357076665572133, ""time_conf"": 0.5119141351596217, ""qc_flags"": ""ok""}, {""distance_vox"": 1.0, ""source_role"": ""context_wind"", ""z"": 6, ""y"": 244, ""x"": 507, ""u"": -3.5623299157002535, ""v"": -4.472877665480902, ""base_weight"": 0.02753560193737726, ""time_conf"": 0.4478442236355633, ""qc_flags"": ""ok""}, {""distance_vox"": 1.0, ""source_role"": ""context_wind"", ""z"": 6, ""y"": 245, ""x"": 508, ""u"": -6.876483800143522, ""v"": -2.5309763298267365, ""base_weight"": 0.039464393416017256, ""time_conf"": 0.48797474390514006, ""qc_flags"": ""ok""}]",3,17.159523452040023,13.740096414382633,default_timepower15_8_4_conservative_v2;moderate_current_support_fresh_context_prefers_10_5,18,986
20260206091200,gaussian,diagnostic_weighted,pydda_3dvar_proxy,diagnostic_adaptive_v3,10,5.0,2,1.0,True,False,19,239,508,35.040000000000006,113.68,9500.0,29.799112574087882,-8.544758030326982,31.0,6.134212493896484,5.5490851402282715,8.271693225318378,-23.664900080191398,14.093843170555253,23.664900080191398,14.093843170555253,27.54385432581377,0.8885114298649602,1.0,1,1.0,0.0,0,3,2.836444854736328,0.44861602783203125,9.105530738830566,27,27.95220763595016,22.70644760131836,27.731982115154764,3.329431903091124,4.837406724495409,False,False,0.0,12.841141700744629,0.3380085527896881,0.0,0.7245885729789734,0.3396773934364319,0.0,True,context_only_nearest_support,3.7416573867739413,context_wind,-20.461710787169636,27.15360734160796,0.061125914845961755,"[{""distance_vox"": 3.7416573867739413, ""source_role"": ""context_wind"", ""z"": 21, ""y"": 242, ""x"": 509, ""u"": -20.461710787169636, ""v"": 27.15360734160796, ""base_weight"": 0.061125914845961755, ""time_conf"": 0.7236346187201891, ""qc_flags"": ""ok""}, {""distance_vox"": 4.242640687119285, ""source_role"": ""context_wind"", ""z"": 20, ""y"": 243, ""x"": 509, ""u"": -20.932490161072387, ""v"": 26.792365622628548, ""base_weight"": 0.061125914845961755, ""time_conf"": 0.7236346187201891, ""qc_flags"": ""ok""}, {""distance_vox"": 4.358898943540674, ""source_role"": ""context_wind"", ""z"": 22, ""y"": 242, ""x"": 509, ""u"": -20.362064062896287, ""v"": 29.673202908551918, ""base_weight"": 0.10921189576374955, ""time_conf"": 0.7348672461377994, ""qc_flags"": ""ok""}]",3,17.159523452040023,13.740096414382633,default_timepower15_8_4_conservative_v2;moderate_current_support_fresh_context_prefers_10_5,18,986
20260210011200,gaussian,diagnostic_weighted,pydda_3dvar_proxy,diagnostic_adaptive_v3,8,4.0,2,1.0,True,False,10,295,510,30.560000000000002,113.84,5000.0,0.2268812836846863,-12.998020037033086,13.000000000000002,9.105233192443848,-7.6528754234313965,11.894190755799297,8.87835190875916,5.34514461360169,8.87835190875916,5.34514461360169,10.363189834992053,0.7971684488455424,0.053932301700115204,1,1.0,5.617447799477832,1,2,9.97925853729248,5.908407211303711,10.056629180908203,27,10.31653301804154,8.73837661743164,9.124656370258949,1.2587597514161748,1.624813217560412,False,False,0.0,11.39981746673584,0.09414127469062805,0.0,0.288282573223114,0.00040455718408338726,0.0,False,,3.1622776601683795,current_wind_train,6.819983600624982,-7.313537016191707,0.5669373788524215,"[{""distance_vox"": 3.1622776601683795, ""source_role"": ""current_wind_train"", ""z"": 13, ""y"": 295, ""x"": 509, ""u"": 6.819983600624982, ""v"": -7.313537016191707, ""base_weight"": 0.5669373788524215, ""time_conf"": 1.0, ""qc_flags"": ""ok""}, {""distance_vox"": 4.898979485566356, ""source_role"": ""context_wind"", ""z"": 12, ""y"": 291, ""x"": 512, ""u"": 9.192533317427738, ""v"": -7.713451316238471, ""base_weight"": 0.005584739644355762, ""time_conf"": 0.2882825776924474, ""qc_flags"": ""ok""}, {""distance_vox"": 6.0, ""source_role"": ""context_wind"", ""z"": 14, ""y"": 291, ""x"": 512, ""u"": 12.287280664334878, ""v"": -8.60364654526569, ""base_weight"": 0.005584739644355762, ""time_conf"": 0.2882825776924474, ""qc_flags"": ""ok""}]",5,16.083122233828586,12.659900076215143,default_timepower15_8_4_conservative_v2,30,710
20260210011200,gaussian,diagnostic_weighted,pydda_3dvar_proxy,diagnostic_adaptive_v3,8,4.0,2,1.0,True,False,16,295,508,30.560000000000002,113.68,8000.0,23.908672754201895,-2.091737825943789,24.0,19.5754337310791,-2.923699378967285,19.792564862049666,-4.333239023122793,-0.8319615530234961,4.333239023122793,0.8319615530234961,4.412382628152669,0.18384927617302785,0.35253238677978516,1,1.0,29.822244552881987,1,2,11.176312446594238,3.066648483276367,22.174325942993164,27,7.359673764970568,1.5596622228622437,6.559360821174119,5.903994373374688,2.852720405290425,False,False,0.0,12.85134220123291,0.3756568431854248,0.0,0.8513137102127075,0.10901616513729095,0.0,False,,1.7320508075688772,context_wind,24.984770675477392,-0.872487417562532,0.13082459886210773,"[{""distance_vox"": 1.7320508075688772, ""source_role"": ""context_wind"", ""z"": 17, ""y"": 294, ""x"": 507, ""u"": 24.984770675477392, ""v"": -0.872487417562532, ""base_weight"": 0.13082459886210773, ""time_conf"": 0.969663144646718, ""qc_flags"": ""ok""}, {""distance_vox"": 3.1622776601683795, ""source_role"": ""current_wind_train"", ""z"": 13, ""y"": 295, ""x"": 509, ""u"": 6.819983600624982, ""v"": -7.313537016191707, ""base_weight"": 0.5669373788524215, ""time_conf"": 1.0, ""qc_flags"": ""ok""}, {""distance_vox"": 3.7416573867739413, ""source_role"": ""context_wind"", ""z"": 19, ""y"": 294, ""x"": 506, ""u"": 31.721635965964527, ""v"": 9.096032741960963, ""base_weight"": 0.13082459886210773, ""time_conf"": 0.969663144646718, ""qc_flags"": ""ok""}]",5,16.083122233828586,12.659900076215143,default_timepower15_8_4_conservative_v2,30,710
20260210011200,gaussian,diagnostic_weighted,pydda_3dvar_proxy,diagnostic_adaptive_v3,8,4.0,2,1.0,True,False,21,368,466,24.720000000000002,110.32,10500.0,24.984770675477392,-0.872487417562532,25.0,27.803531646728516,12.757841110229492,30.590830028367908,2.8187609712511232,13.630328527792024,2.8187609712511232,13.630328527792024,13.918738060204657,0.5567495224081863,0.019880395382642746,1,1.0,0.0,0,3,0.7623385190963745,0.03384208679199219,31.08401870727539,27,13.963722476252803,13.227031707763672,14.178636835085767,0.5688580697206629,0.6917063524409848,False,False,0.0,12.991399765014648,0.17307046055793762,0.0,0.360426664352417,0.0061477599665522575,0.0,True,context_only_nearest_support,6.782329983125268,context_wind,28.88162933337307,13.77583053647643,0.017133689881491488,"[{""distance_vox"": 6.782329983125268, ""source_role"": ""context_wind"", ""z"": 20, ""y"": 362, ""x"": 463, ""u"": 28.88162933337307, ""v"": 13.77583053647643, ""base_weight"": 0.017133689881491488, ""time_conf"": 0.3604266960894828, ""qc_flags"": ""ok""}, {""distance_vox"": 7.0, ""source_role"": ""context_wind"", ""z"": 19, ""y"": 362, ""x"": 463, ""u"": 27.113210921321272, ""v"": 15.029098227636442, ""base_weight"": 0.009981577251721767, ""time_conf"": 0.3604266960894828, ""qc_flags"": ""ok""}, {""distance_vox"": 7.280109889280518, ""source_role"": ""context_wind"", ""z"": 21, ""y"": 361, ""x"": 464, ""u"": 27.03622006879594, ""v"": 11.73190087162114, ""base_weight"": 0.017133689881491488, ""time_conf"": 0.3604266960894828, ""qc_flags"": ""ok""}]",5,16.083122233828586,12.659900076215143,default_timepower15_8_4_conservative_v2,30,710
20260214044200,gaussian,diagnostic_weighted,pydda_3dvar_proxy,diagnostic_adaptive_v3,8,4.0,2,1.0,True,False,23,322,511,28.400000000000002,113.92,11500.0,16.2571808513716,-4.970318980286524,17.0,17.894750595092773,-5.211966514587402,18.638312525809667,1.6375697437211727,-0.2416475343008786,1.6375697437211727,0.2416475343008786,1.6553030527322548,0.09737076780777969,1.0,1,1.0,0.0,0,3,2.8748552799224854,0.3294525146484375,21.4984188079834,27,2.3678763696440943,0.22677350044250488,2.3702541204701197,1.6608722846047106,1.4285295522897499,True,False,8.71217155456543,12.994179725646973,0.2593442499637604,0.15928111970424652,0.6101852655410767,0.2922678291797638,0.0,True,context_only_nearest_support,0.0,context_wind,25.901062150385386,-2.266049311439105,0.020730920149807406,"[{""distance_vox"": 0.0, ""source_role"": ""context_wind"", ""z"": 23, ""y"": 322, ""x"": 511, ""u"": 25.901062150385386, ""v"": -2.266049311439105, ""base_weight"": 0.020730920149807406, ""time_conf"": 0.4774208019552083, ""qc_flags"": ""ok""}, {""distance_vox"": 1.0, ""source_role"": ""context_wind"", ""z"": 23, ""y"": 322, ""x"": 510, ""u"": 24.157386264863334, ""v"": -3.84846203320711, ""base_weight"": 0.03842247405089221, ""time_conf"": 0.5005339316827608, ""qc_flags"": ""ok""}, {""distance_vox"": 1.4142135623730951, ""source_role"": ""context_wind"", ""z"": 23, ""y"": 323, ""x"": 510, ""u"": 24.540679586191597, ""v"": -4.7702248844136275, ""base_weight"": 0.020730920149807406, ""time_conf"": 0.4774208019552083, ""qc_flags"": ""ok""}]",1,1.6553030527322548,1.6553030527322548,default_timepower15_8_4_conservative_v2;moderate_current_support_fresh_context_prefers_10_5;v3_low_error_guard_prefers_8_4,5,380
20260219045400,gaussian,diagnostic_weighted,pydda_3dvar_proxy,diagnostic_adaptive_v3,10,5.0,2,1.0,True,False,20,327,501,28.000000000000004,113.12,10000.0,13.787308542170914,-2.4310744873370194,14.0,19.99799346923828,-3.334575653076172,20.274100167005816,6.210684927067367,-0.9035011657391525,6.210684927067367,0.9035011657391525,6.276059402188111,0.44828995729915083,1.0,1,1.0,0.0,0,3,2.5999667644500732,0.029291152954101562,22.800064086914062,27,6.311140563752916,3.673402786254883,6.311140563752916,2.0316709596611493,2.6026566159332285,True,False,3.9856529235839844,12.776998519897461,0.3233100175857544,0.14668995141983032,0.7807315587997437,1.0768755674362183,0.0,True,context_only_nearest_support,1.0,context_wind,22.789624219027115,-8.108176812972138,0.02275030849945395,"[{""distance_vox"": 1.0, ""source_role"": ""context_wind"", ""z"": 21, ""y"": 327, ""x"": 501, ""u"": 22.789624219027115, ""v"": -8.108176812972138, ""base_weight"": 0.02275030849945395, ""time_conf"": 0.46681303582201744, ""qc_flags"": ""ok""}, {""distance_vox"": 1.4142135623730951, ""source_role"": ""context_wind"", ""z"": 21, ""y"": 326, ""x"": 501, ""u"": 22.740112385624283, ""v"": -12.60505012640477, ""base_weight"": 0.010922777115206613, ""time_conf"": 0.37313711607747774, ""qc_flags"": ""ok""}, {""distance_vox"": 1.4142135623730951, ""source_role"": ""context_wind"", ""z"": 20, ""y"": 328, ""x"": 502, ""u"": 23.363057873594475, ""v"": 1.0224074190318833, ""base_weight"": 0.06131216451660627, ""time_conf"": 0.6026546017458396, ""qc_flags"": ""ok""}]",2,8.306361964539345,8.10296616977364,default_timepower15_8_4_conservative_v2;moderate_current_support_fresh_context_prefers_10_5,9,1034
20260222231200,gaussian,diagnostic_weighted,pydda_3dvar_proxy,diagnostic_adaptive_v3,8,4.0,2,1.0,True,False,12,295,523,30.560000000000002,114.88,6000.0,13.777900870063325,22.049250500067078,26.0,14.824363708496094,22.17987823486328,26.677870190012133,1.0464628384327685,0.13062773479620304,1.0464628384327685,0.13062773479620304,1.0545843149406091,0.04056093519002343,1.0,1,1.0,7.636761339008654,2,1,3.168731689453125,1.0244426727294922,26.428287506103516,27,1.8140420030664515,0.8278725147247314,1.8140420030664515,1.2326777024406677,0.22671180021587767,True,False,7.43791389465332,11.478336334228516,0.23580531775951385,0.5527356266975403,0.9585255980491638,0.015162438154220581,0.0,False,,1.4142135623730951,current_wind_train,14.705253945405731,22.64410533452645,0.5669373788524215,"[{""distance_vox"": 1.4142135623730951, ""source_role"": ""current_wind_train"", ""z"": 13, ""y"": 295, ""x"": 524, ""u"": 14.705253945405731, ""v"": 22.64410533452645, ""base_weight"": 0.5669373788524215, ""time_conf"": 1.0, ""qc_flags"": ""ok""}, {""distance_vox"": 2.8284271247461903, ""source_role"": ""context_wind"", ""z"": 10, ""y"": 295, ""x"": 521, ""u"": 17.09233098598007, ""v"": 15.390003946253737, ""base_weight"": 0.12695352926682754, ""time_conf"": 0.958525613502759, ""qc_flags"": ""ok""}, {""distance_vox"": 3.605551275463989, ""source_role"": ""current_wind_train"", ""z"": 14, ""y"": 295, ""x"": 526, ""u"": 14.9129873451272, ""v"": 21.297953151513788, ""base_weight"": 0.5669373788524215, ""time_conf"": 1.0, ""qc_flags"": ""ok""}]",1,1.0545843149406091,1.0545843149406091,default_timepower15_8_4_conservative_v2,7,411
20260126203000,gaussian,diagnostic_weighted,pydda_3dvar_proxy,diagnostic_adaptive_v3,8,4.0,2,1.0,True,False,5,245,508,34.56,113.68,2500.0,-1.5108438014230507,6.464538365032458,6.638742747333637,-0.6423682570457458,1.3718550205230713,1.5148013648641678,0.8684755443773049,-5.092683344509386,0.8684755443773049,5.092683344509386,5.166204933858583,0.7781902583788957,1.0,3,1.0,8.948593315838444,1,2,0.656569242477417,0.38144922256469727,1.2860151529312134,27,5.467691421508789,5.080247402191162,5.467691421508789,0.26893701680063326,0.08595753166742082,True,False,5.209377288818359,8.677536010742188,0.05000000074505806,1.0,0.7962230443954468,0.7813829779624939,0.0,False,,0.0,context_wind,-0.23566364017864436,1.639453072954728,0.18041394413961542,"[{""distance_vox"": 0.0, ""source_role"": ""context_wind"", ""z"": 5, ""y"": 245, ""x"": 508, ""u"": -0.23566364017864436, ""v"": 1.639453072954728, ""base_weight"": 0.18041394413961542, ""time_conf"": 0.8060207523233376, ""qc_flags"": ""ok""}, {""distance_vox"": 1.0, ""source_role"": ""current_wind_train"", ""z"": 6, ""y"": 245, ""x"": 508, ""u"": -0.835038605760392, ""v"": 5.941608412449423, ""base_weight"": 0.5669373788524215, ""time_conf"": 1.0, ""qc_flags"": ""ok""}, {""distance_vox"": 1.0, ""source_role"": ""context_wind"", ""z"": 4, ""y"": 245, ""x"": 508, ""u"": -0.2614672282429745, ""v"": -2.988584094275237, ""base_weight"": 0.08090498495136102, ""time_conf"": 0.8060207523233376, ""qc_flags"": ""ok""}]",1,5.166204933858583,5.166204933858583,default_timepower15_8_4_conservative_v2,4,459
20260131131800,gaussian,diagnostic_weighted,pydda_3dvar_proxy,diagnostic_adaptive_v3,10,5.0,2,1.0,True,False,6,295,513,30.560000000000002,114.08,3000.0,-1.5529142706151244,-5.79555495773441,6.000000000000001,-0.17242157459259033,-9.660306930541992,9.661845537559717,1.380492696022534,-3.864751972807582,1.380492696022534,3.864751972807582,4.103908855602383,0.6839848092670637,0.7824973464012146,1,1.0,0.0,0,3,4.14902925491333,0.49726295471191406,12.03690242767334,27,3.778147218403993,0.508440375328064,3.813982980691896,2.545296628257874,3.5954684802743193,False,False,0.0,12.532764434814453,0.38589993119239807,0.0,0.871799886226654,0.29943862557411194,0.0,True,context_only_nearest_support,1.0,context_wind,3.3265870530841575,-15.65036161174089,0.09215141856530772,"[{""distance_vox"": 1.0, ""source_role"": ""context_wind"", ""z"": 5, ""y"": 295, ""x"": 513, ""u"": 3.3265870530841575, ""v"": -15.65036161174089, ""base_weight"": 0.09215141856530772, ""time_conf"": 0.8473976959134202, ""qc_flags"": ""ok""}, {""distance_vox"": 1.4142135623730951, ""source_role"": ""context_wind"", ""z"": 5, ""y"": 294, ""x"": 513, ""u"": 1.0463471061618845, ""v"": -14.963460753897364, ""base_weight"": 0.12823098835990984, ""time_conf"": 0.9622238368941451, ""qc_flags"": ""ok""}, {""distance_vox"": 1.4142135623730951, ""source_role"": ""context_wind"", ""z"": 7, ""y"": 296, ""x"": 513, ""u"": -4.455032620941839, ""v"": -2.269952498697734, ""base_weight"": 0.09215141856530772, ""time_conf"": 0.8473976959134202, ""qc_flags"": ""ok""}]",3,12.827769504825696,9.49824141716208,default_timepower15_8_4_conservative_v2;moderate_current_support_fresh_context_prefers_10_5,17,993
20260131131800,gaussian,diagnostic_weighted,pydda_3dvar_proxy,diagnostic_adaptive_v3,10,5.0,2,1.0,True,False,23,250,513,34.160000000000004,114.08,11500.0,19.241633557066702,-10.66581164541942,21.999999999999996,4.064274787902832,4.794854164123535,6.285615006250018,-15.17735876916387,15.460665809542956,15.17735876916387,15.460665809542956,21.665281130931255,0.9847855059514209,1.0,1,1.0,0.0,0,3,1.502198338508606,0.3250279426574707,7.192444324493408,27,21.27556115609628,18.482633590698242,21.27556115609628,1.3153498890319932,3.182647540233013,False,False,0.0,13.789034843444824,0.34924793243408203,0.0,0.6784958839416504,0.841497540473938,0.0,True,context_only_nearest_support,1.4142135623730951,context_wind,19.659649062935802,-13.765834472425105,0.004903161382845756,"[{""distance_vox"": 1.4142135623730951, ""source_role"": ""context_wind"", ""z"": 23, ""y"": 249, ""x"": 512, ""u"": 19.659649062935802, ""v"": -13.765834472425105, ""base_weight"": 0.004903161382845756, ""time_conf"": 0.2742062449236565, ""qc_flags"": ""ok""}, {""distance_vox"": 1.4142135623730951, ""source_role"": ""context_wind"", ""z"": 24, ""y"": 250, ""x"": 512, ""u"": 19.896901741321, ""v"": -13.420629683297928, ""base_weight"": 0.005052668679409314, ""time_conf"": 0.2773923680169612, ""qc_flags"": ""ok""}, {""distance_vox"": 1.4142135623730951, ""source_role"": ""context_wind"", ""z"": 23, ""y"": 249, ""x"": 514, ""u"": 21.346505978071924, ""v"": -5.322281703192685, ""base_weight"": 0.07618790211547989, ""time_conf"": 0.7876112128976197, ""qc_flags"": ""ok""}]",3,12.827769504825696,9.49824141716208,default_timepower15_8_4_conservative_v2;moderate_current_support_fresh_context_prefers_10_5,17,993
20260206100000,gaussian,diagnostic_weighted,pydda_3dvar_proxy,diagnostic_adaptive_v3,8,4.0,2,1.0,True,False,11,246,507,34.480000000000004,113.6,5500.0,6.540542082231406,9.04781204526212,11.164299957266925,12.931990623474121,4.8063836097717285,13.796293157580585,6.391448541242715,-4.241428435490391,6.391448541242715,4.241428435490391,7.670745050432852,0.6870780147249543,1.0,2,1.0,30.855758605677536,1,2,10.408371925354004,3.1609573364257812,16.624406814575195,27,8.524998982747396,5.363781929016113,8.524998982747396,2.308262099163994,2.3069631214167385,True,True,11.132991790771484,10.078359603881836,0.10858217626810074,0.46899887919425964,0.6454635858535767,0.9118540287017822,0.8128429055213928,True,nearest_current_context_role_gap_ge_30mps;role_conflict_triggered_at_holdout_voxel,0.0,context_wind,2.797705328453724,10.898823883771525,0.029330903091350592,"[{""distance_vox"": 0.0, ""source_role"": ""context_wind"", ""z"": 11, ""y"": 246, ""x"": 507, ""u"": 2.797705328453724, ""v"": 10.898823883771525, ""base_weight"": 0.029330903091350592, ""time_conf"": 0.4491629096873816, ""qc_flags"": ""ok""}, {""distance_vox"": 1.0, ""source_role"": ""current_wind_train"", ""z"": 12, ""y"": 246, ""x"": 507, ""u"": 12.990381056766577, ""v"": 7.500000000000007, ""base_weight"": 0.5669373788524215, ""time_conf"": 1.0, ""qc_flags"": ""ok""}, {""distance_vox"": 1.0, ""source_role"": ""context_wind"", ""z"": 12, ""y"": 246, ""x"": 507, ""u"": 14.549104196855085, ""v"": -23.316362882475204, ""base_weight"": 0.014165597316800274, ""time_conf"": 0.334997497204339, ""qc_flags"": ""ok""}]",4,5.487323251368465,4.831859144561293,default_timepower15_8_4_conservative_v2,22,1036
20260206100000,gaussian,diagnostic_weighted,pydda_3dvar_proxy,diagnostic_adaptive_v3,8,4.0,2,1.0,True,False,17,247,509,34.400000000000006,113.76,8500.0,21.650635094610966,-12.500000000000004,25.000000000000004,24.160245895385742,-7.389523506164551,25.265045801930818,2.5096108007747766,5.110476493835453,2.5096108007747766,5.110476493835453,5.693427470813176,0.227737098832527,1.0,1,1.0,4.2495167276446,2,1,2.750929355621338,0.7421951293945312,26.98849105834961,27,5.565810945298937,4.187145709991455,5.565810945298937,1.0296771322609604,1.5062817608217207,True,True,15.424182891845703,8.587021827697754,0.05000000074505806,1.0,0.685461163520813,0.8231944441795349,0.782034695148468,True,role_conflict_triggered_at_holdout_voxel,1.0,current_wind_train,23.77641290737884,-7.725424859373681,0.5669373788524215,"[{""distance_vox"": 1.0, ""source_role"": ""current_wind_train"", ""z"": 17, ""y"": 247, ""x"": 508, ""u"": 23.77641290737884, ""v"": -7.725424859373681, ""base_weight"": 0.5669373788524215, ""time_conf"": 1.0, ""qc_flags"": ""ok""}, {""distance_vox"": 1.4142135623730951, ""source_role"": ""current_wind_train"", ""z"": 16, ""y"": 247, ""x"": 508, ""u"": 25.22768888317591, ""v"": -6.289969285591353, ""base_weight"": 0.5669373788524215, ""time_conf"": 1.0, ""qc_flags"": ""ok""}, {""distance_vox"": 1.4142135623730951, ""source_role"": ""context_wind"", ""z"": 16, ""y"": 247, ""x"": 510, ""u"": 22.147156689753572, ""v"": -9.217205836302591, ""base_weight"": 0.03363209490426303, ""time_conf"": 0.46830585650812145, ""qc_flags"": ""ok""}]",4,5.487323251368465,4.831859144561293,default_timepower15_8_4_conservative_v2,22,1036
20260210024800,gaussian,diagnostic_weighted,pydda_3dvar_proxy,diagnostic_adaptive_v3,10,5.0,2,1.0,True,False,13,249,518,34.24,114.48,6500.0,17.465323072967937,-4.354594120794014,18.0,20.099485397338867,-9.690713882446289,22.31365610538254,2.63416232437093,-5.336119761652275,2.63416232437093,5.336119761652275,5.950881049208696,0.3306045027338164,1.0,1,1.0,0.0,0,3,2.965956926345825,0.9461765289306641,23.37895965576172,27,5.291775500332868,3.559884548187256,5.291775500332868,0.9541609609977313,2.39099650102144,False,False,0.0,12.032795906066895,0.3148176968097687,0.0,0.7296354174613953,0.893416702747345,0.0,True,context_only_nearest_support,1.0,context_wind,-10.988074805258186,23.5640024629529,0.005755029639125293,"[{""distance_vox"": 1.0, ""source_role"": ""context_wind"", ""z"": 13, ""y"": 249, ""x"": 517, ""u"": -10.988074805258186, ""v"": 23.5640024629529, ""base_weight"": 0.005755029639125293, ""time_conf"": 0.29163225989402913, ""qc_flags"": ""ok""}, {""distance_vox"": 1.0, ""source_role"": ""context_wind"", ""z"": 13, ""y"": 250, ""x"": 518, ""u"": 9.771732675120045, ""v"": -13.257055372487928, ""base_weight"": 0.05929650167080537, ""time_conf"": 0.5810227934789198, ""qc_flags"": ""ok""}, {""distance_vox"": 1.4142135623730951, ""source_role"": ""context_wind"", ""z"": 13, ""y"": 250, ""x"": 517, ""u"": 6.339861680908215, ""v"": 3.4926941939064124, ""base_weight"": 0.014908176328502198, ""time_conf"": 0.34065918445093696, ""qc_flags"": ""ok""}]",2,4.60235812241524,4.293622540876369,default_timepower15_8_4_conservative_v2;moderate_current_support_fresh_context_prefers_10_5,11,766
20260219054800,gaussian,diagnostic_weighted,pydda_3dvar_proxy,diagnostic_adaptive_v3,10,5.0,2,1.0,True,False,20,245,508,34.56,113.68,10000.0,25.441442884692787,-15.89757792699614,30.000000000000004,23.863588333129883,-16.42892074584961,28.97206042045509,-1.577854551562904,-0.531342818853469,1.577854551562904,0.531342818853469,1.6649174685355799,0.05549724895118599,1.0,1,1.0,14.795774311676002,1,2,1.2545654773712158,0.17650222778320312,29.599712371826172,27,1.9520384382318567,1.216542363166809,1.9520384382318567,0.7060441443043011,0.4483751053687708,True,False,4.627462387084961,10.478316307067871,0.06990384310483932,0.641709566116333,0.62043297290802,0.7069255709648132,0.0,False,,1.0,current_wind_train,25.888543819998322,-18.809128073359133,0.5669373788524215,"[{""distance_vox"": 1.0, ""source_role"": ""current_wind_train"", ""z"": 21, ""y"": 245, ""x"": 508, ""u"": 25.888543819998322, ""v"": -18.809128073359133, ""base_weight"": 0.5669373788524215, ""time_conf"": 1.0, ""qc_flags"": ""ok""}, {""distance_vox"": 1.0, ""source_role"": ""context_wind"", ""z"": 20, ""y"": 246, ""x"": 508, ""u"": 11.150621265665748, ""v"": -20.116253264206104, ""base_weight"": 0.016799878731915033, ""time_conf"": 0.4403329367980742, ""qc_flags"": ""ok""}, {""distance_vox"": 1.0, ""source_role"": ""context_wind"", ""z"": 21, ""y"": 245, ""x"": 508, ""u"": 30.07916751455589, ""v"": -7.49957876358969, ""base_weight"": 0.005052668679409314, ""time_conf"": 0.2773923680169612, ""qc_flags"": ""ok""}]",3,6.973747847643037,4.802467983604713,default_timepower15_8_4_conservative_v2;moderate_current_support_fresh_context_prefers_10_5,14,1104
20260223002400,gaussian,diagnostic_weighted,pydda_3dvar_proxy,diagnostic_adaptive_v3,8,4.0,2,1.0,True,False,17,246,514,34.480000000000004,114.16,8500.0,13.594672343844135,25.04741599640598,28.49891514134345,13.186026573181152,24.128942489624023,27.496857319632422,-0.40864577066298224,-0.9184735067819574,0.40864577066298224,0.9184735067819574,1.0052785427636903,0.03527427404790332,1.0,2,1.0,49.233160601581986,1,2,13.051864624023438,1.4967536926269531,30.89255714416504,27,6.45865923166275,0.6927090287208557,5.6327813588335784,5.4192340214111345,0.3125695140428346,True,True,21.631006240844727,11.73751449584961,0.2672610282897949,0.15797413885593414,0.7279611229896545,0.25523555278778076,0.18702103197574615,True,nearest_current_context_role_gap_ge_30mps;role_conflict_triggered_at_holdout_voxel,1.7320508075688772,context_wind,6.77381307679069,27.1682803357279,0.10391555408794084,"[{""distance_vox"": 1.7320508075688772, ""source_role"": ""context_wind"", ""z"": 18, ""y"": 247, ""x"": 513, ""u"": 6.77381307679069, ""v"": 27.1682803357279, ""base_weight"": 0.10391555408794084, ""time_conf"": 0.8874746266218656, ""qc_flags"": ""ok""}, {""distance_vox"": 2.23606797749979, ""source_role"": ""current_wind_train"", ""z"": 19, ""y"": 246, ""x"": 515, ""u"": 18.317841434069997, ""v"": 25.61304950410596, ""base_weight"": 0.973165761934816, ""time_conf"": 1.0, ""qc_flags"": ""ok""}, {""distance_vox"": 2.23606797749979, ""source_role"": ""context_wind"", ""z"": 18, ""y"": 246, ""x"": 516, ""u"": -27.1682803357279, ""v"": 6.773813076790698, ""base_weight"": 0.11258129657769973, ""time_conf"": 0.9152401341861904, ""qc_flags"": ""ok""}]",4,4.415889767264163,3.6590384531327675,default_timepower15_8_4_conservative_v2,22,401
20260223002400,gaussian,diagnostic_weighted,pydda_3dvar_proxy,diagnostic_adaptive_v3,8,4.0,2,1.0,True,False,22,246,516,34.480000000000004,114.32,11000.0,24.654886698763846,26.912545900476864,36.498610452648144,22.997060775756836,26.192623138427734,34.85567832069193,-1.6578259230070103,-0.71992276204913,1.6578259230070103,0.71992276204913,1.8073946924538906,0.04951954800577225,1.0,2,1.0,63.738963163852226,2,1,0.9742084741592407,0.14725494384765625,35.42713165283203,27,1.9205745414451316,1.13309907913208,1.9205745414451316,0.6617275472869951,0.6742956133218105,True,True,25.671550750732422,10.547202110290527,0.08282282948493958,1.0,0.8627885580062866,0.4308750331401825,0.39518874883651733,True,nearest_current_context_role_gap_ge_30mps;role_conflict_triggered_at_holdout_voxel,1.0,current_wind_train,25.007701336523905,25.89623281219144,0.5669373788524215,"[{""distance_vox"": 1.0, ""source_role"": ""current_wind_train"", ""z"": 21, ""y"": 246, ""x"": 516, ""u"": 25.007701336523905, ""v"": 25.89623281219144, ""base_weight"": 0.5669373788524215, ""time_conf"": 1.0, ""qc_flags"": ""ok""}, {""distance_vox"": 1.0, ""source_role"": ""current_wind_train"", ""z"": 23, ""y"": 246, ""x"": 516, ""u"": 25.42696304163661, ""v"": 28.23950336814098, ""base_weight"": 0.5669373788524215, ""time_conf"": 1.0, ""qc_flags"": ""ok""}, {""distance_vox"": 1.0, ""source_role"": ""context_wind"", ""z"": 21, ""y"": 246, ""x"": 516, ""u"": -36.14014761921584, ""v"": 11.742645786247998, ""base_weight"": 0.11258129657769973, ""time_conf"": 0.9152401341861904, ""qc_flags"": ""ok""}]",4,4.415889767264163,3.6590384531327675,default_timepower15_8_4_conservative_v2,22,401
20260127070600,gaussian,diagnostic_weighted,pydda_3dvar_proxy,diagnostic_adaptive_v3,10,5.0,2,1.0,True,False,5,295,513,30.560000000000002,114.08,2500.0,2.427050983124842,1.7633557568774196,2.9999999999999996,0.2242717146873474,3.9363858699798584,3.942769524000343,-2.2027792684374945,2.1730301131024388,2.2027792684374945,2.1730301131024388,3.094235992601085,1.0314119975336953,0.192904993891716,1,1.0,0.0,0,3,3.522559642791748,0.3194398880004883,7.155905246734619,27,3.6301361189948187,1.666455864906311,2.622483787548961,1.8471642304515947,1.4277801276947741,False,False,0.0,11.763370513916016,0.17647677659988403,0.0,0.45295360684394836,0.07706272602081299,0.0,True,context_only_nearest_support,0.0,context_wind,0.6340702236026159,6.951326680205091,0.010810186677596706,"[{""distance_vox"": 0.0, ""source_role"": ""context_wind"", ""z"": 5, ""y"": 295, ""x"": 513, ""u"": 0.6340702236026159, ""v"": 6.951326680205091, ""base_weight"": 0.010810186677596706, ""time_conf"": 0.3019166493288809, ""qc_flags"": ""ok""}, {""distance_vox"": 1.0, ""source_role"": ""context_wind"", ""z"": 5, ""y"": 294, ""x"": 513, ""u"": -0.9503521924694313, ""v"": 8.006676916155802, ""base_weight"": 0.010336838798841059, ""time_conf"": 0.2755987476656214, ""qc_flags"": ""ok""}, {""distance_vox"": 1.0, ""source_role"": ""context_wind"", ""z"": 5, ""y"": 295, ""x"": 512, ""u"": 0.6257378601609229, ""v"": 3.9507533623805515, ""base_weight"": 0.004525749368407401, ""time_conf"": 0.2658876897344409, ""qc_flags"": ""ok""}]",3,2.6605348492936765,2.3701352261288346,default_timepower15_8_4_conservative_v2;moderate_current_support_fresh_context_prefers_10_5,14,1261
20260127070600,gaussian,diagnostic_weighted,pydda_3dvar_proxy,diagnostic_adaptive_v3,10,5.0,2,1.0,True,False,23,356,459,25.680000000000003,109.75999999999999,11500.0,18.951437298173992,1.3310452664870054,18.998122464287302,18.509321212768555,0.8314275741577148,18.527985415811234,-0.4421160854054378,-0.49961769232929054,0.4421160854054378,0.49961769232929054,0.6671465142400685,0.03511644455888583,1.0,3,1.0,0.0,3,0,1.9754505157470703,0.42537498474121094,19.677860260009766,27,1.2823848591910467,0.6580237746238708,1.2823848591910467,0.6806502445096957,0.009122739616197695,True,False,8.057374954223633,10.33202075958252,0.05000000074505806,1.0,0.5060840249061584,0.05865739285945892,0.0,False,,1.0,current_wind_train,16.90687222126065,1.776983875550107,0.5669373788524215,"[{""distance_vox"": 1.0, ""source_role"": ""current_wind_train"", ""z"": 23, ""y"": 356, ""x"": 458, ""u"": 16.90687222126065, ""v"": 1.776983875550107, ""base_weight"": 0.5669373788524215, ""time_conf"": 1.0, ""qc_flags"": ""ok""}, {""distance_vox"": 1.4142135623730951, ""source_role"": ""current_wind_train"", ""z"": 23, ""y"": 355, ""x"": 458, ""u"": 18.288130054436518, ""v"": 1.1680288160262386, ""base_weight"": 1.2642411176571153, ""time_conf"": 1.0, ""qc_flags"": ""ok""}, {""distance_vox"": 1.4142135623730951, ""source_role"": ""current_wind_train"", ""z"": 23, ""y"": 357, ""x"": 460, ""u"": 19.92389396183491, ""v"": 1.743114854953165, ""base_weight"": 0.5669373788524215, ""time_conf"": 1.0, ""qc_flags"": ""ok""}]",3,2.6605348492936765,2.3701352261288346,default_timepower15_8_4_conservative_v2;moderate_current_support_fresh_context_prefers_10_5,14,1261
20260131182400,gaussian,diagnostic_weighted,pydda_3dvar_proxy,diagnostic_adaptive_v3,8,4.0,2,1.0,True,False,7,246,512,34.480000000000004,114.0,3500.0,-9.696192404926743,17.492394142787916,20.0,11.186724662780762,-3.139420986175537,11.618897228623151,20.882917067707503,-20.631815128963453,20.882917067707503,20.631815128963453,29.35588562405288,1.467794281202644,1.0,1,1.0,15.44705000438551,1,2,1.319318413734436,0.6877155303955078,11.497194290161133,27,28.939186308119034,27.632953643798828,28.939186308119034,0.4903123474138239,1.722931980254053,True,False,5.375903606414795,8.98413372039795,0.05000000074505806,0.8559467196464539,0.7330738306045532,0.26542526483535767,0.0,False,,0.0,context_wind,-1.2741107684971262,5.0734801485079295,0.012945902014822949,"[{""distance_vox"": 0.0, ""source_role"": ""context_wind"", ""z"": 7, ""y"": 246, ""x"": 512, ""u"": -1.2741107684971262, ""v"": 5.0734801485079295, ""base_weight"": 0.012945902014822949, ""time_conf"": 0.30538539409135645, ""qc_flags"": ""ok""}, {""distance_vox"": 1.0, ""source_role"": ""context_wind"", ""z"": 8, ""y"": 246, ""x"": 512, ""u"": 0.19487912242600644, ""v"": 1.870200053524275, ""base_weight"": 0.013140652677292228, ""time_conf"": 0.3199060152200897, ""qc_flags"": ""ok""}, {""distance_vox"": 1.4142135623730951, ""source_role"": ""current_wind_train"", ""z"": 7, ""y"": 247, ""x"": 513, ""u"": 12.968332653377717, ""v"": -0.9068341586736278, ""base_weight"": 0.5669373788524215, ""time_conf"": 1.0, ""qc_flags"": ""ok""}]",6,39.07398864407974,27.43686085345195,default_timepower15_8_4_conservative_v2;dense_current_stale_conflict_prefers_6_3,42,640
20260131182400,gaussian,diagnostic_weighted,pydda_3dvar_proxy,diagnostic_adaptive_v3,8,4.0,2,1.0,True,False,11,246,513,34.480000000000004,114.08,5500.0,-8.714224560240437,13.418729087126783,16.0,12.085729598999023,-0.8700301051139832,12.117005088879255,20.799954159239462,-14.288759192240766,20.799954159239462,14.288759192240766,25.23502986485865,1.5771893665536656,1.0,1,1.0,9.438434154192517,1,2,1.4690017700195312,0.45541858673095703,12.26215648651123,27,25.03495795638473,21.841217041015625,25.03495795638473,1.544704025255095,3.3938128238430245,True,False,6.737363815307617,7.655881881713867,0.05000000074505806,1.0,0.47423774003982544,0.11737523227930069,0.0,False,,0.0,context_wind,-4.474103073833804,10.049000034068609,0.006111345415999655,"[{""distance_vox"": 0.0, ""source_role"": ""context_wind"", ""z"": 11, ""y"": 246, ""x"": 513, ""u"": -4.474103073833804, ""v"": 10.049000034068609, ""base_weight"": 0.006111345415999655, ""time_conf"": 0.2984488408395676, ""qc_flags"": ""ok""}, {""distance_vox"": 1.0, ""source_role"": ""current_wind_train"", ""z"": 12, ""y"": 246, ""x"": 513, ""u"": -11.47152872702092, ""v"": 16.383040885779838, ""base_weight"": 0.5669373788524215, ""time_conf"": 1.0, ""qc_flags"": ""ok""}, {""distance_vox"": 1.0, ""source_role"": ""context_wind"", ""z"": 10, ""y"": 246, ""x"": 513, ""u"": -4.741452074638735, ""v"": 9.92046902590121, ""base_weight"": 0.010399918889292268, ""time_conf"": 0.2689771558723263, ""qc_flags"": ""ok""}]",6,39.07398864407974,27.43686085345195,default_timepower15_8_4_conservative_v2;dense_current_stale_conflict_prefers_6_3,42,640
20260131182400,gaussian,diagnostic_weighted,pydda_3dvar_proxy,diagnostic_adaptive_v3,8,4.0,2,1.0,True,False,16,251,516,34.08,114.32,8000.0,52.62278676401087,-19.153128026237464,56.00000000000001,45.182945251464844,-10.477757453918457,46.38191396288011,-7.439841512546025,8.675370572319007,7.439841512546025,8.675370572319007,11.428617427268346,0.20408245405836328,1.0,1,1.0,14.965301401586714,2,1,14.209336280822754,1.4210166931152344,60.539695739746094,27,14.590907450075504,6.001021862030029,14.590907450075504,5.9274959249947905,5.427595565238317,True,True,39.67991638183594,8.067627906799316,0.05000000074505806,1.0,0.6114025712013245,0.16764847934246063,0.15926605463027954,True,role_conflict_triggered_at_holdout_voxel,1.0,current_wind_train,41.34647531457997,-15.048886306329436,0.5669373788524215,"[{""distance_vox"": 1.0, ""source_role"": ""current_wind_train"", ""z"": 15, ""y"": 251, ""x"": 516, ""u"": 41.34647531457997, ""v"": -15.048886306329436, ""base_weight"": 0.5669373788524215, ""time_conf"": 1.0, ""qc_flags"": ""ok""}, {""distance_vox"": 1.4142135623730951, ""source_role"": ""current_wind_train"", ""z"": 16, ""y"": 252, ""x"": 517, ""u"": 67.52501265695591, ""v"": -21.940206600621252, ""base_weight"": 0.5669373788524215, ""time_conf"": 1.0, ""qc_flags"": ""ok""}, {""distance_vox"": 1.4142135623730951, ""source_role"": ""context_wind"", ""z"": 17, ""y"": 250, ""x"": 516, ""u"": 56.277152124007806, ""v"": -14.031469944780712, ""base_weight"": 0.007541352878119163, ""time_conf"": 0.3235862526485705, ""qc_flags"": ""ok""}]",6,39.07398864407974,27.43686085345195,default_timepower15_8_4_conservative_v2;dense_current_stale_conflict_prefers_6_3,42,640
20260131182400,gaussian,diagnostic_weighted,pydda_3dvar_proxy,diagnostic_adaptive_v3,8,4.0,2,1.0,True,False,21,254,519,33.84,114.56,10500.0,87.05513646530869,-18.50414048278059,89.0,83.95599365234375,-7.864503383636475,84.32353932102005,-3.099142812964942,10.639637099144114,3.099142812964942,10.639637099144114,11.081812296580196,0.12451474490539546,1.0,1,1.0,0.0,3,0,6.033807754516602,0.32364654541015625,90.113525390625,27,11.813657478049949,9.375396728515625,11.813657478049949,1.7074886305013213,1.7064155680645712,True,True,75.00919342041016,9.406319618225098,0.05000000074505806,1.0,0.5867119431495667,0.11673543602228165,0.11089866608381271,True,role_conflict_triggered_at_holdout_voxel,1.0,current_wind_train,81.73904350001328,-14.412798746355188,0.5669373788524215,"[{""distance_vox"": 1.0, ""source_role"": ""current_wind_train"", ""z"": 20, ""y"": 254, ""x"": 519, ""u"": 81.73904350001328, ""v"": -14.412798746355188, ""base_weight"": 0.5669373788524215, ""time_conf"": 1.0, ""qc_flags"": ""ok""}, {""distance_vox"": 1.0, ""source_role"": ""current_wind_train"", ""z"": 21, ""y"": 255, ""x"": 519, ""u"": 93.64230162062408, ""v"": -8.192639818279842, ""base_weight"": 0.4535499030819372, ""time_conf"": 1.0, ""qc_flags"": ""ok""}, {""distance_vox"": 1.7320508075688772, ""source_role"": ""current_wind_train"", ""z"": 22, ""y"": 255, ""x"": 520, ""u"": 95.86843533643909, ""v"": -5.024251799322618, ""base_weight"": 0.4535499030819372, ""time_conf"": 1.0, ""qc_flags"": ""ok""}]",6,39.07398864407974,27.43686085345195,default_timepower15_8_4_conservative_v2;dense_current_stale_conflict_prefers_6_3,42,640
20260206145400,gaussian,diagnostic_weighted,pydda_3dvar_proxy,diagnostic_adaptive_v3,10,5.0,2,1.0,True,False,4,245,509,34.56,113.76,2000.0,-4.835536290385454,-1.1163715164833057,4.96273075820661,-4.68725061416626,-3.028632640838623,5.580585452544842,0.14828567621919397,-1.9122611243553174,0.14828567621919397,1.9122611243553174,1.918001889856328,0.3864811498557781,1.0,2,1.0,5.365913628251568,1,2,1.2992234230041504,0.06725215911865234,6.057776927947998,27,2.0993315555431225,1.5825241804122925,2.1485546934904933,0.4915579013732058,0.33547770944403554,True,False,2.227458953857422,9.623488426208496,0.05000000074505806,0.549645185470581,0.5297990441322327,0.2045610249042511,0.0,False,,0.0,context_wind,-4.464367349628152,-3.1319348929732596,0.06554838727618315,"[{""distance_vox"": 0.0, ""source_role"": ""context_wind"", ""z"": 4, ""y"": 245, ""x"": 509, ""u"": -4.464367349628152, ""v"": -3.1319348929732596, ""base_weight"": 0.06554838727618315, ""time_conf"": 0.5678363282645132, ""qc_flags"": ""ok""}, {""distance_vox"": 1.0, ""source_role"": ""current_wind_train"", ""z"": 5, ""y"": 245, ""x"": 509, ""u"": -5.737828535778212, ""v"": -1.7542302283364206, ""base_weight"": 0.5669373788524215, ""time_conf"": 1.0, ""qc_flags"": ""ok""}, {""distance_vox"": 1.0, ""source_role"": ""context_wind"", ""z"": 4, ""y"": 245, ""x"": 510, ""u"": -6.000171104914786, ""v"": 3.60526652437038, ""base_weight"": 0.012194483019194282, ""time_conf"": 0.3892823632682234, ""qc_flags"": ""ok""}]",2,6.402853220963286,5.383770077010294,default_timepower15_8_4_conservative_v2;moderate_current_support_fresh_context_prefers_10_5,9,926
20260210041800,gaussian,diagnostic_weighted,pydda_3dvar_proxy,diagnostic_adaptive_v3,8,4.0,2,1.0,True,False,13,247,511,34.400000000000006,113.92,6500.0,25.007701336523912,-25.896232812191432,36.0,21.261003494262695,-20.100584030151367,29.258567086175404,-3.7466978422612165,5.795648782040065,3.7466978422612165,5.795648782040065,6.901252750477071,0.19170146529102974,1.0,1,1.0,7.305158870438561,1,2,4.453792095184326,0.14707565307617188,33.174530029296875,27,7.359911715542829,3.2592461109161377,7.359911715542829,3.4036544848092025,3.6420066395609334,True,True,10.716787338256836,8.36814022064209,0.05000000074505806,1.0,0.7024669647216797,1.392547369003296,1.3229199647903442,True,role_conflict_triggered_at_holdout_voxel,1.0,current_wind_train,20.506096654409884,-20.506096654409873,0.5669373788524215,"[{""distance_vox"": 1.0, ""source_role"": ""current_wind_train"", ""z"": 13, ""y"": 247, ""x"": 512, ""u"": 20.506096654409884, ""v"": -20.506096654409873, ""base_weight"": 0.5669373788524215, ""time_conf"": 1.0, ""qc_flags"": ""ok""}, {""distance_vox"": 1.0, ""source_role"": ""context_wind"", ""z"": 13, ""y"": 248, ""x"": 511, ""u"": 20.73997099826586, ""v"": -27.807510826584544, ""base_weight"": 0.09785820761863928, ""time_conf"": 0.5680821992013242, ""qc_flags"": ""ok""}, {""distance_vox"": 1.4142135623730951, ""source_role"": ""context_wind"", ""z"": 13, ""y"": 248, ""x"": 512, ""u"": 22.644105334526454, ""v"": -14.70525394540572, ""base_weight"": 0.008419369785175415, ""time_conf"": 0.3375874865420475, ""qc_flags"": ""ok""}]",4,4.487471321125626,4.0678616401766545,default_timepower15_8_4_conservative_v2,25,860
20260210041800,gaussian,diagnostic_weighted,pydda_3dvar_proxy,diagnostic_adaptive_v3,8,4.0,2,1.0,True,False,19,246,505,34.480000000000004,113.44,9500.0,21.44924440733139,-17.998053071223097,28.0,21.94454002380371,-19.565046310424805,29.39989581589347,0.49529561647232256,-1.5669932392017074,0.49529561647232256,1.5669932392017074,1.6434066932444193,0.05869309618730069,1.0,1,1.0,11.521029018445004,2,1,1.3955169916152954,0.26114463806152344,30.446151733398438,27,1.9539792714295563,1.0853431224822998,1.9539792714295563,0.779844926018678,0.5580635707621195,True,True,10.139725685119629,9.0326509475708,0.05000000074505806,1.0,0.6538333296775818,0.6487792134284973,0.6163402199745178,True,role_conflict_triggered_at_holdout_voxel,1.0,current_wind_train,23.1604297913715,-17.45263567140939,0.5669373788524215,"[{""distance_vox"": 1.0, ""source_role"": ""current_wind_train"", ""z"": 19, ""y"": 247, ""x"": 505, ""u"": 23.1604297913715, ""v"": -17.45263567140939, ""base_weight"": 0.5669373788524215, ""time_conf"": 1.0, ""qc_flags"": ""ok""}, {""distance_vox"": 1.4142135623730951, ""source_role"": ""current_wind_train"", ""z"": 19, ""y"": 245, ""x"": 506, ""u"": 20.68319996421241, ""v"": -17.35526546153656, ""base_weight"": 0.5669373788524215, ""time_conf"": 1.0, ""qc_flags"": ""ok""}, {""distance_vox"": 1.4142135623730951, ""source_role"": ""context_wind"", ""z"": 19, ""y"": 247, ""x"": 506, ""u"": 11.957087429946919, ""v"": -14.765773267682441, ""base_weight"": 0.005990187393797712, ""time_conf"": 0.2961591252948842, ""qc_flags"": ""ok""}]",4,4.487471321125626,4.0678616401766545,default_timepower15_8_4_conservative_v2,25,860
20260214153000,gaussian,diagnostic_weighted,pydda_3dvar_proxy,diagnostic_adaptive_v3,8,4.0,2,1.0,True,False,21,245,493,34.56,112.47999999999999,10500.0,3.8302222155948895,3.2139380484326976,5.0,5.0504326820373535,4.459211349487305,6.737316686573921,1.220210466442464,1.245273301054607,1.220210466442464,1.245273301054607,1.7434503654349252,0.348690073086985,1.0,1,1.0,0.0,3,0,1.1549710035324097,0.15899896621704102,7.891230583190918,27,1.8592344014732927,0.8203595280647278,1.8592344014732927,0.8176342450597607,0.9230908373701974,True,False,3.587148666381836,10.16465950012207,0.05000000074505806,1.0,0.7347050905227661,0.09004198014736176,0.0,False,,1.0,current_wind_train,3.9400537680336107,3.0783073766282905,0.5669373788524215,"[{""distance_vox"": 1.0, ""source_role"": ""current_wind_train"", ""z"": 21, ""y"": 246, ""x"": 493, ""u"": 3.9400537680336107, ""v"": 3.0783073766282905, ""base_weight"": 0.5669373788524215, ""time_conf"": 1.0, ""qc_flags"": ""ok""}, {""distance_vox"": 1.4142135623730951, ""source_role"": ""current_wind_train"", ""z"": 22, ""y"": 246, ""x"": 493, ""u"": 5.7547184027092095, ""v"": 5.557266963671978, ""base_weight"": 0.5669373788524215, ""time_conf"": 1.0, ""qc_flags"": ""ok""}, {""distance_vox"": 2.23606797749979, ""source_role"": ""current_wind_train"", ""z"": 23, ""y"": 246, ""x"": 493, ""u"": 6.128355544951823, ""v"": 5.142300877492316, ""base_weight"": 0.5669373788524215, ""time_conf"": 1.0, ""qc_flags"": ""ok""}]",2,3.511427681140102,3.196624618339288,default_timepower15_8_4_conservative_v2,11,275
20260219081800,gaussian,diagnostic_weighted,pydda_3dvar_proxy,diagnostic_adaptive_v3,10,5.0,2,1.0,True,False,18,321,507,28.480000000000004,113.6,9000.0,14.854021031123555,-2.087596514400982,15.0,14.480185508728027,-8.3059720993042,16.69326046288133,-0.3738355223955274,-6.218375584903217,0.3738355223955274,6.218375584903217,6.229602548535915,0.41530683656906103,0.3547908365726471,1,1.0,0.0,0,3,4.25180721282959,1.2711925506591797,20.32691764831543,27,6.799690776401096,6.034904479980469,6.825405813761716,0.4013521076883323,0.19469806855544647,False,False,0.0,12.27945327758789,0.21193787455558777,0.0,0.489590048789978,0.12430677562952042,0.0,True,context_only_nearest_support,0.0,context_wind,9.396926207859083,-3.4202014332566897,0.004391833492277971,"[{""distance_vox"": 0.0, ""source_role"": ""context_wind"", ""z"": 18, ""y"": 321, ""x"": 507, ""u"": 9.396926207859083, ""v"": -3.4202014332566897, ""base_weight"": 0.004391833492277971, ""time_conf"": 0.26283370914173565, ""qc_flags"": ""ok""}, {""distance_vox"": 1.0, ""source_role"": ""context_wind"", ""z"": 18, ""y"": 321, ""x"": 508, ""u"": 14.142135623730953, ""v"": -14.142135623730947, ""base_weight"": 0.03631770507712375, ""time_conf"": 0.5923182505897684, ""qc_flags"": ""ok""}, {""distance_vox"": 2.23606797749979, ""source_role"": ""context_wind"", ""z"": 20, ""y"": 321, ""x"": 508, ""u"": 21.0, ""v"": 3.857637417314163e-15, ""base_weight"": 0.0060504631450877, ""time_conf"": 0.29730177875068026, ""qc_flags"": ""ok""}]",2,5.04948246959053,4.860266721410853,default_timepower15_8_4_conservative_v2;moderate_current_support_fresh_context_prefers_10_5,14,1064
20260223060000,gaussian,diagnostic_weighted,pydda_3dvar_proxy,diagnostic_adaptive_v3,8,4.0,2,1.0,True,False,13,245,505,34.56,113.44,6500.0,-14.834941673068599,5.993705494654593,16.0,-10.13224983215332,8.591177940368652,13.28423219701643,4.7026918409152785,2.597472445714059,4.7026918409152785,2.597472445714059,5.372352711508702,0.3357720444692939,1.0,1,1.0,13.034269495781706,1,2,5.0518035888671875,0.8099775314331055,14.335490226745605,27,5.8201241140012385,2.0789592266082764,5.8201241140012385,3.09048859042346,3.2933934849004256,True,False,7.928541660308838,9.460173606872559,0.07572219520807266,0.7862402200698853,0.8018125295639038,0.8589374423027039,0.0,False,,1.4142135623730951,current_wind_train,-6.57260187900247,12.361266300024978,0.5669373788524215,"[{""distance_vox"": 1.4142135623730951, ""source_role"": ""current_wind_train"", ""z"": 14, ""y"": 245, ""x"": 504, ""u"": -6.57260187900247, ""v"": 12.361266300024978, ""base_weight"": 0.5669373788524215, ""time_conf"": 1.0, ""qc_flags"": ""ok""}, {""distance_vox"": 1.7320508075688772, ""source_role"": ""context_wind"", ""z"": 14, ""y"": 246, ""x"": 504, ""u"": -3.5979926959253126, ""v"": 22.71683183368817, ""base_weight"": 0.07032347560203997, ""time_conf"": 0.7637175654573216, ""qc_flags"": ""ok""}, {""distance_vox"": 2.23606797749979, ""source_role"": ""context_wind"", ""z"": 11, ""y"": 246, ""x"": 505, ""u"": -17.30271052688974, ""v"": 4.961472404705983, ""base_weight"": 0.06362359666322837, ""time_conf"": 0.7348672461377994, ""qc_flags"": ""ok""}]",2,5.140996752393742,5.135539617879383,default_timepower15_8_4_conservative_v2;moderate_current_support_fresh_context_prefers_10_5;v3_low_error_guard_prefers_8_4,8,796
20260127080600,gaussian,diagnostic_weighted,pydda_3dvar_proxy,diagnostic_adaptive_v3,8,4.0,2,1.0,True,False,21,375,514,24.160000000000004,114.16,10500.0,12.727922061357859,-12.727922061357852,18.0,13.401810646057129,-13.63630199432373,19.11955179059299,0.6738885846992702,-0.9083799329658788,0.6738885846992702,0.9083799329658788,1.1310525749067017,0.06283625416148343,1.0,1,1.0,2.3987254559299904,1,2,3.1276042461395264,0.7494907379150391,21.07110595703125,27,1.927428318394555,0.7712786197662354,1.927428318394555,1.3471625454019844,0.3597739551404664,True,False,2.7446377277374268,11.29929256439209,0.16658121347427368,0.6697914004325867,0.8163021802902222,0.873255729675293,0.0,False,,0.0,context_wind,13.382612127177163,-14.862896509547884,0.09032450765511005,"[{""distance_vox"": 0.0, ""source_role"": ""context_wind"", ""z"": 21, ""y"": 375, ""x"": 514, ""u"": 13.382612127177163, ""v"": -14.862896509547884, ""base_weight"": 0.09032450765511005, ""time_conf"": 0.8408964152537145, ""qc_flags"": ""ok""}, {""distance_vox"": 1.0, ""source_role"": ""context_wind"", ""z"": 21, ""y"": 375, ""x"": 513, ""u"": 13.382612127177163, ""v"": -14.862896509547884, ""base_weight"": 0.09032450765511005, ""time_conf"": 0.8408964152537145, ""qc_flags"": ""ok""}, {""distance_vox"": 1.4142135623730951, ""source_role"": ""current_wind_train"", ""z"": 21, ""y"": 376, ""x"": 513, ""u"": 12.948116406095721, ""v"": -12.50385066826195, ""base_weight"": 0.5669373788524215, ""time_conf"": 1.0, ""qc_flags"": ""ok""}]",3,2.717531111934398,2.439769082896465,default_timepower15_8_4_conservative_v2,19,1280
20260127080600,gaussian,diagnostic_weighted,pydda_3dvar_proxy,diagnostic_adaptive_v3,8,4.0,2,1.0,True,False,23,327,498,28.000000000000004,112.88,11500.0,31.878230338935857,2.788983767925064,32.0,30.547651290893555,1.0817526578903198,30.566798788929198,-1.3305790480423028,-1.7072311100347441,1.3305790480423028,1.7072311100347441,2.164504254132947,0.0676407579416546,1.0,1,1.0,4.370513944684198,1,2,0.5107394456863403,0.04390907287597656,30.935707092285156,27,2.311381039796052,1.9765071868896484,2.311381039796052,0.1709930998537744,0.18799706724329868,True,False,2.944559335708618,10.575554847717285,0.054023534059524536,1.0,0.7880470752716064,0.8659070134162903,0.0,False,,1.0,current_wind_train,30.768930700880986,3.7779496455595623,0.5669373788524215,"[{""distance_vox"": 1.0, ""source_role"": ""current_wind_train"", ""z"": 23, ""y"": 327, ""x"": 497, ""u"": 30.768930700880986, ""v"": 3.7779496455595623, ""base_weight"": 0.5669373788524215, ""time_conf"": 1.0, ""qc_flags"": ""ok""}, {""distance_vox"": 1.0, ""source_role"": ""context_wind"", ""z"": 23, ""y"": 328, ""x"": 498, ""u"": 29.995430854691737, ""v"": -0.5235721931184939, ""base_weight"": 0.07930103569047939, ""time_conf"": 0.7998369177983302, ""qc_flags"": ""ok""}, {""distance_vox"": 1.0, ""source_role"": ""context_wind"", ""z"": 23, ""y"": 327, ""x"": 499, ""u"": 32.504876715236996, ""v"": 0.7067891357591329, ""base_weight"": 0.16935855540737624, ""time_conf"": 0.8994251415100181, ""qc_flags"": ""ok""}]",3,2.717531111934398,2.439769082896465,default_timepower15_8_4_conservative_v2,19,1280
20260131204800,gaussian,diagnostic_weighted,pydda_3dvar_proxy,diagnostic_adaptive_v3,8,4.0,2,1.0,True,False,18,299,523,30.240000000000002,114.88,9000.0,8.571673007021124,-5.150380749100542,10.0,15.647470474243164,-3.368180274963379,16.005873003587276,7.07579746722204,1.7822004741371629,7.07579746722204,1.7822004741371629,7.29679027567331,0.7296790275673309,0.7809268832206726,1,1.0,0.0,3,0,8.448906898498535,1.3564987182617188,18.7199764251709,27,7.365402945765743,5.419473171234131,7.319927193696932,0.8629751876588017,1.8773171044391788,True,False,8.047804832458496,11.327630996704102,0.05000000074505806,0.1522248387336731,0.26486578583717346,0.0002181645977543667,0.0,False,,2.23606797749979,current_wind_train,15.65036161174089,-3.326587053084151,0.5669373788524215,"[{""distance_vox"": 2.23606797749979, ""source_role"": ""current_wind_train"", ""z"": 20, ""y"": 299, ""x"": 522, ""u"": 15.65036161174089, ""v"": -3.326587053084151, ""base_weight"": 0.5669373788524215, ""time_conf"": 1.0, ""qc_flags"": ""ok""}, {""distance_vox"": 4.123105625617661, ""source_role"": ""current_wind_train"", ""z"": 22, ""y"": 299, ""x"": 522, ""u"": 26.7372378560224, ""v"": -3.7576737259217676, ""base_weight"": 0.5669373788524215, ""time_conf"": 1.0, ""qc_flags"": ""ok""}, {""distance_vox"": 5.0990195135927845, ""source_role"": ""current_wind_train"", ""z"": 23, ""y"": 299, ""x"": 522, ""u"": 29.448815503429916, ""v"": -5.724269861296353, ""base_weight"": 0.5669373788524215, ""time_conf"": 1.0, ""qc_flags"": ""ok""}]",1,7.29679027567331,7.29679027567331,default_timepower15_8_4_conservative_v2,5,663
20260203014200,gaussian,diagnostic_weighted,pydda_3dvar_proxy,diagnostic_adaptive_v3,8,4.0,2,1.0,True,False,14,322,507,28.400000000000002,113.6,7000.0,17.809010019284944,11.128304548897304,21.0,39.605037689208984,1.371464729309082,39.62877648713625,21.79602766992404,-9.756839819588222,21.79602766992404,9.756839819588222,23.880174736655437,1.1371511779359733,0.24984091520309448,1,1.0,0.0,0,3,8.828285217285156,3.7264785766601562,39.67783737182617,27,21.04524760776096,12.557319641113281,22.86847824735379,4.492928434548588,11.322855095542156,False,False,0.0,12.15057373046875,0.2394595742225647,0.0,0.5789191722869873,0.05589616298675537,0.0,True,context_only_nearest_support,3.0,context_wind,33.87061973511935,-2.9632952534203683,0.034544375220854066,"[{""distance_vox"": 3.0, ""source_role"": ""context_wind"", ""z"": 13, ""y"": 320, ""x"": 509, ""u"": 33.87061973511935, ""v"": -2.9632952534203683, ""base_weight"": 0.034544375220854066, ""time_conf"": 0.5810227934789198, ""qc_flags"": ""ok""}, {""distance_vox"": 3.1622776601683795, ""source_role"": ""context_wind"", ""z"": 17, ""y"": 321, ""x"": 507, ""u"": 23.33951066243004, ""v"": 8.959198738632518, ""base_weight"": 0.058141243607568435, ""time_conf"": 0.7098349699814569, ""qc_flags"": ""ok""}, {""distance_vox"": 3.3166247903554, ""source_role"": ""context_wind"", ""z"": 17, ""y"": 323, ""x"": 508, ""u"": 21.190742228614248, ""v"": 11.267317506861378, ""base_weight"": 0.025581794792437787, ""time_conf"": 0.5176324619206887, ""qc_flags"": ""ok""}]",1,23.880174736655437,23.880174736655437,default_timepower15_8_4_conservative_v2,1,653
20260206180600,gaussian,diagnostic_weighted,pydda_3dvar_proxy,diagnostic_adaptive_v3,10,5.0,2,1.0,True,False,11,297,524,30.400000000000002,114.96000000000001,5500.0,-3.6253709121543514,-18.650916485505615,19.0,5.360896587371826,-18.032670974731445,18.812666868453736,8.986267499526178,0.6182455107741696,8.986267499526178,0.6182455107741696,9.007509704942477,0.4740794581548672,0.4598580002784729,1,1.0,0.0,3,0,13.34591293334961,3.105541229248047,26.406536102294922,27,11.911278159530074,3.958460807800293,8.578185252929378,7.651529411434769,5.049048897142184,True,True,21.94367790222168,12.84073257446289,0.3748759627342224,0.09107697010040283,0.9135057330131531,0.07461220771074295,0.04664188623428345,True,role_conflict_triggered_at_holdout_voxel,2.23606797749979,current_wind_train,-0.6281909406450175,-17.989034886343724,0.5669373788524215,"[{""distance_vox"": 2.23606797749979, ""source_role"": ""current_wind_train"", ""z"": 13, ""y"": 297, ""x"": 523, ""u"": -0.6281909406450175, ""v"": -17.989034886343724, ""base_weight"": 0.5669373788524215, ""time_conf"": 1.0, ""qc_flags"": ""ok""}, {""distance_vox"": 3.605551275463989, ""source_role"": ""current_wind_train"", ""z"": 14, ""y"": 297, ""x"": 522, ""u"": 0.5234924505375124, ""v"": -14.990862405286437, ""base_weight"": 0.5669373788524215, ""time_conf"": 1.0, ""qc_flags"": ""ok""}, {""distance_vox"": 6.708203932499369, ""source_role"": ""current_wind_train"", ""z"": 17, ""y"": 297, ""x"": 521, ""u"": 4.158233816355198, ""v"": -19.56295201467611, ""base_weight"": 0.5669373788524215, ""time_conf"": 1.0, ""qc_flags"": ""ok""}]",2,6.468892088363268,5.303426443992542,default_timepower15_8_4_conservative_v2;moderate_current_support_fresh_context_prefers_10_5,8,748
20260206180600,gaussian,diagnostic_weighted,pydda_3dvar_proxy,diagnostic_adaptive_v3,10,5.0,2,1.0,True,False,18,297,520,30.400000000000002,114.64,9000.0,6.211657082460496,-23.18221983093764,24.000000000000004,5.952231407165527,-21.60405731201172,22.4090238757768,-0.2594256752949686,1.5781625189259216,0.2594256752949686,1.5781625189259216,1.599343183042608,0.06663929929344199,1.0,1,1.0,0.0,3,0,0.47847670316696167,0.08356285095214844,22.690425872802734,27,1.6723845932218764,1.322224736213684,1.6723845932218764,0.2798769435082715,0.27711844682892384,True,True,30.501056671142578,9.470993041992188,0.05000000074505806,1.0,0.848661482334137,0.1887817233800888,0.1793426275253296,True,role_conflict_triggered_at_holdout_voxel,1.4142135623730951,current_wind_train,4.158233816355198,-19.56295201467611,0.5669373788524215,"[{""distance_vox"": 1.4142135623730951, ""source_role"": ""current_wind_train"", ""z"": 17, ""y"": 297, ""x"": 521, ""u"": 4.158233816355198, ""v"": -19.56295201467611, ""base_weight"": 0.5669373788524215, ""time_conf"": 1.0, ""qc_flags"": ""ok""}, {""distance_vox"": 1.4142135623730951, ""source_role"": ""current_wind_train"", ""z"": 18, ""y"": 296, ""x"": 519, ""u"": 6.211657082460496, ""v"": -23.18221983093764, ""base_weight"": 0.5669373788524215, ""time_conf"": 1.0, ""qc_flags"": ""ok""}, {""distance_vox"": 2.23606797749979, ""source_role"": ""current_wind_train"", ""z"": 18, ""y"": 296, ""x"": 518, ""u"": 5.173874249908903, ""v"": -22.410511490060408, ""base_weight"": 0.5669373788524215, ""time_conf"": 1.0, ""qc_flags"": ""ok""}]",2,6.468892088363268,5.303426443992542,default_timepower15_8_4_conservative_v2;moderate_current_support_fresh_context_prefers_10_5,8,748
20260210055400,gaussian,diagnostic_weighted,pydda_3dvar_proxy,diagnostic_adaptive_v3,10,5.0,2,1.0,True,False,17,245,508,34.56,113.68,8500.0,12.931275550434414,-17.798373876248842,22.000000000000004,20.729713439941406,-16.276548385620117,26.35615766100059,7.798437889506992,1.521825490628725,7.798437889506992,1.521825490628725,7.9455387696760775,0.3611608531670944,1.0,1,1.0,0.0,0,3,1.0786112546920776,0.6851329803466797,26.046878814697266,27,7.567087226443821,7.146640300750732,7.567087226443821,0.2804297023725133,0.7988984689253451,False,False,0.0,11.96340560913086,0.271208792924881,0.0,0.6252747774124146,1.1720702648162842,0.0,True,context_only_nearest_support,0.0,context_wind,19.320806261577854,-22.64254046509456,0.046236001737498006,"[{""distance_vox"": 0.0, ""source_role"": ""context_wind"", ""z"": 17, ""y"": 245, ""x"": 508, ""u"": 19.320806261577854, ""v"": -22.64254046509456, ""base_weight"": 0.046236001737498006, ""time_conf"": 0.5681665349385323, ""qc_flags"": ""ok""}, {""distance_vox"": 1.0, ""source_role"": ""context_wind"", ""z"": 17, ""y"": 246, ""x"": 508, ""u"": 27.118971252498692, ""v"": -24.47658487927704, ""base_weight"": 0.16343810509142792, ""time_conf"": 0.7961392362291483, ""qc_flags"": ""ok""}, {""distance_vox"": 1.0, ""source_role"": ""context_wind"", ""z"": 18, ""y"": 245, ""x"": 508, ""u"": 17.218732881436278, ""v"": -17.22163859464969, ""base_weight"": 0.024641190312354157, ""time_conf"": 0.4856670491894896, ""qc_flags"": ""ok""}]",2,5.71103874298432,4.697396997358809,default_timepower15_8_4_conservative_v2;moderate_current_support_fresh_context_prefers_10_5,7,940
20260215020600,gaussian,diagnostic_weighted,pydda_3dvar_proxy,diagnostic_adaptive_v3,8,4.0,2,1.0,True,False,16,380,515,23.760000000000005,114.24000000000001,8000.0,36.871237598487866,9.193032032787375,38.0,41.64299774169922,11.045125007629395,43.0828741769781,4.771760143211353,1.8520929748420194,4.771760143211353,1.8520929748420194,5.11858801348571,0.13469968456541342,1.0,1,1.0,0.0,3,0,2.47609281539917,0.18399429321289062,43.041847229003906,27,5.251054887418394,4.795050144195557,5.3991256008009,0.42978789408003126,0.3235378692901536,False,False,0.0,12.128687858581543,0.29127007722854614,0.45351406931877136,1.0,0.0,0.0,False,,1.7320508075688772,current_wind_train,41.89791278576511,9.672895336786206,0.5669373788524215,"[{""distance_vox"": 1.7320508075688772, ""source_role"": ""current_wind_train"", ""z"": 17, ""y"": 379, ""x"": 516, ""u"": 41.89791278576511, ""v"": 9.672895336786206, ""base_weight"": 0.5669373788524215, ""time_conf"": 1.0, ""qc_flags"": ""ok""}, {""distance_vox"": 2.449489742783178, ""source_role"": ""current_wind_train"", ""z"": 18, ""y"": 379, ""x"": 516, ""u"": 40.502213551907374, ""v"": 17.192169653528047, ""base_weight"": 0.5669373788524215, ""time_conf"": 1.0, ""qc_flags"": ""ok""}, {""distance_vox"": 3.3166247903554, ""source_role"": ""current_wind_train"", ""z"": 19, ""y"": 379, ""x"": 516, ""u"": 37.749349944565004, ""v"": 18.411588165141264, ""base_weight"": 0.5669373788524215, ""time_conf"": 1.0, ""qc_flags"": ""ok""}]",4,4.641052590322316,3.7371218055228614,default_timepower15_8_4_conservative_v2,24,436
20260215020600,gaussian,diagnostic_weighted,pydda_3dvar_proxy,diagnostic_adaptive_v3,8,4.0,2,1.0,True,False,23,294,520,30.64,114.64,11500.0,5.698824908258007,11.68432260188917,12.999999999999998,11.076197624206543,16.988279342651367,20.28013286037431,5.377372715948536,5.303956740762198,5.377372715948536,5.303956740762198,7.553018895389081,0.5810014534914678,0.6276212930679321,1,1.0,0.0,0,3,4.037145614624023,0.9649162292480469,23.68821907043457,27,8.315050672601771,5.585618019104004,8.956692976683886,2.518769603175089,1.967400876285077,False,False,0.0,13.930533409118652,0.36538270115852356,0.0,0.7107654213905334,0.17349682748317719,0.0,True,context_only_nearest_support,2.23606797749979,context_wind,64.15246974156248,32.68731598124738,0.032857633951954075,"[{""distance_vox"": 2.23606797749979, ""source_role"": ""context_wind"", ""z"": 25, ""y"": 293, ""x"": 520, ""u"": 64.15246974156248, ""v"": 32.68731598124738, ""base_weight"": 0.032857633951954075, ""time_conf"": 0.5699427397449147, ""qc_flags"": ""ok""}, {""distance_vox"": 2.23606797749979, ""source_role"": ""context_wind"", ""z"": 25, ""y"": 294, ""x"": 521, ""u"": 64.34785287960216, ""v"": 30.005896583589646, ""base_weight"": 0.03002633928542097, ""time_conf"": 0.5505283977265715, ""qc_flags"": ""ok""}, {""distance_vox"": 3.605551275463989, ""source_role"": ""context_wind"", ""z"": 23, ""y"": 291, ""x"": 518, ""u"": 10.815799573111137, ""v"": 18.00051331474436, ""base_weight"": 0.06298976748409173, ""time_conf"": 0.7320428479728127, ""qc_flags"": ""ok""}]",4,4.641052590322316,3.7371218055228614,default_timepower15_8_4_conservative_v2,24,436
20260219084800,gaussian,diagnostic_weighted,pydda_3dvar_proxy,diagnostic_adaptive_v3,10,5.0,2,1.0,True,False,14,243,515,34.72,114.24000000000001,7000.0,8.92044271742881,-12.588525081946297,15.428715501094695,9.834309577941895,-14.730386734008789,17.711519929364105,0.9138668605130853,-2.1418616520624916,0.9138668605130853,2.1418616520624916,2.328674295671232,0.15093118383743664,1.0,2,1.0,6.833398998990584,2,1,4.4886980056762695,1.2716388702392578,19.20755958557129,27,3.6707231910140425,2.258939504623413,3.277189722108998,1.2474768841996144,0.06973479104781877,True,True,11.543514251708984,9.870637893676758,0.10728302597999573,0.626426100730896,0.7530643343925476,0.3439035415649414,0.3070085346698761,True,role_conflict_triggered_at_holdout_voxel,1.4142135623730951,current_wind_train,8.000000000000007,-13.856406460551014,0.5669373788524215,"[{""distance_vox"": 1.4142135623730951, ""source_role"": ""current_wind_train"", ""z"": 15, ""y"": 242, ""x"": 515, ""u"": 8.000000000000007, ""v"": -13.856406460551014, ""base_weight"": 0.5669373788524215, ""time_conf"": 1.0, ""qc_flags"": ""ok""}, {""distance_vox"": 2.23606797749979, ""source_role"": ""current_wind_train"", ""z"": 16, ""y"": 242, ""x"": 515, ""u"": 12.861436779827171, ""v"": -19.06786416876596, ""base_weight"": 0.5669373788524215, ""time_conf"": 1.0, ""qc_flags"": ""ok""}, {""distance_vox"": 2.23606797749979, ""source_role"": ""context_wind"", ""z"": 13, ""y"": 243, ""x"": 513, ""u"": 14.141327413103872, ""v"": -16.852977748617512, ""base_weight"": 0.03489197505912226, ""time_conf"": 0.5832645197880583, ""qc_flags"": ""ok""}]",3,2.363261005027124,2.2642003898306458,default_timepower15_8_4_conservative_v2;moderate_current_support_fresh_context_prefers_10_5,17,1044
20260219084800,gaussian,diagnostic_weighted,pydda_3dvar_proxy,diagnostic_adaptive_v3,10,5.0,2,1.0,True,False,23,240,515,34.96,114.24000000000001,11500.0,10.83267041673687,-14.37543918085127,18.0,11.502339363098145,-15.610157012939453,19.390224671016576,0.6696689463612753,-1.234717832088183,0.6696689463612753,1.234717832088183,1.4046297101361496,0.07803498389645275,1.0,1,1.0,0.0,3,0,0.9949843883514404,0.0040416717529296875,20.129154205322266,27,1.4773838652504816,0.5527097582817078,1.4773838652504816,0.6649093597245667,0.8519199518544418,True,False,4.750442028045654,10.366804122924805,0.05000000074505806,1.0,0.7247890830039978,0.37251991033554077,0.0,False,,1.0,current_wind_train,11.167919793556994,-15.371322893123999,0.5669373788524215,"[{""distance_vox"": 1.0, ""source_role"": ""current_wind_train"", ""z"": 22, ""y"": 240, ""x"": 515, ""u"": 11.167919793556994, ""v"": -15.371322893123999, ""base_weight"": 0.5669373788524215, ""time_conf"": 1.0, ""qc_flags"": ""ok""}, {""distance_vox"": 1.4142135623730951, ""source_role"": ""current_wind_train"", ""z"": 22, ""y"": 241, ""x"": 515, ""u"": 8.714224560240432, ""v"": -13.418729087126785, ""base_weight"": 0.5669373788524215, ""time_conf"": 1.0, ""qc_flags"": ""ok""}, {""distance_vox"": 1.4142135623730951, ""source_role"": ""current_wind_train"", ""z"": 24, ""y"": 239, ""x"": 515, ""u"": 11.183858069414931, ""v"": -16.580751451100838, ""base_weight"": 0.5669373788524215, ""time_conf"": 1.0, ""qc_flags"": ""ok""}]",3,2.363261005027124,2.2642003898306458,default_timepower15_8_4_conservative_v2;moderate_current_support_fresh_context_prefers_10_5,17,1044
20260223065400,gaussian,diagnostic_weighted,pydda_3dvar_proxy,diagnostic_adaptive_v3,8,4.0,2,1.0,True,False,11,243,507,34.72,113.6,5500.0,-15.756924048195328,2.778370842670885,15.999999999999998,-13.514205932617188,-0.39774417877197266,13.52005778171575,2.242718115578141,-3.1761150214428575,2.242718115578141,3.1761150214428575,3.888121805625093,0.24300761285156833,1.0,1,1.0,0.0,0,3,3.596475601196289,0.2622041702270508,13.936596870422363,27,4.147463577765006,2.5238559246063232,4.147463577765006,1.4956360119986694,1.3642658810187696,True,False,7.874313831329346,11.53139591217041,0.27652591466903687,0.19658201932907104,0.7906592488288879,0.8579095602035522,0.0,True,context_only_nearest_support,0.0,context_wind,-14.359421034233778,1.912451531735585,0.18566290074976646,"[{""distance_vox"": 0.0, ""source_role"": ""context_wind"", ""z"": 11, ""y"": 243, ""x"": 507, ""u"": -14.359421034233778, ""v"": 1.912451531735585, ""base_weight"": 0.18566290074976646, ""time_conf"": 0.9012504626108302, ""qc_flags"": ""ok""}, {""distance_vox"": 1.0, ""source_role"": ""context_wind"", ""z"": 10, ""y"": 243, ""x"": 507, ""u"": -14.979443021318609, ""v"": -0.7850393436441595, ""base_weight"": 0.10816167442218368, ""time_conf"": 0.9012504626108302, ""qc_flags"": ""ok""}, {""distance_vox"": 1.0, ""source_role"": ""context_wind"", ""z"": 12, ""y"": 243, ""x"": 507, ""u"": -13.522961568046956, ""v"": 3.623466631435292, ""base_weight"": 0.10816167442218368, ""time_conf"": 0.9012504626108302, ""qc_flags"": ""ok""}]",2,2.837164705923647,2.4394183398467293,default_timepower15_8_4_conservative_v2;moderate_current_support_fresh_context_prefers_10_5;v3_low_error_guard_prefers_8_4,7,813
20260127093600,gaussian,diagnostic_weighted,pydda_3dvar_proxy,diagnostic_adaptive_v3,10,5.0,2,1.0,True,False,6,294,513,30.64,114.08,3000.0,-1.0168416076895013,4.783863644106502,4.890738003669028,2.6830742359161377,-1.919556736946106,3.2990279510474214,3.699915843605639,-6.703420381052608,3.699915843605639,6.703420381052608,7.656710916240439,1.5655532785637631,1.0,2,1.0,12.69046486170183,2,1,3.005636692047119,0.3819847106933594,3.746833086013794,27,6.879920129422788,4.615444660186768,6.879920129422788,1.509250929983052,3.041266256053672,True,False,5.562912464141846,8.225761413574219,0.05000000074505806,1.0,0.5099250078201294,0.11786636710166931,0.0,False,,1.0,context_wind,-0.9503521924694309,8.0066769161558,0.04641083700476376,"[{""distance_vox"": 1.0, ""source_role"": ""context_wind"", ""z"": 5, ""y"": 294, ""x"": 513, ""u"": -0.9503521924694309, ""v"": 8.0066769161558, ""base_weight"": 0.04641083700476376, ""time_conf"": 0.49106114203277, ""qc_flags"": ""ok""}, {""distance_vox"": 1.4142135623730951, ""source_role"": ""current_wind_train"", ""z"": 7, ""y"": 293, ""x"": 513, ""u"": 2.8678821817552325, ""v"": -4.095760221444958, ""base_weight"": 0.5669373788524215, ""time_conf"": 1.0, ""qc_flags"": ""ok""}, {""distance_vox"": 1.4142135623730951, ""source_role"": ""current_wind_train"", ""z"": 7, ""y"": 294, ""x"": 512, ""u"": 0.945518575599317, ""v"": -0.3255681544571563, ""base_weight"": 0.5669373788524215, ""time_conf"": 1.0, ""qc_flags"": ""ok""}]",2,7.86787839092999,7.865117734191561,default_timepower15_8_4_conservative_v2;moderate_current_support_fresh_context_prefers_10_5,8,1222
20260127093600,gaussian,diagnostic_weighted,pydda_3dvar_proxy,diagnostic_adaptive_v3,10,5.0,2,1.0,True,False,15,291,514,30.880000000000006,114.16,7500.0,0.7167358990906015,-1.867160852994403,1.9999999999999998,7.196457386016846,-6.6832804679870605,9.821162697080918,6.479721486926244,-4.816119614992657,6.479721486926244,4.816119614992657,8.07352455214268,4.036762276071341,1.0,1,1.0,8.85113906813357,1,2,0.2615954577922821,0.12194347381591797,9.812308311462402,27,7.99123693395544,7.339390277862549,7.99123693395544,0.32849427872763726,0.734134274280132,True,False,4.248784065246582,8.376337051391602,0.05000000074505806,1.0,0.554060697555542,0.11611710488796234,0.0,False,,0.0,context_wind,3.025226905769795,-2.9204463043894067,0.031477281320562364,"[{""distance_vox"": 0.0, ""source_role"": ""context_wind"", ""z"": 15, ""y"": 291, ""x"": 514, ""u"": 3.025226905769795, ""v"": -2.9204463043894067, ""base_weight"": 0.031477281320562364, ""time_conf"": 0.5607703052464377, ""qc_flags"": ""ok""}, {""distance_vox"": 1.0, ""source_role"": ""context_wind"", ""z"": 14, ""y"": 291, ""x"": 514, ""u"": 6.39418683778757, ""v"": -6.6011346637796455, ""base_weight"": 0.031477281320562364, ""time_conf"": 0.5607703052464377, ""qc_flags"": ""ok""}, {""distance_vox"": 1.4142135623730951, ""source_role"": ""current_wind_train"", ""z"": 15, ""y"": 290, ""x"": 515, ""u"": -1.4999999999999998, ""v"": -2.598076211353316, ""base_weight"": 0.5669373788524215, ""time_conf"": 1.0, ""qc_flags"": ""ok""}]",2,7.86787839092999,7.865117734191561,default_timepower15_8_4_conservative_v2;moderate_current_support_fresh_context_prefers_10_5,8,1222
20260201011200,gaussian,diagnostic_weighted,pydda_3dvar_proxy,diagnostic_adaptive_v3,8,4.0,2,1.0,True,False,7,295,512,30.560000000000002,114.0,3500.0,-2.347357813929454,-4.414737964294635,5.0,-1.3720920085906982,-3.9494452476501465,4.180999192086119,0.975265805338756,0.46529271664448846,0.975265805338756,0.46529271664448846,1.0805742469749409,0.21611484939498818,1.0,1,1.0,16.8351324383005,1,2,4.599800109863281,0.29857540130615234,8.30508804321289,27,3.502004270200376,1.0760453939437866,3.5063664270276296,1.7835630732126426,0.004528853031154245,True,False,7.136562347412109,11.336416244506836,0.24053388833999634,0.16293108463287354,0.6951195597648621,0.1945633739233017,0.0,False,,1.7320508075688772,context_wind,-1.6775787104122406,-2.487112717665125,0.12695352926682754,"[{""distance_vox"": 1.7320508075688772, ""source_role"": ""context_wind"", ""z"": 6, ""y"": 294, ""x"": 513, ""u"": -1.6775787104122406, ""v"": -2.487112717665125, ""base_weight"": 0.12695352926682754, ""time_conf"": 0.958525613502759, ""qc_flags"": ""ok""}, {""distance_vox"": 2.0, ""source_role"": ""current_wind_train"", ""z"": 9, ""y"": 295, ""x"": 512, ""u"": -0.4710236061864945, ""v"": -8.987665812791164, ""base_weight"": 0.5669373788524215, ""time_conf"": 1.0, ""qc_flags"": ""ok""}, {""distance_vox"": 2.23606797749979, ""source_role"": ""context_wind"", ""z"": 5, ""y"": 295, ""x"": 513, ""u"": 2.604545235657254, ""v"": 7.564148604794534, ""base_weight"": 0.027715115911136883, ""time_conf"": 0.5338270973568664, ""qc_flags"": ""ok""}]",4,3.9537128216148067,3.362088232037798,default_timepower15_8_4_conservative_v2,28,891
20260201011200,gaussian,diagnostic_weighted,pydda_3dvar_proxy,diagnostic_adaptive_v3,8,4.0,2,1.0,True,False,18,245,507,34.56,113.6,9000.0,12.25671108990365,-10.284601754984628,16.0,13.764013290405273,-9.129638671875,16.51660873597993,1.5073022005016234,1.154963083109628,1.5073022005016234,1.154963083109628,1.8989206531561906,0.11868254082226191,1.0,1,1.0,34.41440426647377,1,2,1.2019392251968384,0.09336280822753906,17.291013717651367,27,1.767302985544558,0.9809834957122803,1.767302985544558,0.5701654024013573,0.9179371574439104,True,False,2.926241874694824,9.052909851074219,0.05000000074505806,1.0,0.7433061599731445,0.7953933477401733,0.0,True,nearest_current_context_role_gap_ge_30mps,0.0,context_wind,-8.726573164434068,15.743154728509124,0.018944566825088396,"[{""distance_vox"": 0.0, ""source_role"": ""context_wind"", ""z"": 18, ""y"": 245, ""x"": 507, ""u"": -8.726573164434068, ""v"": 15.743154728509124, ""base_weight"": 0.018944566825088396, ""time_conf"": 0.4611580967929696, ""qc_flags"": ""ok""}, {""distance_vox"": 1.0, ""source_role"": ""current_wind_train"", ""z"": 17, ""y"": 245, ""x"": 507, ""u"": 13.022755533022629, ""v"": -10.927389364671168, ""base_weight"": 0.5669373788524215, ""time_conf"": 1.0, ""qc_flags"": ""ok""}, {""distance_vox"": 1.0, ""source_role"": ""context_wind"", ""z"": 18, ""y"": 246, ""x"": 507, ""u"": 21.55497688643108, ""v"": -14.53901549023942, ""base_weight"": 0.005103510728355253, ""time_conf"": 0.27846261478923423, ""qc_flags"": ""ok""}]",4,3.9537128216148067,3.362088232037798,default_timepower15_8_4_conservative_v2,28,891
20260203023000,gaussian,diagnostic_weighted,pydda_3dvar_proxy,diagnostic_adaptive_v3,10,5.0,2,1.0,True,False,19,328,502,27.920000000000005,113.2,9500.0,24.863923655038917,7.601664322791165,25.999999999999996,25.788021087646484,4.353148937225342,26.152857153408036,0.9240974326075673,-3.248515385565823,0.9240974326075673,3.248515385565823,3.3773966712854095,0.12989987197251576,1.0,1,1.0,6.957241096069635,1,2,1.9414469003677368,0.029138565063476562,26.88067054748535,27,3.5422995973516396,1.8805787563323975,3.5422995973516396,1.3570030799348372,1.496817914953012,True,False,3.331454277038574,10.827651977539062,0.14361825585365295,0.577481746673584,0.7400451898574829,1.1109825372695923,0.0,False,,1.0,current_wind_train,25.93666530675543,1.8136683173472652,0.5669373788524215,"[{""distance_vox"": 1.0, ""source_role"": ""current_wind_train"", ""z"": 20, ""y"": 328, ""x"": 502, ""u"": 25.93666530675543, ""v"": 1.8136683173472652, ""base_weight"": 0.5669373788524215, ""time_conf"": 1.0, ""qc_flags"": ""ok""}, {""distance_vox"": 1.0, ""source_role"": ""context_wind"", ""z"": 20, ""y"": 328, ""x"": 502, ""u"": 31.956145112146363, ""v"": -1.6747505997742065, ""base_weight"": 0.03974223591014169, ""time_conf"": 0.6132063085866745, ""qc_flags"": ""ok""}, {""distance_vox"": 1.4142135623730951, ""source_role"": ""context_wind"", ""z"": 18, ""y"": 328, ""x"": 503, ""u"": 21.51924721614372, ""v"": 4.574057197990715, ""base_weight"": 0.03974223591014169, ""time_conf"": 0.6132063085866745, ""qc_flags"": ""ok""}]",1,3.3773966712854095,3.3773966712854095,default_timepower15_8_4_conservative_v2;moderate_current_support_fresh_context_prefers_10_5,6,652
20260207001200,gaussian,diagnostic_weighted,pydda_3dvar_proxy,diagnostic_adaptive_v3,8,4.0,2,1.0,True,False,13,322,502,28.400000000000002,113.2,6500.0,-5.908846518073248,1.0418890660015818,5.999999999999999,-8.84764289855957,2.5540177822113037,9.208897420010885,-2.9387963804863224,1.512128716209722,2.9387963804863224,1.512128716209722,3.3050049047385044,0.5508341507897508,1.0,1,1.0,0.0,0,3,6.36950159072876,2.435347557067871,12.422014236450195,27,6.22551914497658,3.129889726638794,6.219164837145176,1.7318810035568613,0.17511517809971044,True,False,11.430891990661621,11.474793434143066,0.2542414367198944,0.12505877017974854,0.6960239410400391,0.25291940569877625,0.0,True,context_only_nearest_support,0.0,context_wind,-7.498644690087797,-1.9907495008777025,0.0649435539926068,"[{""distance_vox"": 0.0, ""source_role"": ""context_wind"", ""z"": 13, ""y"": 322, ""x"": 502, ""u"": -7.498644690087797, ""v"": -1.9907495008777025, ""base_weight"": 0.0649435539926068, ""time_conf"": 0.6266141625718714, ""qc_flags"": ""ok""}, {""distance_vox"": 1.0, ""source_role"": ""context_wind"", ""z"": 14, ""y"": 322, ""x"": 502, ""u"": -1.4618585236136827, ""v"": 4.781523779815178, ""base_weight"": 0.011483496093272885, ""time_conf"": 0.38039114180318584, ""qc_flags"": ""ok""}, {""distance_vox"": 1.0, ""source_role"": ""context_wind"", ""z"": 12, ""y"": 322, ""x"": 502, ""u"": -11.876090949353811, ""v"": -5.287576359985403, ""base_weight"": 0.09496130149357467, ""time_conf"": 0.8572439828530728, ""qc_flags"": ""ok""}]",4,49.37070361343369,26.857288006147893,default_timepower15_8_4_conservative_v2,22,870
20260207001200,gaussian,diagnostic_weighted,pydda_3dvar_proxy,diagnostic_adaptive_v3,8,4.0,2,1.0,True,False,20,322,504,28.400000000000002,113.36,10000.0,8.919959692931926,16.77600426431961,19.0,12.15125560760498,16.03807258605957,20.12145087008059,3.231295914673055,-0.7379316782600398,3.231295914673055,0.7379316782600398,3.31448585001693,0.17444662368510158,1.0,1,1.0,8.654186017843932,1,2,5.7596330642700195,0.21001625061035156,24.063892364501953,27,5.01485961454886,2.582179069519043,5.01485961454886,2.8449323583457824,0.7323067804978871,True,False,4.406189441680908,9.546525955200195,0.05000000074505806,1.0,0.7262199521064758,0.7818549871444702,0.0,False,,0.0,context_wind,15.562158424811221,17.069031248346217,0.09397794730319407,"[{""distance_vox"": 0.0, ""source_role"": ""context_wind"", ""z"": 20, ""y"": 322, ""x"": 504, ""u"": 15.562158424811221, ""v"": 17.069031248346217, ""base_weight"": 0.09397794730319407, ""time_conf"": 0.6702746951531049, ""qc_flags"": ""ok""}, {""distance_vox"": 1.0, ""source_role"": ""current_wind_train"", ""z"": 21, ""y"": 322, ""x"": 504, ""u"": 17.874357113510325, ""v"": 14.47436899414627, ""base_weight"": 0.5669373788524215, ""time_conf"": 1.0, ""qc_flags"": ""ok""}, {""distance_vox"": 1.0, ""source_role"": ""context_wind"", ""z"": 20, ""y"": 322, ""x"": 505, ""u"": 25.774135896668326, ""v"": 10.940471597699666, ""base_weight"": 0.01028593570819972, ""time_conf"": 0.3646146525679137, ""qc_flags"": ""ok""}]",4,49.37070361343369,26.857288006147893,default_timepower15_8_4_conservative_v2,22,870
20260210100600,gaussian,diagnostic_weighted,pydda_3dvar_proxy,diagnostic_adaptive_v3,8,4.0,2,1.0,True,False,5,245,507,34.56,113.6,2500.0,23.87757515829238,-14.621962153344048,27.998935205713217,20.719966888427734,-16.02576446533203,26.194315309926324,-3.157608269864646,-1.4038023119879828,3.157608269864646,1.4038023119879828,3.4555970420551656,0.12341887349166217,1.0,2,1.0,0.0,3,0,1.4838939905166626,0.09857749938964844,26.46833038330078,27,3.7367185574990733,2.7345917224884033,3.7367185574990733,0.7481205577379525,0.7210053195667623,True,False,5.5172882080078125,9.08333969116211,0.05000000074505806,1.0,0.6962984800338745,0.022344151511788368,0.0,False,,1.0,current_wind_train,25.676663961965296,-14.522144303695061,0.973165761934816,"[{""distance_vox"": 1.0, ""source_role"": ""current_wind_train"", ""z"": 5, ""y"": 245, ""x"": 508, ""u"": 25.676663961965296, ""v"": -14.522144303695061, ""base_weight"": 0.973165761934816, ""time_conf"": 1.0, ""qc_flags"": ""ok""}, {""distance_vox"": 1.0, ""source_role"": ""current_wind_train"", ""z"": 5, ""y"": 246, ""x"": 507, ""u"": 21.292329106710486, ""v"": -14.916151164657824, ""base_weight"": 1.2642411176571153, ""time_conf"": 1.0, ""qc_flags"": ""ok""}, {""distance_vox"": 2.0, ""source_role"": ""current_wind_train"", ""z"": 5, ""y"": 247, ""x"": 507, ""u"": 19.600889596623674, ""v"": -15.479779739339214, ""base_weight"": 0.973165761934816, ""time_conf"": 1.0, ""qc_flags"": ""ok""}]",6,18.106069804708508,9.159480723750521,default_timepower15_8_4_conservative_v2,42,858
20260210100600,gaussian,diagnostic_weighted,pydda_3dvar_proxy,diagnostic_adaptive_v3,8,4.0,2,1.0,True,False,9,249,505,34.24,113.44,4500.0,13.777239608800656,-15.84890118467821,21.0,12.698349952697754,-19.783607482910156,23.508279744784343,-1.078889656102902,-3.934706298231946,1.078889656102902,3.934706298231946,4.079940752436484,0.19428289297316592,1.0,1,1.0,0.0,3,0,4.2119550704956055,2.1540470123291016,27.2971134185791,27,4.588742273825186,2.198503017425537,4.588742273825186,1.4468431042691041,1.8814377350109472,True,True,10.376077651977539,9.933876991271973,0.0632660761475563,0.6495661735534668,0.6812284588813782,0.1104099377989769,0.10342473536729813,True,role_conflict_triggered_at_holdout_voxel,1.0,current_wind_train,8.452365234813984,-18.126155740733,0.5669373788524215,"[{""distance_vox"": 1.0, ""source_role"": ""current_wind_train"", ""z"": 10, ""y"": 249, ""x"": 505, ""u"": 8.452365234813984, ""v"": -18.126155740733, ""base_weight"": 0.5669373788524215, ""time_conf"": 1.0, ""qc_flags"": ""ok""}, {""distance_vox"": 2.0, ""source_role"": ""current_wind_train"", ""z"": 11, ""y"": 249, ""x"": 505, ""u"": 12.00000000000001, ""v"": -20.78460969082652, ""base_weight"": 0.5669373788524215, ""time_conf"": 1.0, ""qc_flags"": ""ok""}, {""distance_vox"": 2.23606797749979, ""source_role"": ""current_wind_train"", ""z"": 7, ""y"": 249, ""x"": 506, ""u"": 13.574669366897433, ""v"": -24.489351799903083, ""base_weight"": 0.5669373788524215, ""time_conf"": 1.0, ""qc_flags"": ""ok""}]",6,18.106069804708508,9.159480723750521,default_timepower15_8_4_conservative_v2,42,858
20260210100600,gaussian,diagnostic_weighted,pydda_3dvar_proxy,diagnostic_adaptive_v3,8,4.0,2,1.0,True,False,13,251,506,34.08,113.52000000000001,6500.0,16.544815407788978,-15.977142520556937,23.0,17.167295455932617,-15.108558654785156,22.868856068819188,0.6224800481436397,0.8685838657717806,0.6224800481436397,0.8685838657717806,1.0686062615462997,0.04646114180636086,1.0,1,1.0,0.0,3,0,1.7456655502319336,0.1450786590576172,23.59627914428711,27,1.2827812587773357,0.36495646834373474,1.2827812587773357,0.7114423458059532,0.7036497932025649,True,False,2.784437656402588,8.653670310974121,0.05000000074505806,0.9389532804489136,0.7228569984436035,0.5728425979614258,0.0,False,,1.0,current_wind_train,18.28384254047926,-17.049959001562463,0.5669373788524215,"[{""distance_vox"": 1.0, ""source_role"": ""current_wind_train"", ""z"": 14, ""y"": 251, ""x"": 506, ""u"": 18.28384254047926, ""v"": -17.049959001562463, ""base_weight"": 0.5669373788524215, ""time_conf"": 1.0, ""qc_flags"": ""ok""}, {""distance_vox"": 1.4142135623730951, ""source_role"": ""current_wind_train"", ""z"": 12, ""y"": 250, ""x"": 506, ""u"": 19.01519624209843, ""v"": -17.731957361624964, ""base_weight"": 0.5669373788524215, ""time_conf"": 1.0, ""qc_flags"": ""ok""}, {""distance_vox"": 2.23606797749979, ""source_role"": ""current_wind_train"", ""z"": 15, ""y"": 251, ""x"": 507, ""u"": 15.825475607450326, ""v"": -15.28248415009794, ""base_weight"": 0.5669373788524215, ""time_conf"": 1.0, ""qc_flags"": ""ok""}]",6,18.106069804708508,9.159480723750521,default_timepower15_8_4_conservative_v2,42,858
20260210100600,gaussian,diagnostic_weighted,pydda_3dvar_proxy,diagnostic_adaptive_v3,8,4.0,2,1.0,True,False,18,242,513,34.8,114.08,9000.0,-7.107390870623792,21.87429987478853,22.999999999999996,-7.435904502868652,21.0211238861084,22.297540788412057,-0.3285136322448601,-0.8531759886801318,0.3285136322448601,0.8531759886801318,0.9142376464743899,0.03974946289019087,1.0,1,1.0,43.48825961525326,2,1,1.7627673149108887,0.024183273315429688,23.72805404663086,27,1.5625285307566326,0.6571265459060669,1.5625285307566326,0.9532848415703093,0.257111100568323,True,True,42.92494583129883,9.214133262634277,0.05000000074505806,0.8297438621520996,0.6077178716659546,0.3577091693878174,0.3398236930370331,True,nearest_current_context_role_gap_ge_30mps;role_conflict_triggered_at_holdout_voxel,1.4142135623730951,current_wind_train,-6.836931243600288,19.855890087585653,0.5669373788524215,"[{""distance_vox"": 1.4142135623730951, ""source_role"": ""current_wind_train"", ""z"": 17, ""y"": 243, ""x"": 513, ""u"": -6.836931243600288, ""v"": 19.855890087585653, ""base_weight"": 0.5669373788524215, ""time_conf"": 1.0, ""qc_flags"": ""ok""}, {""distance_vox"": 1.4142135623730951, ""source_role"": ""current_wind_train"", ""z"": 19, ""y"": 242, ""x"": 512, ""u"": -7.725424859373688, ""v"": 23.776412907378838, ""base_weight"": 0.5669373788524215, ""time_conf"": 1.0, ""qc_flags"": ""ok""}, {""distance_vox"": 1.7320508075688772, ""source_role"": ""context_wind"", ""z"": 17, ""y"": 243, ""x"": 512, ""u"": -2.0680269953430623, ""v"": -19.34229038680349, ""base_weight"": 0.05696868932101583, ""time_conf"": 0.5721417165298676, ""qc_flags"": ""ok""}]",6,18.106069804708508,9.159480723750521,default_timepower15_8_4_conservative_v2,42,858
20260215023600,gaussian,diagnostic_weighted,pydda_3dvar_proxy,diagnostic_adaptive_v3,8,4.0,2,1.0,True,False,21,323,511,28.320000000000004,113.92,10500.0,9.1848264058671,10.56593412311881,14.0,7.828516006469727,14.342496871948242,16.3399167496471,-1.3563103993973726,3.7765627488294324,1.3563103993973726,3.7765627488294324,4.012730254497501,0.2866235896069643,1.0,1,1.0,21.328344273462385,1,2,0.9379780888557434,0.13300514221191406,17.19210433959961,27,4.186036710385923,3.117824077606201,4.235442711627625,0.6060630426596948,0.8949061768912996,True,False,5.172041416168213,12.868508338928223,0.32441622018814087,0.2527909278869629,0.8400717973709106,0.3256610631942749,0.0,False,,1.4142135623730951,context_wind,18.367013849927314,10.181002025173074,0.004219422575048811,"[{""distance_vox"": 1.4142135623730951, ""source_role"": ""context_wind"", ""z"": 21, ""y"": 324, ""x"": 510, ""u"": 18.367013849927314, ""v"": 10.181002025173074, ""base_weight"": 0.004219422575048811, ""time_conf"": 0.25881623096034434, ""qc_flags"": ""ok""}, {""distance_vox"": 1.7320508075688772, ""source_role"": ""context_wind"", ""z"": 22, ""y"": 324, ""x"": 510, ""u"": 26.730195725651033, ""v"": 13.619714992186408, ""base_weight"": 0.004219422575048811, ""time_conf"": 0.25881623096034434, ""qc_flags"": ""ok""}, {""distance_vox"": 2.23606797749979, ""source_role"": ""current_wind_train"", ""z"": 23, ""y"": 323, ""x"": 512, ""u"": 5.871322893123998, ""v"": 18.07007380960792, ""base_weight"": 0.5669373788524215, ""time_conf"": 1.0, ""qc_flags"": ""ok""}]",1,4.012730254497501,4.012730254497501,default_timepower15_8_4_conservative_v2,2,495
20260219093600,gaussian,diagnostic_weighted,pydda_3dvar_proxy,diagnostic_adaptive_v3,10,5.0,2,1.0,True,False,16,244,508,34.64,113.68,8000.0,15.249892980420755,-23.48277590247187,27.999999999999996,16.197269439697266,-18.471126556396484,24.56693008018231,0.9473764592765104,5.011649346075387,0.9473764592765104,5.011649346075387,5.100406976272497,0.18215739200973205,1.0,1,1.0,0.0,0,3,1.6319533586502075,0.13899803161621094,25.2392520904541,27,5.361987113952637,4.1432905197143555,5.361987113952637,1.0419974895955717,0.9571164565581416,True,False,5.489066123962402,11.499982833862305,0.25642862915992737,0.11655900627374649,0.6944485902786255,0.8907240033149719,0.0,True,context_only_nearest_support,1.4142135623730951,context_wind,17.7007286859312,-16.371126036060968,0.115924568321387,"[{""distance_vox"": 1.4142135623730951, ""source_role"": ""context_wind"", ""z"": 15, ""y"": 245, ""x"": 508, ""u"": 17.7007286859312, ""v"": -16.371126036060968, ""base_weight"": 0.115924568321387, ""time_conf"": 0.740553446129384, ""qc_flags"": ""ok""}, {""distance_vox"": 1.4142135623730951, ""source_role"": ""context_wind"", ""z"": 16, ""y"": 245, ""x"": 507, ""u"": 17.76119128882136, ""v"": -21.831614508498784, ""base_weight"": 0.12140832050833124, ""time_conf"": 0.7203626147188649, ""qc_flags"": ""ok""}, {""distance_vox"": 1.7320508075688772, ""source_role"": ""context_wind"", ""z"": 17, ""y"": 245, ""x"": 507, ""u"": 15.554742200830988, ""v"": -16.64130945817081, ""base_weight"": 0.07010927830283233, ""time_conf"": 0.6205085578808369, ""qc_flags"": ""ok""}]",3,3.51095376796587,3.16337509463986,default_timepower15_8_4_conservative_v2;moderate_current_support_fresh_context_prefers_10_5,16,995
20260127121200,gaussian,diagnostic_weighted,pydda_3dvar_proxy,diagnostic_adaptive_v3,8,4.0,2,1.0,True,False,5,295,513,30.560000000000002,114.08,2500.0,0.6340702236026159,6.95132668020509,6.980185360245858,-0.6615480780601501,4.761235237121582,4.806974811957442,-1.295618301662766,-2.1900914430835083,1.295618301662766,2.1900914430835083,2.5446271461004093,0.3645500820927744,1.0,2,1.0,0.0,0,3,6.142053604125977,0.2203660011291504,8.535273551940918,27,4.3677446312374535,1.999969482421875,4.3677446312374535,2.879206082980701,0.5446576636785343,True,False,11.483195304870605,11.762407302856445,0.3058697283267975,0.1670628935098648,0.8286834955215454,0.38224315643310547,0.0,True,context_only_nearest_support,0.0,context_wind,2.427050983124842,1.7633557568774199,0.00696087082601311,"[{""distance_vox"": 0.0, ""source_role"": ""context_wind"", ""z"": 5, ""y"": 295, ""x"": 513, ""u"": 2.427050983124842, ""v"": 1.7633557568774199, ""base_weight"": 0.00696087082601311, ""time_conf"": 0.3137696633076602, ""qc_flags"": ""ok""}, {""distance_vox"": 1.0, ""source_role"": ""context_wind"", ""z"": 5, ""y"": 294, ""x"": 513, ""u"": -0.9503521924694311, ""v"": 8.006676916155802, ""base_weight"": 0.2212790633336261, ""time_conf"": 0.8954229728967139, ""qc_flags"": ""ok""}, {""distance_vox"": 1.0, ""source_role"": ""context_wind"", ""z"": 5, ""y"": 295, ""x"": 512, ""u"": 0.5333417094504578, ""v"": 1.898216705715391, ""base_weight"": 0.044297490329147315, ""time_conf"": 0.6135424702731801, ""qc_flags"": ""ok""}]",5,5.965762428665507,5.0634693590500275,default_timepower15_8_4_conservative_v2,31,1186
20260127121200,gaussian,diagnostic_weighted,pydda_3dvar_proxy,diagnostic_adaptive_v3,8,4.0,2,1.0,True,False,19,392,506,22.800000000000004,113.52000000000001,9500.0,3.6234666314352895,-13.522961568046956,13.999999999999998,8.293519020080566,-14.94354248046875,17.090696872919263,4.670052388645277,-1.4205809124217943,4.670052388645277,1.4205809124217943,4.8813358255121715,0.34866684467944087,1.0,1,1.0,0.0,0,3,2.49458384513855,0.2336139678955078,18.39136505126953,27,5.107065439224243,3.072247266769409,5.107065439224243,1.7040159913062622,1.8090885587427623,True,False,2.4303200244903564,9.809283256530762,0.06546229124069214,0.9747473001480103,0.8618191480636597,0.8000497221946716,0.0,True,context_only_nearest_support,0.0,context_wind,5.209090471314507,-15.12829720958907,0.11601412776164566,"[{""distance_vox"": 0.0, ""source_role"": ""context_wind"", ""z"": 19, ""y"": 392, ""x"": 506, ""u"": 5.209090471314507, ""v"": -15.12829720958907, ""base_weight"": 0.11601412776164566, ""time_conf"": 0.9258747122872905, ""qc_flags"": ""ok""}, {""distance_vox"": 1.0, ""source_role"": ""context_wind"", ""z"": 20, ""y"": 392, ""x"": 506, ""u"": 8.203195425506184, ""v"": -13.182693309808418, ""base_weight"": 0.1991418827717727, ""time_conf"": 0.9258747122872905, ""qc_flags"": ""ok""}, {""distance_vox"": 1.0, ""source_role"": ""context_wind"", ""z"": 19, ""y"": 393, ""x"": 506, ""u"": 3.472963553338608, ""v"": -19.69615506024416, ""base_weight"": 0.052601993873566906, ""time_conf"": 0.6830201283771977, ""qc_flags"": ""ok""}]",5,5.965762428665507,5.0634693590500275,default_timepower15_8_4_conservative_v2,31,1186
20260127121200,gaussian,diagnostic_weighted,pydda_3dvar_proxy,diagnostic_adaptive_v3,8,4.0,2,1.0,True,False,22,390,505,22.960000000000004,113.44,11000.0,20.84507910184295,-9.720220020036091,23.000000000000004,17.3727970123291,-14.42684555053711,22.58202711384971,-3.472282089513847,-4.706625530501018,3.472282089513847,4.706625530501018,5.848851750003811,0.2542979021740787,1.0,1,1.0,8.030117612897362,1,2,3.707123279571533,0.20279502868652344,25.111007690429688,27,6.062104631353308,3.8494553565979004,6.062104631353308,1.755599106581215,1.9993963934059105,True,False,4.532466888427734,10.598048210144043,0.09052664041519165,1.0,0.8781961798667908,0.9041399955749512,0.0,False,,1.0,context_wind,22.04925050006708,-13.777900870063322,0.11601412776164566,"[{""distance_vox"": 1.0, ""source_role"": ""context_wind"", ""z"": 22, ""y"": 391, ""x"": 505, ""u"": 22.04925050006708, ""v"": -13.777900870063322, ""base_weight"": 0.11601412776164566, ""time_conf"": 0.9258747122872905, ""qc_flags"": ""ok""}, {""distance_vox"": 1.4142135623730951, ""source_role"": ""current_wind_train"", ""z"": 21, ""y"": 390, ""x"": 504, ""u"": 18.36861673108774, ""v"": -13.841745532497102, ""base_weight"": 0.5669373788524215, ""time_conf"": 1.0, ""qc_flags"": ""ok""}, {""distance_vox"": 1.4142135623730951, ""source_role"": ""context_wind"", ""z"": 21, ""y"": 390, ""x"": 504, ""u"": 10.892780700300541, ""v"": -16.773411358908483, ""base_weight"": 0.06556360866610655, ""time_conf"": 0.7434059922341357, ""qc_flags"": ""ok""}]",5,5.965762428665507,5.0634693590500275,default_timepower15_8_4_conservative_v2,31,1186
20260127121200,gaussian,diagnostic_weighted,pydda_3dvar_proxy,diagnostic_adaptive_v3,8,4.0,2,1.0,True,False,23,294,526,30.64,115.12,11500.0,19.450434372851934,-20.141514409482223,28.0,20.896514892578125,-20.530611038208008,29.29454427462438,1.4460805197261912,-0.38909662872578465,1.4460805197261912,0.38909662872578465,1.4975129568779504,0.05348260560278394,1.0,1,1.0,0.0,3,0,0.31129083037376404,0.1620635986328125,29.220443725585938,27,1.4708304581818756,1.037356972694397,1.4708304581818756,0.21995603440186826,0.4601559841835534,True,False,10.242448806762695,10.253190040588379,0.05000000074505806,1.0,0.4814739227294922,0.02821691520512104,0.0,False,,1.0,current_wind_train,21.20925734695594,-19.77795244181246,0.5669373788524215,"[{""distance_vox"": 1.0, ""source_role"": ""current_wind_train"", ""z"": 23, ""y"": 294, ""x"": 525, ""u"": 21.20925734695594, ""v"": -19.77795244181246, ""base_weight"": 0.5669373788524215, ""time_conf"": 1.0, ""qc_flags"": ""ok""}, {""distance_vox"": 1.0, ""source_role"": ""current_wind_train"", ""z"": 23, ""y"": 295, ""x"": 526, ""u"": 22.53723288225215, ""v"": -18.250291340445287, ""base_weight"": 0.5669373788524215, ""time_conf"": 1.0, ""qc_flags"": ""ok""}, {""distance_vox"": 2.0, ""source_role"": ""current_wind_train"", ""z"": 23, ""y"": 294, ""x"": 524, ""u"": 20.83975111376993, ""v"": -21.580194010159527, ""base_weight"": 0.5669373788524215, ""time_conf"": 1.0, ""qc_flags"": ""ok""}]",5,5.965762428665507,5.0634693590500275,default_timepower15_8_4_conservative_v2,31,1186
20260201033000,gaussian,diagnostic_weighted,pydda_3dvar_proxy,diagnostic_adaptive_v3,10,5.0,2,1.0,True,False,19,360,466,25.360000000000003,110.32,9500.0,17.956152904676838,-1.255616527394254,18.0,15.480892181396484,2.384813070297241,15.66350395385028,-2.4752607232803534,3.640429597691495,2.4752607232803534,3.640429597691495,4.402231627704594,0.2445684237613663,0.41698458790779114,1,1.0,7.964283160802734,2,1,2.4598634243011475,0.012296676635742188,15.974291801452637,27,4.844241601449472,3.256340265274048,3.8486469455116574,1.4621106408919957,1.1458913624305458,True,False,3.928662061691284,12.263628005981445,0.18789684772491455,0.2040875256061554,0.5672264099121094,0.05375183746218681,0.0,False,,2.0,current_wind_train,15.978072556073181,0.8373752998871089,0.5669373788524215,"[{""distance_vox"": 2.0, ""source_role"": ""current_wind_train"", ""z"": 21, ""y"": 360, ""x"": 466, ""u"": 15.978072556073181, ""v"": 0.8373752998871089, ""base_weight"": 0.5669373788524215, ""time_conf"": 1.0, ""qc_flags"": ""ok""}, {""distance_vox"": 2.23606797749979, ""source_role"": ""context_wind"", ""z"": 20, ""y"": 358, ""x"": 466, ""u"": 14.8977254305736, ""v"": 7.091347956584376, ""base_weight"": 0.06554071613721331, ""time_conf"": 0.6038332986577618, ""qc_flags"": ""ok""}, {""distance_vox"": 3.1622776601683795, ""source_role"": ""current_wind_train"", ""z"": 22, ""y"": 359, ""x"": 466, ""u"": 16.98964405932463, ""v"": -0.5932914439425218, ""base_weight"": 0.5669373788524215, ""time_conf"": 1.0, ""qc_flags"": ""ok""}]",1,4.402231627704594,4.402231627704594,default_timepower15_8_4_conservative_v2;moderate_current_support_fresh_context_prefers_10_5,7,1127
20260203075400,gaussian,diagnostic_weighted,pydda_3dvar_proxy,diagnostic_adaptive_v3,10,5.0,2,1.0,True,False,14,247,513,34.400000000000006,114.08,7000.0,8.344654691101086,3.3714593407432107,9.0,4.471291542053223,5.119749546051025,6.797373277106853,-3.8733631490478633,1.7482902053078146,3.8733631490478633,1.7482902053078146,4.249642423354842,0.47218249148387137,1.0,1,1.0,0.0,0,3,2.1451992988586426,0.3870539665222168,8.922892570495605,27,4.116435254061663,3.1873741149902344,4.116435254061663,0.597235368167394,1.062268308364608,True,False,8.018867492675781,11.488346099853516,0.25424471497535706,0.11436150223016739,0.6885424256324768,0.926976203918457,0.0,True,context_only_nearest_support,1.0,context_wind,-12.435563588325627,8.3878935520612,0.005052668679409314,"[{""distance_vox"": 1.0, ""source_role"": ""context_wind"", ""z"": 14, ""y"": 246, ""x"": 513, ""u"": -12.435563588325627, ""v"": 8.3878935520612, ""base_weight"": 0.005052668679409314, ""time_conf"": 0.2773923680169612, ""qc_flags"": ""ok""}, {""distance_vox"": 1.0, ""source_role"": ""context_wind"", ""z"": 13, ""y"": 247, ""x"": 513, ""u"": 16.178292833385, ""v"": 7.8906806422033995, ""base_weight"": 0.009121479215517697, ""time_conf"": 0.34814923966718603, ""qc_flags"": ""ok""}, {""distance_vox"": 1.0, ""source_role"": ""context_wind"", ""z"": 15, ""y"": 247, ""x"": 513, ""u"": 10.998324646720304, ""v"": -0.19197647081011443, ""base_weight"": 0.029137866856868967, ""time_conf"": 0.5442050397551315, ""qc_flags"": ""ok""}]",2,10.802383920015078,9.461774530058687,default_timepower15_8_4_conservative_v2;moderate_current_support_fresh_context_prefers_10_5,14,648
20260207010600,gaussian,diagnostic_weighted,pydda_3dvar_proxy,diagnostic_adaptive_v3,8,4.0,2,1.0,True,False,4,246,512,34.480000000000004,114.0,2000.0,8.191520442889917,-5.7357643635104605,9.999999999999998,6.201486110687256,-0.2407824844121933,6.206158730313515,-1.9900343322026615,5.494981879098267,1.9900343322026615,5.494981879098267,5.8442332683563905,0.5844233268356391,1.0,1,1.0,0.0,0,3,2.202585220336914,0.19465160369873047,7.1080002784729,27,5.484062397921527,3.384493589401245,5.187326215018831,1.4204126691727712,2.4597396789551453,False,False,0.0,11.655863761901855,0.2577066719532013,0.0,0.6154133677482605,0.40079790353775024,0.0,True,context_only_nearest_support,0.0,context_wind,0.9974040373235843,3.4389393140566384,0.056490663339414486,"[{""distance_vox"": 0.0, ""source_role"": ""context_wind"", ""z"": 4, ""y"": 246, ""x"": 512, ""u"": 0.9974040373235843, ""v"": 3.4389393140566384, ""base_weight"": 0.056490663339414486, ""time_conf"": 0.5137558503330762, ""qc_flags"": ""ok""}, {""distance_vox"": 1.0, ""source_role"": ""context_wind"", ""z"": 5, ""y"": 246, ""x"": 512, ""u"": 15.934468154500147, ""v"": -5.561845585042812, ""base_weight"": 0.10704675921999944, ""time_conf"": 0.7292293051358275, ""qc_flags"": ""ok""}, {""distance_vox"": 1.0, ""source_role"": ""context_wind"", ""z"": 4, ""y"": 246, ""x"": 513, ""u"": 1.1482384757560744, ""v"": 1.6271355547228084, ""base_weight"": 0.042524699327955946, ""time_conf"": 0.558795605671606, ""qc_flags"": ""ok""}]",4,10.237787174153176,8.557396249679792,default_timepower15_8_4_conservative_v2,23,897
20260207010600,gaussian,diagnostic_weighted,pydda_3dvar_proxy,diagnostic_adaptive_v3,8,4.0,2,1.0,True,False,23,330,490,27.760000000000005,112.24000000000001,11500.0,28.559424837354037,-5.035797152340969,29.0,30.798038482666016,12.819097518920898,33.359383021563524,2.238613645311979,17.854894671261867,2.238613645311979,17.854894671261867,17.994684069881092,0.620506347237279,0.08113076537847519,1,1.0,0.0,0,3,1.390754222869873,0.09658050537109375,34.147762298583984,27,17.522320217556423,16.58516502380371,17.61872339622814,0.6171761292935285,1.4095190460773814,False,False,0.0,13.742624282836914,0.2291133999824524,0.0,0.4382267892360687,0.02483191154897213,0.0,True,context_only_nearest_support,3.3166247903554,context_wind,33.81138359097512,9.693753988450911,0.015340827106799196,"[{""distance_vox"": 3.3166247903554, ""source_role"": ""context_wind"", ""z"": 24, ""y"": 327, ""x"": 491, ""u"": 33.81138359097512, ""v"": 9.693753988450911, ""base_weight"": 0.015340827106799196, ""time_conf"": 0.382876609335848, ""qc_flags"": ""ok""}, {""distance_vox"": 3.605551275463989, ""source_role"": ""context_wind"", ""z"": 23, ""y"": 327, ""x"": 492, ""u"": 28.578838324886465, ""v"": 16.500000000000014, ""base_weight"": 0.021363047788460366, ""time_conf"": 0.48296816446242274, ""qc_flags"": ""ok""}, {""distance_vox"": 3.7416573867739413, ""source_role"": ""context_wind"", ""z"": 22, ""y"": 327, ""x"": 492, ""u"": 36.977460599706546, ""v"": -1.2912813779925474, ""base_weight"": 0.005312046600293704, ""time_conf"": 0.28278505420927325, ""qc_flags"": ""ok""}]",4,10.237787174153176,8.557396249679792,default_timepower15_8_4_conservative_v2,23,897
20260211000000,gaussian,diagnostic_weighted,pydda_3dvar_proxy,diagnostic_adaptive_v3,10,5.0,2,1.0,True,False,20,394,513,22.64,114.08,10000.0,11.93426274441928,-1.2543415592118359,12.0,12.305601119995117,-0.6718862652778625,12.323929976995736,0.3713383755758368,0.5824552939339733,0.3713383755758368,0.5824552939339733,0.6907578147274286,0.05756315122728572,1.0,1,1.0,0.9108801629112189,1,2,0.34648677706718445,0.007115364074707031,12.403810501098633,27,0.6200144114317717,0.3020879626274109,0.6200144114317717,0.18903884789068479,0.3886698521000177,True,False,1.6953963041305542,10.87984561920166,0.1513601690530777,0.7492840886116028,0.8586477637290955,0.6292518377304077,0.0,False,,0.0,context_wind,11.93426274441928,-1.2543415592118359,0.12952130177649088,"[{""distance_vox"": 0.0, ""source_role"": ""context_wind"", ""z"": 20, ""y"": 394, ""x"": 513, ""u"": 11.93426274441928, ""v"": -1.2543415592118359, ""base_weight"": 0.12952130177649088, ""time_conf"": 0.9659363289248456, ""qc_flags"": ""ok""}, {""distance_vox"": 1.0, ""source_role"": ""current_wind_train"", ""z"": 21, ""y"": 394, ""x"": 513, ""u"": 12.477168188550474, ""v"": -0.522934456485946, ""base_weight"": 0.973165761934816, ""time_conf"": 1.0, ""qc_flags"": ""ok""}, {""distance_vox"": 1.0, ""source_role"": ""context_wind"", ""z"": 21, ""y"": 394, ""x"": 513, ""u"": 12.477168188550474, ""v"": -0.522934456485946, ""base_weight"": 0.22232736988562313, ""time_conf"": 0.9659363289248456, ""qc_flags"": ""ok""}]",2,3.552872061255761,2.833784692635507,default_timepower15_8_4_conservative_v2;moderate_current_support_fresh_context_prefers_10_5,12,904
20260215041800,gaussian,diagnostic_weighted,pydda_3dvar_proxy,diagnostic_adaptive_v3,8,4.0,2,1.0,True,False,6,246,507,34.480000000000004,113.6,3000.0,-20.316828685746724,-26.004354869021824,33.0,-26.427766799926758,-28.462305068969727,38.83979489995294,-6.110938114180033,-2.457950199947902,6.110938114180033,2.457950199947902,6.586735444874202,0.19959804378406673,1.0,1,1.0,11.970031939623457,1,2,8.026124000549316,3.2767677307128906,36.21596908569336,27,5.058955740045618,3.6803619861602783,5.058955740045618,1.1128441425701534,2.906373458713924,True,True,9.015708923339844,8.77973747253418,0.05000000074505806,1.0,0.8271931409835815,0.6607503294944763,0.6277127861976624,True,role_conflict_triggered_at_holdout_voxel,1.0,current_wind_train,-26.109294923901725,-29.32603247429553,1.2642411176571153,"[{""distance_vox"": 1.0, ""source_role"": ""current_wind_train"", ""z"": 7, ""y"": 246, ""x"": 507, ""u"": -26.109294923901725, ""v"": -29.32603247429553, ""base_weight"": 1.2642411176571153, ""time_conf"": 1.0, ""qc_flags"": ""ok""}, {""distance_vox"": 1.4142135623730951, ""source_role"": ""context_wind"", ""z"": 5, ""y"": 245, ""x"": 507, ""u"": -16.248782254402922, ""v"": -26.399007634988816, ""base_weight"": 0.09721052084357637, ""time_conf"": 0.7674250857937612, ""qc_flags"": ""ok""}, {""distance_vox"": 1.4142135623730951, ""source_role"": ""context_wind"", ""z"": 6, ""y"": 245, ""x"": 508, ""u"": -14.544288607390113, ""v"": -26.238591214181874, ""base_weight"": 0.02201445027592186, ""time_conf"": 0.48857998421712295, ""qc_flags"": ""ok""}]",4,6.751520415217176,5.566381496284362,default_timepower15_8_4_conservative_v2,21,624
20260215041800,gaussian,diagnostic_weighted,pydda_3dvar_proxy,diagnostic_adaptive_v3,8,4.0,2,1.0,True,False,15,247,511,34.400000000000006,113.92,7500.0,-5.846220388711411,1.34970632606319,6.0,-5.107019424438477,1.3461143970489502,5.281445954616441,0.7392009642729347,-0.0035919290142398808,0.7392009642729347,0.0035919290142398808,0.7392096911811152,0.12320161519685253,1.0,1,1.0,8.85223158589664,2,1,2.3177926540374756,0.26481103897094727,6.181811809539795,27,1.734523609832481,0.7114977240562439,1.734523609832481,0.8376616052677088,0.02771196712487134,True,True,8.14993953704834,7.899931907653809,0.05000000074505806,1.0,0.5605856776237488,0.398374080657959,0.37845537066459656,True,role_conflict_triggered_at_holdout_voxel,0.0,context_wind,-0.520944533000791,-2.954423259036624,0.027439013174276276,"[{""distance_vox"": 0.0, ""source_role"": ""context_wind"", ""z"": 15, ""y"": 247, ""x"": 511, ""u"": -0.520944533000791, ""v"": -2.954423259036624, ""base_weight"": 0.027439013174276276, ""time_conf"": 0.5317753794688818, ""qc_flags"": ""ok""}, {""distance_vox"": 1.0, ""source_role"": ""current_wind_train"", ""z"": 14, ""y"": 247, ""x"": 511, ""u"": -5.440021730198797, ""v"": 4.4052427373488605, ""base_weight"": 0.5669373788524215, ""time_conf"": 1.0, ""qc_flags"": ""ok""}, {""distance_vox"": 1.0, ""source_role"": ""current_wind_train"", ""z"": 16, ""y"": 247, ""x"": 511, ""u"": -4.9969541350954785, ""v"": -0.1744974835125054, ""base_weight"": 0.5669373788524215, ""time_conf"": 1.0, ""qc_flags"": ""ok""}]",4,6.751520415217176,5.566381496284362,default_timepower15_8_4_conservative_v2,21,624
20260220002400,gaussian,diagnostic_weighted,pydda_3dvar_proxy,diagnostic_adaptive_v3,10,5.0,2,1.0,True,False,18,246,509,34.480000000000004,113.76,9000.0,19.126095119260707,-5.8474340944547345,20.0,15.563940048217773,-8.636178016662598,17.79943259095647,-3.562155071042934,-2.788743922207863,3.562155071042934,2.788743922207863,4.523940916259648,0.22619704581298242,1.0,1,1.0,6.2995882648695805,1,2,2.379528760910034,0.2730369567871094,19.64729118347168,27,4.805749222084328,4.0913472175598145,4.93393267226241,0.6788695470579518,0.4325936986998338,True,False,4.06239128112793,12.74750804901123,0.38695937395095825,0.1567431092262268,0.9493531584739685,0.35637903213500977,0.0,False,,1.7320508075688772,context_wind,17.302710526889737,-4.961472404705989,0.11258129657769973,"[{""distance_vox"": 1.7320508075688772, ""source_role"": ""context_wind"", ""z"": 19, ""y"": 247, ""x"": 510, ""u"": 17.302710526889737, ""v"": -4.961472404705989, ""base_weight"": 0.11258129657769973, ""time_conf"": 0.9152401341861904, ""qc_flags"": ""ok""}, {""distance_vox"": 2.0, ""source_role"": ""context_wind"", ""z"": 18, ""y"": 246, ""x"": 507, ""u"": 15.035081932574533, ""v"": -5.472322293210704, ""base_weight"": 0.12823098835990984, ""time_conf"": 0.9622238368941451, ""qc_flags"": ""ok""}, {""distance_vox"": 2.23606797749979, ""source_role"": ""current_wind_train"", ""z"": 20, ""y"": 247, ""x"": 509, ""u"": 17.80901001928495, ""v"": -11.128304548897297, ""base_weight"": 0.5669373788524215, ""time_conf"": 1.0, ""qc_flags"": ""ok""}]",1,4.523940916259648,4.523940916259648,default_timepower15_8_4_conservative_v2;moderate_current_support_fresh_context_prefers_10_5,7,359
20260223133000,gaussian,diagnostic_weighted,pydda_3dvar_proxy,diagnostic_adaptive_v3,10,5.0,2,1.0,True,False,22,321,506,28.480000000000004,113.52000000000001,11000.0,31.50342775709159,21.24933033188837,38.0,32.20589065551758,20.989734649658203,38.44201287105316,0.7024628984259884,-0.2595956822301666,0.7024628984259884,0.2595956822301666,0.7488952142306601,0.019707768795543687,1.0,1,1.0,13.000595050956818,1,2,1.5727813243865967,0.24565505981445312,38.48503112792969,27,1.0650887688000996,0.553813636302948,1.065126366878767,0.32614579469691973,0.19508157792771208,True,False,4.609622955322266,10.18227481842041,0.05000000074505806,1.0,0.7522045969963074,0.7411744594573975,0.0,False,,1.4142135623730951,current_wind_train,32.70815214987154,21.24092236558605,0.5669373788524215,"[{""distance_vox"": 1.4142135623730951, ""source_role"": ""current_wind_train"", ""z"": 23, ""y"": 321, ""x"": 507, ""u"": 32.70815214987154, ""v"": 21.24092236558605, ""base_weight"": 0.5669373788524215, ""time_conf"": 1.0, ""qc_flags"": ""ok""}, {""distance_vox"": 1.4142135623730951, ""source_role"": ""context_wind"", ""z"": 22, ""y"": 320, ""x"": 505, ""u"": 37.157241273869715, ""v"": 33.45653031794291, ""base_weight"": 0.06622333690327731, ""time_conf"": 0.7462742321549556, ""qc_flags"": ""ok""}, {""distance_vox"": 1.7320508075688772, ""source_role"": ""context_wind"", ""z"": 23, ""y"": 322, ""x"": 507, ""u"": 30.192140446035268, ""v"": 19.607005260540973, ""base_weight"": 0.11836063903801047, ""time_conf"": 0.9330329915368074, ""qc_flags"": ""ok""}]",3,109.69269797723214,80.43043119863744,default_timepower15_8_4_conservative_v2;moderate_current_support_fresh_context_prefers_10_5,17,671
