time_str,kernel,confidence_mode,physics_constraint_mode,localization_policy,localization_radius_xy,localization_sigma_xy,localization_radius_z,localization_sigma_z,strict_holdout_no_leakage,motion_used_as_wind,z,y,x,lat,lon,alt_m,gt_u,gt_v,gt_speed,pred_u,pred_v,pred_speed,u_error,v_error,abs_u_error,abs_v_error,vector_error,error_to_truth_speed_ratio,recon_confidence,obs_count,obs_conf,nearest_role_gap_mps,nearest_current_count,nearest_context_count,recon_vertical_jump_mps,vertical_speed_gap_mps,vertical_neighbor_max_speed_mps,point_neighbor_count,point_neighbor_mean_vector_error,point_neighbor_min_vector_error,point_neighbor_weighted_vector_error,point_neighbor_std_vector_error,representativeness_gap_point_minus_min_mps,role_overlap_at_point,role_conflict_at_point,role_conflict_component_gap_at_point_mps,role_conflict_threshold_at_point_mps,role_conflict_context_factor_at_point,role_conflict_current_density_at_point,role_conflict_context_time_conf_at_point,role_conflict_context_weight_at_point,role_conflict_context_removed_weight_at_point,qc_review_flag,qc_review_reasons,nearest_train_distance_vox,nearest_train_source_role,nearest_train_u,nearest_train_v,nearest_train_base_weight,nearest_observations_json,frame_holdout_wind_records,frame_rmse_vector,frame_mae_vector,adaptive_reasons,adaptive_current_support,adaptive_context_support
20260124000000,gaussian,diagnostic_weighted,pydda_3dvar_proxy,diagnostic_adaptive_v3,8,4.0,2,1.0,True,False,25,225,519,36.160000000000004,114.56,12500.0,32.96724139496962,-16.797648490363226,37.0,31.20008659362793,-19.003597259521484,36.53193277465584,-1.7671548013416896,-2.205948769158258,1.7671548013416896,2.205948769158258,2.826490060845044,0.07639162326608226,1.0,1,1.0,10.61146360876475,1,2,2.695976495742798,1.11541748046875,39.22264862060547,27,3.237844396520544,2.814603805541992,3.237844396520544,0.4137733530956278,0.011886255303051652,True,True,14.997360229492188,10.882344245910645,0.05000000074505806,1.0,0.5699356198310852,0.056206293404102325,0.05339597910642624,True,role_conflict_triggered_at_holdout_voxel,1.4142135623730951,context_wind,32.30844089787559,-25.242120488351997,0.07457045429056786,"[{""distance_vox"": 1.4142135623730951, ""source_role"": ""context_wind"", ""z"": 26, ""y"": 225, ""x"": 518, ""u"": 32.30844089787559, ""v"": -25.242120488351997, ""base_weight"": 0.07457045429056786, ""time_conf"": 0.5852539853463283, ""qc_flags"": ""ok""}, {""distance_vox"": 2.23606797749979, ""source_role"": ""current_wind_train"", ""z"": 25, ""y"": 226, ""x"": 517, ""u"": 30.858022825276045, ""v"": -18.54137069676195, ""base_weight"": 0.5669373788524215, ""time_conf"": 1.0, ""qc_flags"": ""ok""}, {""distance_vox"": 3.1622776601683795, ""source_role"": ""context_wind"", ""z"": 28, ""y"": 225, ""x"": 518, ""u"": 37.214781741247585, ""v"": -27.03812160545375, ""base_weight"": 0.07457045429056786, ""time_conf"": 0.5852539853463283, ""qc_flags"": ""ok""}]",1,2.826490060845044,2.826490060845044,default_timepower15_8_4_conservative_v2;moderate_current_support_fresh_context_prefers_10_5;v3_low_error_guard_prefers_8_4,4,496
20260127152400,gaussian,diagnostic_weighted,pydda_3dvar_proxy,diagnostic_adaptive_v3,10,5.0,2,1.0,True,False,29,380,499,23.760000000000005,112.96000000000001,14500.0,28.522794363147643,-26.597936042437446,39.0,26.30040740966797,-20.5403995513916,33.37093711068549,-2.222386953479674,6.057536491045845,2.222386953479674,6.057536491045845,6.452344698739263,0.1654447358651093,1.0,1,1.0,19.257985316806845,1,2,3.7518470287323,0.6386070251464844,36.61489486694336,27,6.649600788399026,5.1226654052734375,6.937962181961159,0.9048751918148222,1.3296792934658255,True,False,7.8329033851623535,14.996219635009766,0.3530029356479645,0.1758711040019989,0.7062584757804871,0.19011779129505157,0.0,False,,2.0,current_wind_train,21.141949161937447,-22.67196475019429,0.5669373788524215,"[{""distance_vox"": 2.0, ""source_role"": ""current_wind_train"", ""z"": 27, ""y"": 380, ""x"": 499, ""u"": 21.141949161937447, ""v"": -22.67196475019429, ""base_weight"": 0.5669373788524215, ""time_conf"": 1.0, ""qc_flags"": ""ok""}, {""distance_vox"": 2.23606797749979, ""source_role"": ""context_wind"", ""z"": 28, ""y"": 378, ""x"": 499, ""u"": 26.888331782436836, ""v"": -10.863591209061447, ""base_weight"": 0.009783691503829262, ""time_conf"": 0.35766148310881457, ""qc_flags"": ""ok""}, {""distance_vox"": 2.8284271247461903, ""source_role"": ""context_wind"", ""z"": 27, ""y"": 378, ""x"": 499, ""u"": 26.667585196068725, ""v"": -4.223730556086228, ""base_weight"": 0.009783691503829262, ""time_conf"": 0.35766148310881457, ""qc_flags"": ""ok""}]",2,6.2302509464603695,6.226143249244829,default_timepower15_8_4_conservative_v2;moderate_current_support_fresh_context_prefers_10_5,11,765
20260201042400,gaussian,diagnostic_weighted,pydda_3dvar_proxy,diagnostic_adaptive_v3,8,4.0,2,1.0,True,False,29,323,497,28.320000000000004,112.80000000000001,14500.0,30.376660163930538,-12.894127240146025,33.0,30.629526138305664,-12.313318252563477,33.01190206343862,0.25286597437512626,0.5808089875825484,0.25286597437512626,0.5808089875825484,0.6334668744720175,0.01919596589309144,1.0,1,1.0,0.0,0,3,3.0879526138305664,0.2523384094238281,35.47103500366211,27,2.424335250148067,0.5633254051208496,2.312419451901546,1.116925911719033,0.07014146935116794,True,False,8.121655464172363,15.373773574829102,0.41132283210754395,0.10713755339384079,0.7747848629951477,0.3824582099914551,0.0,True,context_only_nearest_support,1.0,context_wind,43.45828698618606,-6.8831164617701495,0.013211407295522025,"[{""distance_vox"": 1.0, ""source_role"": ""context_wind"", ""z"": 29, ""y"": 322, ""x"": 497, ""u"": 43.45828698618606, ""v"": -6.8831164617701495, ""base_weight"": 0.013211407295522025, ""time_conf"": 0.40146144093168823, ""qc_flags"": ""ok""}, {""distance_vox"": 1.0, ""source_role"": ""context_wind"", ""z"": 29, ""y"": 323, ""x"": 498, ""u"": 44.01664203302125, ""v"": -9.356026086799174, ""base_weight"": 0.019522224941848732, ""time_conf"": 0.4665164957684037, ""qc_flags"": ""ok""}, {""distance_vox"": 1.4142135623730951, ""source_role"": ""context_wind"", ""z"": 28, ""y"": 323, ""x"": 498, ""u"": 31.060545559848435, ""v"": -13.829045864577193, ""base_weight"": 0.11601412776164566, ""time_conf"": 0.9258747122872905, ""qc_flags"": ""ok""}]",4,2.7619904953417005,2.228676129117966,default_timepower15_8_4_conservative_v2,25,1202
20260203124800,gaussian,diagnostic_weighted,pydda_3dvar_proxy,diagnostic_adaptive_v3,10,5.0,2,1.0,True,False,29,249,516,34.24,114.32,14500.0,-15.647190601953252,20.764523261229616,26.0,14.005717277526855,1.3185654878616333,14.067648396366538,29.652907879480107,-19.445957773367983,29.652907879480107,19.445957773367983,35.46040354300194,1.3638616747308439,1.0,1,1.0,0.0,0,3,17.86078643798828,2.951597213745117,23.4107608795166,27,33.105612436930336,17.58079719543457,33.105612436930336,11.596370254268017,17.879606347567368,True,True,43.23636245727539,15.547775268554688,0.44012922048568726,0.11988058686256409,0.8413177132606506,0.737328290939331,0.4128085672855377,True,high_vector_error_ge_30mps;context_only_nearest_support;role_conflict_triggered_at_holdout_voxel,0.0,context_wind,19.9387713148063,-9.297601758295391,0.05003353074966573,"[{""distance_vox"": 0.0, ""source_role"": ""context_wind"", ""z"": 29, ""y"": 249, ""x"": 516, ""u"": 19.9387713148063, ""v"": -9.297601758295391, ""base_weight"": 0.05003353074966573, ""time_conf"": 0.6699949944086782, ""qc_flags"": ""ok""}, {""distance_vox"": 1.0, ""source_role"": ""context_wind"", ""z"": 28, ""y"": 249, ""x"": 516, ""u"": 23.25304307677452, ""v"": -5.1363450229652905, ""base_weight"": 0.09552265720283191, ""time_conf"": 0.6743109258720654, ""qc_flags"": ""ok""}, {""distance_vox"": 1.4142135623730951, ""source_role"": ""context_wind"", ""z"": 28, ""y"": 250, ""x"": 516, ""u"": 23.941537206235783, ""v"": -1.6741553698590053, ""base_weight"": 0.1256887964402692, ""time_conf"": 0.9548416039104165, ""qc_flags"": ""ok""}]",2,25.219406939625173,19.640486654724175,default_timepower15_8_4_conservative_v2;moderate_current_support_fresh_context_prefers_10_5,9,591
20260207024800,gaussian,diagnostic_weighted,pydda_3dvar_proxy,diagnostic_adaptive_v3,8,4.0,2,1.0,True,False,24,236,523,35.28,114.88,12000.0,103.46025087147848,-2.722296305182757,103.49605986491696,105.26510620117188,-3.311702013015747,105.31718736164105,1.804855329693396,-0.5894057078329902,1.804855329693396,0.5894057078329902,1.8986579074569396,0.01834521922800798,1.0,2,1.0,0.0,3,0,0.4362693428993225,0.17232513427734375,105.3807144165039,27,1.813287236072399,1.4939804077148438,1.813287236072399,0.22726116633055937,0.4046774997420959,False,False,0.0,12.375,0.16857144236564636,1.0,1.0,0.0,0.0,True,strong_truth_speed_ge_90mps;strong_wind_vertical_oversmoothing_candidate,1.0,current_wind_train,104.39637357960811,-4.562411531284624,0.7785326095478529,"[{""distance_vox"": 1.0, ""source_role"": ""current_wind_train"", ""z"": 24, ""y"": 235, ""x"": 523, ""u"": 104.39637357960811, ""v"": -4.562411531284624, ""base_weight"": 0.7785326095478529, ""time_conf"": 1.0, ""qc_flags"": ""ok""}, {""distance_vox"": 1.0, ""source_role"": ""current_wind_train"", ""z"": 24, ""y"": 237, ""x"": 523, ""u"": 101.89903845045714, ""v"": -4.449008100217707, ""base_weight"": 0.7785326095478529, ""time_conf"": 1.0, ""qc_flags"": ""ok""}, {""distance_vox"": 2.0, ""source_role"": ""current_wind_train"", ""z"": 24, ""y"": 234, ""x"": 523, ""u"": 103.96063158719397, ""v"": -2.7135754181361804, ""base_weight"": 0.7785326095478529, ""time_conf"": 1.0, ""qc_flags"": ""ok""}]",7,5.515103481033908,4.798145530649745,default_timepower15_8_4_conservative_v2,46,957
20260207024800,gaussian,diagnostic_weighted,pydda_3dvar_proxy,diagnostic_adaptive_v3,8,4.0,2,1.0,True,False,29,289,519,31.040000000000006,114.56,14500.0,57.9555495773441,15.529142706151237,60.0,52.42515563964844,15.923144340515137,54.78999424648849,-5.5303939376956635,0.39400163436389946,5.5303939376956635,0.39400163436389946,5.54441109532675,0.09240685158877918,0.9385271668434143,1,1.0,0.0,0,3,5.356958389282227,0.5326690673828125,58.71615219116211,27,5.912351188836275,1.2535467147827148,7.506039984968095,3.926986466699888,4.290864380544035,True,False,9.491249084472656,15.887351989746094,0.4709286391735077,0.05750107392668724,0.8592508435249329,0.2613944113254547,0.0,True,context_only_nearest_support,1.0,context_wind,58.21774357655979,14.515313735980067,0.10185541803731726,"[{""distance_vox"": 1.0, ""source_role"": ""context_wind"", ""z"": 29, ""y"": 289, ""x"": 520, ""u"": 58.21774357655979, ""v"": 14.515313735980067, ""base_weight"": 0.10185541803731726, ""time_conf"": 0.8806658735961485, ""qc_flags"": ""ok""}, {""distance_vox"": 1.4142135623730951, ""source_role"": ""context_wind"", ""z"": 28, ""y"": 289, ""x"": 520, ""u"": 52.596761577966944, ""v"": 16.08044375975054, ""base_weight"": 0.10185541803731726, ""time_conf"": 0.8806658735961485, ""qc_flags"": ""ok""}, {""distance_vox"": 1.7320508075688772, ""source_role"": ""context_wind"", ""z"": 28, ""y"": 290, ""x"": 520, ""u"": 54.21022142882375, ""v"": 17.61396867937201, ""base_weight"": 0.10708414927572055, ""time_conf"": 0.8977865850653692, ""qc_flags"": ""ok""}]",7,5.515103481033908,4.798145530649745,default_timepower15_8_4_conservative_v2,46,957
20260211005400,gaussian,diagnostic_weighted,pydda_3dvar_proxy,diagnostic_adaptive_v3,8,4.0,2,1.0,True,False,24,240,508,34.96,113.68,12000.0,11.14317490912746,-6.695494973830704,13.0,14.08742618560791,-6.2961201667785645,15.430382551624156,2.9442512764804505,0.3993748070521397,2.9442512764804505,0.3993748070521397,2.971214535432387,0.22855496426402977,1.0,1,1.0,7.846296053125868,2,1,3.9870846271514893,0.37088966369628906,15.070976257324219,27,3.139591658556903,2.6877455711364746,3.139591658556903,0.34496459076165836,0.2834689642959125,True,False,4.450325965881348,11.819725036621094,0.15651445090770721,0.7238734364509583,0.7825974225997925,0.31303760409355164,0.0,False,,1.0,current_wind_train,15.300876095408567,-4.677947275563787,0.5669373788524215,"[{""distance_vox"": 1.0, ""source_role"": ""current_wind_train"", ""z"": 23, ""y"": 240, ""x"": 508, ""u"": 15.300876095408567, ""v"": -4.677947275563787, ""base_weight"": 0.5669373788524215, ""time_conf"": 1.0, ""qc_flags"": ""ok""}, {""distance_vox"": 1.4142135623730951, ""source_role"": ""current_wind_train"", ""z"": 23, ""y"": 240, ""x"": 509, ""u"": 14.095389311788624, ""v"": -5.1303021498850345, ""base_weight"": 0.5669373788524215, ""time_conf"": 1.0, ""qc_flags"": ""ok""}, {""distance_vox"": 2.0, ""source_role"": ""context_wind"", ""z"": 24, ""y"": 240, ""x"": 510, ""u"": 14.339482024232673, ""v"": -12.465121550819633, ""base_weight"": 0.06962290108012459, ""time_conf"": 0.7607822836063717, ""qc_flags"": ""ok""}]",7,6.569753737281176,5.3038265872533525,default_timepower15_8_4_conservative_v2,44,866
20260211005400,gaussian,diagnostic_weighted,pydda_3dvar_proxy,diagnostic_adaptive_v3,8,4.0,2,1.0,True,False,27,239,507,35.040000000000006,113.6,13500.0,11.979532650709396,-9.02722534728072,15.0,10.662866592407227,-11.388336181640625,15.600991152921633,-1.3166660583021699,-2.3611108343599057,1.3166660583021699,2.3611108343599057,2.7034152254540373,0.18022768169693582,1.0,1,1.0,12.404634639604051,2,1,0.9860639572143555,0.02009296417236328,16.529460906982422,27,2.7692856700332076,2.5962843894958496,2.7692856700332076,0.15431592730104968,0.10713083595818773,True,False,7.966690540313721,14.165905952453613,0.3120667040348053,0.3573002517223358,0.7856721878051758,0.1669650673866272,0.0,False,,1.4142135623730951,current_wind_train,8.356238925925014,-9.958577760546712,0.5669373788524215,"[{""distance_vox"": 1.4142135623730951, ""source_role"": ""current_wind_train"", ""z"": 26, ""y"": 239, ""x"": 508, ""u"": 8.356238925925014, ""v"": -9.958577760546712, ""base_weight"": 0.5669373788524215, ""time_conf"": 1.0, ""qc_flags"": ""ok""}, {""distance_vox"": 1.7320508075688772, ""source_role"": ""context_wind"", ""z"": 28, ""y"": 238, ""x"": 508, ""u"": 19.151111077974452, ""v"": -16.06969024216348, ""base_weight"": 0.06962290108012459, ""time_conf"": 0.7607822836063717, ""qc_flags"": ""ok""}, {""distance_vox"": 2.23606797749979, ""source_role"": ""current_wind_train"", ""z"": 29, ""y"": 238, ""x"": 507, ""u"": 10.419875556884964, ""v"": -10.790097005079764, ""base_weight"": 0.5669373788524215, ""time_conf"": 1.0, ""qc_flags"": ""ok""}]",7,6.569753737281176,5.3038265872533525,default_timepower15_8_4_conservative_v2,44,866
20260211005400,gaussian,diagnostic_weighted,pydda_3dvar_proxy,diagnostic_adaptive_v3,8,4.0,2,1.0,True,False,29,327,504,28.000000000000004,113.36,14500.0,10.072090129602232,-5.8822757831737675,11.66396879145959,9.472562789916992,-4.350633144378662,10.423888648958513,-0.5995273396852401,1.5316426387951054,0.5995273396852401,1.5316426387951054,1.644798529913404,0.1410153404317862,1.0,3,1.0,0.0,3,0,1.4004639387130737,0.22351551055908203,11.323580741882324,27,1.9364150563875835,0.9386582374572754,1.9364150563875835,0.9436002772874511,0.7061402924561286,True,False,5.171269416809082,11.928265571594238,0.06040814518928528,1.0,0.6979591846466064,0.36363065242767334,0.0,False,,1.0,current_wind_train,10.440689361366235,-5.907057826175667,0.973165761934816,"[{""distance_vox"": 1.0, ""source_role"": ""current_wind_train"", ""z"": 29, ""y"": 326, ""x"": 504, ""u"": 10.440689361366235, ""v"": -5.907057826175667, ""base_weight"": 0.973165761934816, ""time_conf"": 1.0, ""qc_flags"": ""ok""}, {""distance_vox"": 2.0, ""source_role"": ""current_wind_train"", ""z"": 29, ""y"": 325, ""x"": 504, ""u"": 10.286007608425347, ""v"": -6.180456898920649, ""base_weight"": 0.5669373788524215, ""time_conf"": 1.0, ""qc_flags"": ""ok""}, {""distance_vox"": 2.23606797749979, ""source_role"": ""current_wind_train"", ""z"": 28, ""y"": 325, ""x"": 504, ""u"": 10.336618828644992, ""v"": -3.762221576582359, ""base_weight"": 0.5669373788524215, ""time_conf"": 1.0, ""qc_flags"": ""ok""}]",7,6.569753737281176,5.3038265872533525,default_timepower15_8_4_conservative_v2,44,866
20260215091800,gaussian,diagnostic_weighted,pydda_3dvar_proxy,diagnostic_adaptive_v3,8,4.0,2,1.0,True,False,27,329,490,27.840000000000003,112.24000000000001,13500.0,42.29551462128604,12.128043655947952,44.00000000000001,40.29676055908203,13.10290813446045,42.373519008174185,-1.9987540622040072,0.9748644785124974,1.9987540622040072,0.9748644785124974,2.22382071054356,0.0505413797850809,1.0,1,1.0,15.067506906332351,2,1,4.055194854736328,0.33914947509765625,46.273677825927734,27,3.34355898698171,1.827272653579712,3.34355898698171,1.5281253201676794,0.396548056963848,True,False,7.344244003295898,11.426093101501465,0.05000000074505806,1.0,0.6439427137374878,0.22096218168735504,0.0,False,,1.4142135623730951,current_wind_train,47.33036548816435,12.68213321002351,0.5669373788524215,"[{""distance_vox"": 1.4142135623730951, ""source_role"": ""current_wind_train"", ""z"": 28, ""y"": 329, ""x"": 489, ""u"": 47.33036548816435, ""v"": 12.68213321002351, ""base_weight"": 0.5669373788524215, ""time_conf"": 1.0, ""qc_flags"": ""ok""}, {""distance_vox"": 1.7320508075688772, ""source_role"": ""current_wind_train"", ""z"": 26, ""y"": 330, ""x"": 491, ""u"": 36.64801221065043, ""v"": 13.338785589701073, ""base_weight"": 0.5669373788524215, ""time_conf"": 1.0, ""qc_flags"": ""ok""}, {""distance_vox"": 2.23606797749979, ""source_role"": ""context_wind"", ""z"": 25, ""y"": 328, ""x"": 490, ""u"": 33.12858220269799, ""v"": 7.648335847691419, ""base_weight"": 0.012072999488438176, ""time_conf"": 0.38778619045843365, ""qc_flags"": ""ok""}]",5,3.9975293558785894,3.5514116222869205,default_timepower15_8_4_conservative_v2,35,726
20260215091800,gaussian,diagnostic_weighted,pydda_3dvar_proxy,diagnostic_adaptive_v3,8,4.0,2,1.0,True,False,29,329,488,27.840000000000003,112.08000000000001,14500.0,50.455377766351816,12.579938571182725,52.0,45.46253967285156,13.833064079284668,47.520481640311665,-4.992838093500254,1.2531255081019435,4.992838093500254,1.2531255081019435,5.147694218479085,0.09899411958613626,1.0,1,1.0,19.69973826487419,1,2,1.1283111572265625,0.578765869140625,47.403812408447266,27,5.713220225440131,4.6489667892456055,5.651883763256283,0.5636241070080495,0.49872742923347957,True,False,6.832529067993164,13.553028106689453,0.16823425889015198,0.5927698016166687,0.6285502314567566,0.157549187541008,0.0,False,,1.4142135623730951,current_wind_train,47.33036548816435,12.68213321002351,0.5669373788524215,"[{""distance_vox"": 1.4142135623730951, ""source_role"": ""current_wind_train"", ""z"": 28, ""y"": 329, ""x"": 489, ""u"": 47.33036548816435, ""v"": 12.68213321002351, ""base_weight"": 0.5669373788524215, ""time_conf"": 1.0, ""qc_flags"": ""ok""}, {""distance_vox"": 3.605551275463989, ""source_role"": ""context_wind"", ""z"": 29, ""y"": 327, ""x"": 491, ""u"": 49.166965931164476, ""v"": 16.929544031772146, ""base_weight"": 0.06174098916641511, ""time_conf"": 0.7264265759053374, ""qc_flags"": ""ok""}, {""distance_vox"": 4.0, ""source_role"": ""context_wind"", ""z"": 29, ""y"": 325, ""x"": 488, ""u"": 28.51479931014442, ""v"": 18.517727190510918, ""base_weight"": 0.007173121840749518, ""time_conf"": 0.3174154911790179, ""qc_flags"": ""ok""}]",5,3.9975293558785894,3.5514116222869205,default_timepower15_8_4_conservative_v2,35,726
20260220025400,gaussian,diagnostic_weighted,pydda_3dvar_proxy,diagnostic_adaptive_v3,10,5.0,2,1.0,True,False,25,371,500,24.480000000000004,113.03999999999999,12500.0,17.35832034512376,-15.089357666781662,23.0,15.462212562561035,-11.617827415466309,19.340473913153755,-1.8961077825627264,3.471530251315354,1.8961077825627264,3.471530251315354,3.9555969219439664,0.17198247486712898,1.0,1,1.0,0.0,3,0,1.8476077318191528,0.5006389617919922,21.141117095947266,27,3.6339561497723616,1.7639729976654053,3.581418312705008,1.1119014006302705,2.191623924278561,True,False,3.1573410034179688,12.655712127685547,0.17465201020240784,0.7130626440048218,0.7941621541976929,0.09693723917007446,0.0,False,,2.8284271247461903,current_wind_train,18.124247332954603,-14.160213932490146,0.5669373788524215,"[{""distance_vox"": 2.8284271247461903, ""source_role"": ""current_wind_train"", ""z"": 27, ""y"": 369, ""x"": 500, ""u"": 18.124247332954603, ""v"": -14.160213932490146, ""base_weight"": 0.5669373788524215, ""time_conf"": 1.0, ""qc_flags"": ""ok""}, {""distance_vox"": 4.358898943540674, ""source_role"": ""current_wind_train"", ""z"": 28, ""y"": 368, ""x"": 499, ""u"": 18.113029925346535, ""v"": -15.74541669577217, ""base_weight"": 0.5669373788524215, ""time_conf"": 1.0, ""qc_flags"": ""ok""}, {""distance_vox"": 8.06225774829855, ""source_role"": ""current_wind_train"", ""z"": 25, ""y"": 375, ""x"": 507, ""u"": 13.714676811233797, ""v"": -8.240609198560866, ""base_weight"": 0.5669373788524215, ""time_conf"": 1.0, ""qc_flags"": ""ok""}]",3,3.615040674941131,3.529543515785921,default_timepower15_8_4_conservative_v2;moderate_current_support_fresh_context_prefers_10_5,17,480
20260220025400,gaussian,diagnostic_weighted,pydda_3dvar_proxy,diagnostic_adaptive_v3,10,5.0,2,1.0,True,False,27,381,507,23.680000000000003,113.6,13500.0,20.784609690826528,-12.000000000000004,24.000000000000004,22.482666015625,-10.257181167602539,24.711941175778957,1.698056324798472,1.7428188323974645,1.698056324798472,1.7428188323974645,2.433272028513737,0.10138633452140569,1.0,1,1.0,6.119664132859884,1,2,1.5506312847137451,0.2368450164794922,25.578218460083008,27,2.512238294989974,1.5190258026123047,2.512238294989974,0.792984674268479,0.9142462259014321,True,False,1.7870612144470215,11.690866470336914,0.09062916040420532,1.0,0.7926868796348572,1.1345916986465454,0.0,False,,1.0,context_wind,19.037323619032698,-10.294508966560903,0.03810635730188454,"[{""distance_vox"": 1.0, ""source_role"": ""context_wind"", ""z"": 27, ""y"": 380, ""x"": 507, ""u"": 19.037323619032698, ""v"": -10.294508966560903, ""base_weight"": 0.03810635730188454, ""time_conf"": 0.6148207278054123, ""qc_flags"": ""ok""}, {""distance_vox"": 1.0, ""source_role"": ""context_wind"", ""z"": 27, ""y"": 381, ""x"": 506, ""u"": 21.58849971310881, ""v"": -10.447381912845904, ""base_weight"": 0.03810635730188454, ""time_conf"": 0.6148207278054123, ""qc_flags"": ""ok""}, {""distance_vox"": 1.4142135623730951, ""source_role"": ""current_wind_train"", ""z"": 27, ""y"": 380, ""x"": 508, ""u"": 15.760215072134436, ""v"": -12.31322950651317, ""base_weight"": 0.5669373788524215, ""time_conf"": 1.0, ""qc_flags"": ""ok""}]",3,3.615040674941131,3.529543515785921,default_timepower15_8_4_conservative_v2;moderate_current_support_fresh_context_prefers_10_5,17,480
20260220025400,gaussian,diagnostic_weighted,pydda_3dvar_proxy,diagnostic_adaptive_v3,10,5.0,2,1.0,True,False,29,358,469,25.520000000000003,110.56,14500.0,10.10289749894062,-8.181165083647887,13.0,12.783005714416504,-11.414587020874023,17.13762037016548,2.680108215475883,-3.2334219372261366,2.680108215475883,3.2334219372261366,4.199761596900061,0.32305858437692775,0.40160131454467773,1,1.0,6.2157160113903895,2,1,1.8880642652511597,0.25661468505859375,18.98567008972168,27,4.362974952768396,2.768930435180664,3.412912990918771,1.3452983019006641,1.4308311617193965,True,False,2.985635757446289,15.789368629455566,0.37321752309799194,0.09978599101305008,0.693428099155426,0.04755761846899986,0.0,False,,2.23606797749979,current_wind_train,12.075353283564356,-10.496944463848113,0.5669373788524215,"[{""distance_vox"": 2.23606797749979, ""source_role"": ""current_wind_train"", ""z"": 27, ""y"": 359, ""x"": 469, ""u"": 12.075353283564356, ""v"": -10.496944463848113, ""base_weight"": 0.5669373788524215, ""time_conf"": 1.0, ""qc_flags"": ""ok""}, {""distance_vox"": 2.8284271247461903, ""source_role"": ""context_wind"", ""z"": 29, ""y"": 356, ""x"": 467, ""u"": 13.895720330764235, ""v"": -12.957968841187474, ""base_weight"": 0.055302308632161776, ""time_conf"": 0.6962984793343721, ""qc_flags"": ""ok""}, {""distance_vox"": 3.1622776601683795, ""source_role"": ""current_wind_train"", ""z"": 26, ""y"": 359, ""x"": 469, ""u"": 12.12435565298214, ""v"": -7.000000000000002, ""base_weight"": 0.5669373788524215, ""time_conf"": 1.0, ""qc_flags"": ""ok""}]",3,3.615040674941131,3.529543515785921,default_timepower15_8_4_conservative_v2;moderate_current_support_fresh_context_prefers_10_5,17,480
20260124004200,gaussian,diagnostic_weighted,pydda_3dvar_proxy,diagnostic_adaptive_v3,10,5.0,2,1.0,True,False,27,321,506,28.480000000000004,113.52000000000001,13500.0,21.858968500859124,-24.70706938817945,32.98869172419339,20.19415283203125,-21.960206985473633,29.833781179198198,-1.664815668827874,2.7468624027058155,1.664815668827874,2.7468624027058155,3.21198758879507,0.09736632224306879,1.0,2,1.0,122.293389583839,1,2,3.1431703567504883,0.40981292724609375,30.335912704467773,27,4.137003139213279,3.0857949256896973,4.137003139213279,1.261029771604159,0.12619266310537292,True,True,37.10910415649414,11.731276512145996,0.09675195813179016,1.0,0.8049324750900269,0.4771573543548584,0.4309914708137512,True,nearest_current_context_role_gap_ge_30mps;role_conflict_triggered_at_holdout_voxel,1.0,context_wind,42.198961876841544,99.41452417286355,0.0848138868956189,"[{""distance_vox"": 1.0, ""source_role"": ""context_wind"", ""z"": 27, ""y"": 322, ""x"": 506, ""u"": 42.198961876841544, ""v"": 99.41452417286355, ""base_weight"": 0.0848138868956189, ""time_conf"": 0.8943360206311329, ""qc_flags"": ""ok""}, {""distance_vox"": 1.4142135623730951, ""source_role"": ""current_wind_train"", ""z"": 28, ""y"": 320, ""x"": 506, ""u"": 24.905416147351485, ""v"": -21.649947956686734, ""base_weight"": 0.5669373788524215, ""time_conf"": 1.0, ""qc_flags"": ""ok""}, {""distance_vox"": 1.4142135623730951, ""source_role"": ""context_wind"", ""z"": 26, ""y"": 322, ""x"": 506, ""u"": 108.61957270738795, ""v"": 46.106273161734315, ""base_weight"": 0.0848138868956189, ""time_conf"": 0.8943360206311329, ""qc_flags"": ""ok""}]",3,4.399135354264431,4.225330617456656,default_timepower15_8_4_conservative_v2;moderate_current_support_fresh_context_prefers_10_5,14,519
20260124004200,gaussian,diagnostic_weighted,pydda_3dvar_proxy,diagnostic_adaptive_v3,10,5.0,2,1.0,True,False,28,323,506,28.320000000000004,113.52000000000001,14000.0,23.314378843709125,-18.879611731495125,30.0,20.977642059326172,-21.506954193115234,30.04347757890167,-2.3367367843829534,-2.6273424616201098,2.3367367843829534,2.6273424616201098,3.5161437982711123,0.11720479327570374,1.0,1,1.0,149.99634463921453,1,2,5.689827919006348,2.6405029296875,29.6766414642334,27,4.502250821502121,3.2248921394348145,4.502250821502121,0.9260898043370974,0.2912516588362979,True,True,35.579505920410156,11.894279479980469,0.08835408091545105,1.0,0.7709938883781433,0.4496139883995056,0.40988874435424805,True,nearest_current_context_role_gap_ge_30mps;role_conflict_triggered_at_holdout_voxel,1.0,current_wind_train,16.33917105045081,-25.16011703836272,0.5669373788524215,"[{""distance_vox"": 1.0, ""source_role"": ""current_wind_train"", ""z"": 27, ""y"": 323, ""x"": 506, ""u"": 16.33917105045081, ""v"": -25.16011703836272, ""base_weight"": 0.5669373788524215, ""time_conf"": 1.0, ""qc_flags"": ""ok""}, {""distance_vox"": 1.0, ""source_role"": ""context_wind"", ""z"": 28, ""y"": 324, ""x"": 506, ""u"": 20.996801598284218, ""v"": 0.3665005351829535, ""base_weight"": 0.010183465453003531, ""time_conf"": 0.36321328795266866, ""qc_flags"": ""ok""}, {""distance_vox"": 1.0, ""source_role"": ""context_wind"", ""z"": 29, ""y"": 323, ""x"": 506, ""u"": -67.10314841648963, ""v"": 99.484508706605, ""base_weight"": 0.0848138868956189, ""time_conf"": 0.8943360206311329, ""qc_flags"": ""ok""}]",3,4.399135354264431,4.225330617456656,default_timepower15_8_4_conservative_v2;moderate_current_support_fresh_context_prefers_10_5,14,519
20260128002400,gaussian,diagnostic_weighted,pydda_3dvar_proxy,diagnostic_adaptive_v3,8,4.0,2,1.0,True,False,27,246,519,34.480000000000004,114.56,13500.0,34.67247315869576,-27.089104914328974,44.0,39.20366287231445,-27.078563690185547,47.64636181419859,4.531189713618694,0.010541224143427286,4.531189713618694,0.010541224143427286,4.531201974996293,0.10298186306809756,1.0,1,1.0,9.971029262254943,1,2,14.752337455749512,4.109535217285156,54.044979095458984,27,8.871653645126909,4.359808444976807,8.871653645126909,2.647765535417144,0.1713935300194862,True,False,11.345464706420898,11.361255645751953,0.05000000074505806,0.9847078323364258,0.6762383580207825,0.20225247740745544,0.0,False,,1.0,current_wind_train,42.87790070187222,-31.152618371501063,0.5669373788524215,"[{""distance_vox"": 1.0, ""source_role"": ""current_wind_train"", ""z"": 28, ""y"": 246, ""x"": 519, ""u"": 42.87790070187222, ""v"": -31.152618371501063, ""base_weight"": 0.5669373788524215, ""time_conf"": 1.0, ""qc_flags"": ""ok""}, {""distance_vox"": 1.4142135623730951, ""source_role"": ""context_wind"", ""z"": 28, ""y"": 246, ""x"": 518, ""u"": 52.827549630850754, ""v"": -30.500000000000007, ""base_weight"": 0.010183465453003531, ""time_conf"": 0.36321328795266866, ""qc_flags"": ""ok""}, {""distance_vox"": 1.4142135623730951, ""source_role"": ""context_wind"", ""z"": 27, ""y"": 247, ""x"": 518, ""u"": 46.426104063082335, ""v"": -31.314802594361833, ""base_weight"": 0.010183465453003531, ""time_conf"": 0.36321328795266866, ""qc_flags"": ""ok""}]",4,3.9062308580090073,3.5082703987179755,default_timepower15_8_4_conservative_v2,24,664
20260128002400,gaussian,diagnostic_weighted,pydda_3dvar_proxy,diagnostic_adaptive_v3,8,4.0,2,1.0,True,False,29,378,509,23.920000000000005,113.76,14500.0,8.169585525225404,-12.58005851918136,14.999999999999998,4.6999006271362305,-16.776506423950195,17.422406082335403,-3.4696848980891737,-4.196447904768835,3.4696848980891737,4.196447904768835,5.445079274856044,0.363005284990403,1.0,1,1.0,0.0,0,3,3.7096948623657227,0.14221954345703125,17.739587783813477,27,4.988277422057258,1.1885594129562378,5.446813706695817,1.919818624346343,4.256519861899807,True,False,3.0247302055358887,14.048473358154297,0.2876671552658081,0.5096454620361328,0.8092290163040161,0.311776727437973,0.0,True,context_only_nearest_support,2.0,context_wind,1.1498130959441877,-10.939740849051006,0.05585878341028405,"[{""distance_vox"": 2.0, ""source_role"": ""context_wind"", ""z"": 27, ""y"": 378, ""x"": 509, ""u"": 1.1498130959441877, ""v"": -10.939740849051006, ""base_weight"": 0.05585878341028405, ""time_conf"": 0.6989849670895096, ""qc_flags"": ""ok""}, {""distance_vox"": 2.23606797749979, ""source_role"": ""context_wind"", ""z"": 27, ""y"": 379, ""x"": 509, ""u"": 2.9722548357643914, ""v"": -18.766078471307615, ""base_weight"": 0.11034936133238137, ""time_conf"": 0.9082183626944031, ""qc_flags"": ""ok""}, {""distance_vox"": 2.23606797749979, ""source_role"": ""context_wind"", ""z"": 27, ""y"": 378, ""x"": 510, ""u"": 2.9722548357643914, ""v"": -18.766078471307615, ""base_weight"": 0.11034936133238137, ""time_conf"": 0.9082183626944031, ""qc_flags"": ""ok""}]",4,3.9062308580090073,3.5082703987179755,default_timepower15_8_4_conservative_v2,24,664
20260201043000,gaussian,diagnostic_weighted,pydda_3dvar_proxy,diagnostic_adaptive_v3,8,4.0,2,1.0,True,False,29,248,506,34.32000000000001,113.52000000000001,14500.0,-17.937955949114475,32.36092916415764,37.0,-4.364483833312988,18.219560623168945,18.735023577048917,13.573472115801486,-14.141368540988694,13.573472115801486,14.141368540988694,19.601465493439648,0.529769337660531,1.0,1,1.0,75.45446564407592,1,2,23.4252986907959,2.2981224060058594,30.266876220703125,27,23.67096519470215,6.735823154449463,22.2500521992821,14.697283431439228,12.865642338990185,True,True,71.17101287841797,14.061272621154785,0.2896091639995575,0.5096592307090759,0.8131226897239685,0.4824901819229126,0.34275659918785095,True,nearest_current_context_role_gap_ge_30mps;role_conflict_triggered_at_holdout_voxel,1.0,current_wind_train,-18.422765569360813,33.23554887129704,0.5669373788524215,"[{""distance_vox"": 1.0, ""source_role"": ""current_wind_train"", ""z"": 28, ""y"": 248, ""x"": 506, ""u"": -18.422765569360813, ""v"": 33.23554887129704, ""base_weight"": 0.5669373788524215, ""time_conf"": 1.0, ""qc_flags"": ""ok""}, {""distance_vox"": 1.0, ""source_role"": ""context_wind"", ""z"": 28, ""y"": 248, ""x"": 506, ""u"": 36.64801221065042, ""v"": -13.338785589701091, ""base_weight"": 0.01971866567030415, ""time_conf"": 0.4683164291168861, ""qc_flags"": ""ok""}, {""distance_vox"": 1.0, ""source_role"": ""context_wind"", ""z"": 29, ""y"": 247, ""x"": 506, ""u"": 30.73241939066215, ""v"": -24.010797537700682, ""base_weight"": 0.0201174970216487, ""time_conf"": 0.4719371563408467, ""qc_flags"": ""ok""}]",4,23.047389766302587,19.993410994744966,default_timepower15_8_4_conservative_v2,27,1205
20260207081800,gaussian,diagnostic_weighted,pydda_3dvar_proxy,diagnostic_adaptive_v3,10,5.0,2,1.0,True,False,28,398,503,22.32,113.28,14000.0,38.000432526624174,8.773091119410745,39.0,40.699981689453125,15.656876564025879,43.60764030835609,2.6995491628289514,6.883785444615134,2.6995491628289514,6.883785444615134,7.3941914858911835,0.1895946534843893,1.0,1,1.0,8.012818525556407,1,2,0.9038258790969849,0.1920318603515625,44.16792678833008,27,7.399667845831977,6.98636531829834,7.420312495710874,0.23322620928916812,0.4078261675928436,True,False,7.214744567871094,12.617229461669922,0.10701534152030945,0.9376330971717834,0.764659583568573,0.09860452264547348,0.0,False,,1.0,current_wind_train,39.21037791288247,15.05145388090263,0.5669373788524215,"[{""distance_vox"": 1.0, ""source_role"": ""current_wind_train"", ""z"": 29, ""y"": 398, ""x"": 503, ""u"": 39.21037791288247, ""v"": 15.05145388090263, ""base_weight"": 0.5669373788524215, ""time_conf"": 1.0, ""qc_flags"": ""ok""}, {""distance_vox"": 7.280109889280518, ""source_role"": ""context_wind"", ""z"": 27, ""y"": 394, ""x"": 497, ""u"": 45.39851383558621, ""v"": 12.164495119818469, ""base_weight"": 0.008504088977719398, ""time_conf"": 0.33888998062439835, ""qc_flags"": ""ok""}, {""distance_vox"": 7.681145747868608, ""source_role"": ""context_wind"", ""z"": 29, ""y"": 395, ""x"": 510, ""u"": 46.317878379141085, ""v"": 18.75127790991178, ""base_weight"": 0.16464426167195295, ""time_conf"": 0.86055143724433, ""qc_flags"": ""ok""}]",1,7.3941914858911835,7.3941914858911835,default_timepower15_8_4_conservative_v2;moderate_current_support_fresh_context_prefers_10_5,4,1239
20260211031200,gaussian,diagnostic_weighted,pydda_3dvar_proxy,diagnostic_adaptive_v3,10,5.0,2,1.0,True,False,29,319,502,28.640000000000004,113.2,14500.0,13.641180906993293,-3.149314760814109,14.0,13.207948684692383,-2.85604190826416,13.513211455432362,-0.4332322223009104,0.29327285254994884,0.4332322223009104,0.29327285254994884,0.5231626176272245,0.037368758401944605,1.0,1,1.0,2.9690378979908627,1,2,0.6463475823402405,0.0036554336547851562,14.146393775939941,27,0.7262696248513681,0.12976974248886108,0.7201815745123789,0.3964616770825123,0.3933928751383634,True,False,5.5325703620910645,12.12244701385498,0.08239796757698059,0.9612269997596741,0.7147977352142334,0.5890783071517944,0.0,False,,1.4142135623730951,current_wind_train,16.49502734669194,-4.112672225194347,0.5669373788524215,"[{""distance_vox"": 1.4142135623730951, ""source_role"": ""current_wind_train"", ""z"": 28, ""y"": 320, ""x"": 502, ""u"": 16.49502734669194, ""v"": -4.112672225194347, ""base_weight"": 0.5669373788524215, ""time_conf"": 1.0, ""qc_flags"": ""ok""}, {""distance_vox"": 1.4142135623730951, ""source_role"": ""context_wind"", ""z"": 28, ""y"": 318, ""x"": 502, ""u"": 17.738028103446833, ""v"": -6.8089910413607075, ""base_weight"": 0.03631770507712375, ""time_conf"": 0.5923182505897684, ""qc_flags"": ""ok""}, {""distance_vox"": 3.0, ""source_role"": ""context_wind"", ""z"": 26, ""y"": 319, ""x"": 502, ""u"": 16.341448830951418, ""v"": -4.68583504888899, ""base_weight"": 0.03631770507712375, ""time_conf"": 0.5923182505897684, ""qc_flags"": ""ok""}]",2,10.072477282304998,7.379093129678718,default_timepower15_8_4_conservative_v2;moderate_current_support_fresh_context_prefers_10_5,12,981
20260215142400,gaussian,diagnostic_weighted,pydda_3dvar_proxy,diagnostic_adaptive_v3,8,4.0,2,1.0,True,False,29,248,513,34.32000000000001,114.08,14500.0,10.897952290669878,15.563888841490844,19.0,13.876413345336914,12.195850372314453,18.47413363691318,2.9784610546670365,-3.3680384691763905,2.9784610546670365,3.3680384691763905,4.496099796937377,0.23663683141775665,1.0,1,1.0,0.0,0,3,4.240219593048096,0.36585044860839844,21.88588523864746,27,5.310491226337574,4.258707046508789,5.176325244766689,0.6030393883764026,0.23739275042858754,True,False,11.409682273864746,15.30907154083252,0.3990972340106964,0.09449964761734009,0.7414870858192444,0.3471989333629608,0.0,True,context_only_nearest_support,0.0,context_wind,10.897952290669878,15.563888841490844,0.10391555408794084,"[{""distance_vox"": 0.0, ""source_role"": ""context_wind"", ""z"": 29, ""y"": 248, ""x"": 513, ""u"": 10.897952290669878, ""v"": 15.563888841490844, ""base_weight"": 0.10391555408794084, ""time_conf"": 0.8874746266218656, ""qc_flags"": ""ok""}, {""distance_vox"": 1.4142135623730951, ""source_role"": ""context_wind"", ""z"": 29, ""y"": 249, ""x"": 514, ""u"": 24.756701718539254, ""v"": 3.479327524001646, ""base_weight"": 0.05756203056960029, ""time_conf"": 0.7071067811865476, ""qc_flags"": ""ok""}, {""distance_vox"": 1.7320508075688772, ""source_role"": ""context_wind"", ""z"": 28, ""y"": 249, ""x"": 512, ""u"": 18.927699263743165, ""v"": -1.6559591122054997, ""base_weight"": 0.06236225261991676, ""time_conf"": 0.7292293051358275, ""qc_flags"": ""ok""}]",4,4.267871793209877,3.432977386562679,default_timepower15_8_4_conservative_v2,28,577
20260220050600,gaussian,diagnostic_weighted,pydda_3dvar_proxy,diagnostic_adaptive_v3,8,4.0,2,1.0,True,False,28,401,444,22.080000000000005,108.56,14000.0,20.082399875223743,-6.139805799177471,20.999999999999996,20.295291900634766,-3.37266206741333,20.57361715287178,0.2128920254110227,2.7671437317641407,0.2128920254110227,2.7671437317641407,2.775321142989615,0.13215814966617218,1.0,1,1.0,0.0,0,3,0.7944037318229675,0.10133171081542969,20.89891815185547,27,3.0422223055804216,2.3519821166992188,3.044185833383248,0.49352410174933353,0.42333902629039644,False,False,0.0,15.641589164733887,0.46446165442466736,0.0,0.8232089877128601,0.34171921014785767,0.0,True,context_only_nearest_support,0.0,context_wind,19.021130325903073,-6.180339887498945,0.1256887964402692,"[{""distance_vox"": 0.0, ""source_role"": ""context_wind"", ""z"": 28, ""y"": 401, ""x"": 444, ""u"": 19.021130325903073, ""v"": -6.180339887498945, ""base_weight"": 0.1256887964402692, ""time_conf"": 0.9548416039104165, ""qc_flags"": ""ok""}, {""distance_vox"": 1.4142135623730951, ""source_role"": ""context_wind"", ""z"": 28, ""y"": 400, ""x"": 443, ""u"": 20.920088659926655, ""v"": -1.8302705977008156, ""base_weight"": 0.02689503204719665, ""time_conf"": 0.5276955701815529, ""qc_flags"": ""ok""}, {""distance_vox"": 2.23606797749979, ""source_role"": ""context_wind"", ""z"": 28, ""y"": 400, ""x"": 446, ""u"": 20.46177136048994, ""v"": -4.723972141221164, ""base_weight"": 0.1114597423975158, ""time_conf"": 0.9117224885582168, ""qc_flags"": ""ok""}]",1,2.775321142989615,2.775321142989615,default_timepower15_8_4_conservative_v2,0,603
20260128063600,gaussian,diagnostic_weighted,pydda_3dvar_proxy,diagnostic_adaptive_v3,10,5.0,2,1.0,True,False,29,396,443,22.48,108.48,14500.0,33.8289343482927,-12.312725159724083,36.0,30.554264068603516,-11.888599395751953,32.7856957889661,-3.2746702796891825,0.4241257639721301,3.2746702796891825,0.4241257639721301,3.3020218206947956,0.0917228283526332,0.7933172583580017,1,1.0,0.0,0,3,0.024473216384649277,0.004222869873046875,32.79055404663086,27,3.330652254599112,3.1667404174804688,3.3322547367233093,0.12753979733447754,0.1352814032143268,False,False,0.0,15.812119483947754,0.44480136036872864,0.0,0.7667456269264221,0.2593419849872589,0.0,True,context_only_nearest_support,2.0,context_wind,32.682897661902835,-9.37167009777798,0.09215141856530772,"[{""distance_vox"": 2.0, ""source_role"": ""context_wind"", ""z"": 29, ""y"": 394, ""x"": 443, ""u"": 32.682897661902835, ""v"": -9.37167009777798, ""base_weight"": 0.09215141856530772, ""time_conf"": 0.8473976959134202, ""qc_flags"": ""ok""}, {""distance_vox"": 3.1622776601683795, ""source_role"": ""context_wind"", ""z"": 29, ""y"": 395, ""x"": 440, ""u"": 29.233454644563235, ""v"": -13.015572578425592, ""base_weight"": 0.06688970359973628, ""time_conf"": 0.7491535384383408, ""qc_flags"": ""ok""}, {""distance_vox"": 5.0990195135927845, ""source_role"": ""context_wind"", ""z"": 29, ""y"": 401, ""x"": 444, ""u"": 30.294221822404513, ""v"": -15.435676991144586, ""base_weight"": 0.09401528072561947, ""time_conf"": 0.8539492403742903, ""qc_flags"": ""ok""}]",2,2.3920158984379216,2.0184792805559715,default_timepower15_8_4_conservative_v2;moderate_current_support_fresh_context_prefers_10_5,10,989
20260201061200,gaussian,diagnostic_weighted,pydda_3dvar_proxy,diagnostic_adaptive_v3,10,5.0,2,1.0,True,False,29,246,506,34.480000000000004,113.52000000000001,14500.0,30.000855524573932,-18.026332621851896,35.0,24.661334991455078,-9.923981666564941,26.583206271612227,-5.339520533118854,8.102350955286955,5.339520533118854,8.102350955286955,9.70353391946652,0.277243826270472,1.0,1,1.0,0.0,0,3,9.403721809387207,2.8826751708984375,35.284698486328125,27,8.277411067927325,1.5023447275161743,7.720445497796446,4.173768883272637,8.201189191950347,True,False,14.041147232055664,14.631900787353516,0.31186923384666443,0.17471086978912354,0.6231789588928223,0.38098111748695374,0.0,True,context_only_nearest_support,1.0,context_wind,30.73241939066215,-24.010797537700682,0.0072453007693241865,"[{""distance_vox"": 1.0, ""source_role"": ""context_wind"", ""z"": 29, ""y"": 247, ""x"": 506, ""u"": 30.73241939066215, ""v"": -24.010797537700682, ""base_weight"": 0.0072453007693241865, ""time_conf"": 0.3186401568298155, ""qc_flags"": ""ok""}, {""distance_vox"": 1.4142135623730951, ""source_role"": ""context_wind"", ""z"": 28, ""y"": 247, ""x"": 506, ""u"": 31.741734500904858, ""v"": -12.184510284540213, ""base_weight"": 0.041366153691338545, ""time_conf"": 0.6227248111794115, ""qc_flags"": ""ok""}, {""distance_vox"": 2.0, ""source_role"": ""context_wind"", ""z"": 29, ""y"": 248, ""x"": 506, ""u"": -17.937955949114475, ""v"": 32.36092916415764, ""base_weight"": 0.05313129696404512, ""time_conf"": 0.6856553850463664, ""qc_flags"": ""ok""}]",3,14.83665122535395,13.069173249444205,default_timepower15_8_4_conservative_v2;moderate_current_support_fresh_context_prefers_10_5,15,1312
20260207082400,gaussian,diagnostic_weighted,pydda_3dvar_proxy,diagnostic_adaptive_v3,10,5.0,2,1.0,True,False,24,257,515,33.60000000000001,114.24000000000001,12000.0,26.162950903902264,-26.162950903902253,37.0,29.862302780151367,-25.345111846923828,39.16799486655546,3.6993518762491036,0.8178390569784248,3.6993518762491036,0.8178390569784248,3.788675893689921,0.10239664577540328,1.0,1,1.0,0.0,3,0,4.911190032958984,0.9132843017578125,40.942623138427734,27,4.416722661919064,0.7790469527244568,4.416722661919064,2.8873244312378414,3.0096289409654644,True,True,15.343701362609863,10.854717254638672,0.06322547793388367,1.0,0.7893080711364746,0.4311046898365021,0.403847873210907,True,role_conflict_triggered_at_holdout_voxel,1.4142135623730951,current_wind_train,29.875733281640148,-25.06871677777503,0.5669373788524215,"[{""distance_vox"": 1.4142135623730951, ""source_role"": ""current_wind_train"", ""z"": 25, ""y"": 258, ""x"": 515, ""u"": 29.875733281640148, ""v"": -25.06871677777503, ""base_weight"": 0.5669373788524215, ""time_conf"": 1.0, ""qc_flags"": ""ok""}, {""distance_vox"": 1.7320508075688772, ""source_role"": ""current_wind_train"", ""z"": 23, ""y"": 256, ""x"": 514, ""u"": 26.096093647995467, ""v"": -28.982648193618374, ""base_weight"": 0.5669373788524215, ""time_conf"": 1.0, ""qc_flags"": ""ok""}, {""distance_vox"": 2.449489742783178, ""source_role"": ""current_wind_train"", ""z"": 23, ""y"": 255, ""x"": 514, ""u"": 25.915937682374935, ""v"": -27.791440661528487, ""base_weight"": 0.5669373788524215, ""time_conf"": 1.0, ""qc_flags"": ""ok""}]",3,3.56144700997879,3.554534877934501,default_timepower15_8_4_conservative_v2;moderate_current_support_fresh_context_prefers_10_5,16,1201
20260207082400,gaussian,diagnostic_weighted,pydda_3dvar_proxy,diagnostic_adaptive_v3,10,5.0,2,1.0,True,False,29,398,503,22.32,113.28,14500.0,39.21037791288247,15.05145388090263,42.0,40.10847854614258,11.546493530273438,41.737412044004664,0.8981006332601069,-3.504960350629192,0.8981006332601069,3.504960350629192,3.6181945507317477,0.08614748930313684,1.0,1,1.0,12.990154623239869,1,2,2.8567214012145996,0.4401893615722656,43.94135665893555,27,3.8016054453673185,2.557737350463867,3.9946842165653655,0.9459107211305218,1.0604572002678805,True,False,12.520328521728516,14.122648239135742,0.2510293424129486,0.5845676064491272,0.7883988618850708,0.1325288563966751,0.0,False,,1.0,current_wind_train,38.000432526624174,8.773091119410745,0.5669373788524215,"[{""distance_vox"": 1.0, ""source_role"": ""current_wind_train"", ""z"": 28, ""y"": 398, ""x"": 503, ""u"": 38.000432526624174, ""v"": 8.773091119410745, ""base_weight"": 0.5669373788524215, ""time_conf"": 1.0, ""qc_flags"": ""ok""}, {""distance_vox"": 7.483314773547883, ""source_role"": ""context_wind"", ""z"": 27, ""y"": 394, ""x"": 497, ""u"": 45.39851383558621, ""v"": 12.16449511981847, ""base_weight"": 0.009030609475564362, ""time_conf"": 0.34681115843030214, ""qc_flags"": ""ok""}, {""distance_vox"": 7.615773105863909, ""source_role"": ""context_wind"", ""z"": 29, ""y"": 395, ""x"": 510, ""u"": 46.317878379141085, ""v"": 18.75127790991178, ""base_weight"": 0.15504484550215833, ""time_conf"": 0.8408964152537145, ""qc_flags"": ""ok""}]",3,3.56144700997879,3.554534877934501,default_timepower15_8_4_conservative_v2;moderate_current_support_fresh_context_prefers_10_5,16,1201
20260211092400,gaussian,diagnostic_weighted,pydda_3dvar_proxy,diagnostic_adaptive_v3,10,5.0,2,1.0,True,False,29,245,475,34.56,111.03999999999999,14500.0,19.225233918766374,-5.5127471163399875,20.0,19.781892776489258,-6.757107734680176,20.9041093270819,0.5566588577228835,-1.2443606183401883,0.5566588577228835,1.2443606183401883,1.3631956691382647,0.06815978345691323,1.0,1,1.0,2.4786358690527,1,2,1.1188883781433105,0.1580047607421875,21.54376792907715,27,1.5782694728286177,0.7472299933433533,1.592134511377007,0.6816732446846457,0.6159656757949115,True,False,2.805605411529541,15.818157196044922,0.49063369631767273,0.16964247822761536,0.9771599769592285,0.5565773844718933,0.0,False,,1.0,context_wind,18.27090915285202,-8.134732861515996,0.13347066794333667,"[{""distance_vox"": 1.0, ""source_role"": ""context_wind"", ""z"": 29, ""y"": 246, ""x"": 475, ""u"": 18.27090915285202, ""v"": -8.134732861515996, ""base_weight"": 0.13347066794333667, ""time_conf"": 0.9771599684342459, ""qc_flags"": ""ok""}, {""distance_vox"": 2.0, ""source_role"": ""context_wind"", ""z"": 29, ""y"": 247, ""x"": 475, ""u"": 20.082399875223743, ""v"": -6.139805799177471, ""base_weight"": 0.13347066794333667, ""time_conf"": 0.9771599684342459, ""qc_flags"": ""ok""}, {""distance_vox"": 2.23606797749979, ""source_role"": ""current_wind_train"", ""z"": 27, ""y"": 244, ""x"": 475, ""u"": 20.673237657289985, ""v"": -7.524443153164718, ""base_weight"": 0.5669373788524215, ""time_conf"": 1.0, ""qc_flags"": ""ok""}]",2,5.014629039716314,4.161350210082906,default_timepower15_8_4_conservative_v2;moderate_current_support_fresh_context_prefers_10_5,13,863
20260124070600,gaussian,diagnostic_weighted,pydda_3dvar_proxy,diagnostic_adaptive_v3,8,4.0,2,1.0,True,False,25,249,517,34.24,114.4,12500.0,17.583991597517077,-3.8446466158763024,17.999390770315543,17.874462127685547,-2.957742691040039,18.117522959291804,0.29047053016847,0.8869039248362633,0.29047053016847,0.8869039248362633,0.933258646242466,0.05184945747061556,1.0,3,1.0,35.97696344202475,2,1,0.3358263373374939,0.09588623046875,18.162187576293945,27,1.0008764443574127,0.6454930901527405,1.0008764443574127,0.22457847519410803,0.28776555608972554,True,True,18.98164176940918,10.815889358520508,0.05000000074505806,1.0,0.6942085027694702,1.6554185152053833,1.5726475715637207,True,nearest_current_context_role_gap_ge_30mps;role_conflict_triggered_at_holdout_voxel,0.0,context_wind,-12.146153727102517,16.38067652996811,0.11680553940151633,"[{""distance_vox"": 0.0, ""source_role"": ""context_wind"", ""z"": 25, ""y"": 249, ""x"": 517, ""u"": -12.146153727102517, ""v"": 16.38067652996811, ""base_weight"": 0.11680553940151633, ""time_conf"": 0.6753625480477073, ""qc_flags"": ""ok""}, {""distance_vox"": 1.0, ""source_role"": ""current_wind_train"", ""z"": 25, ""y"": 249, ""x"": 516, ""u"": 18.16591331013174, ""v"": -2.453183732783233, ""base_weight"": 1.2642411176571153, ""time_conf"": 1.0, ""qc_flags"": ""ok""}, {""distance_vox"": 1.0, ""source_role"": ""current_wind_train"", ""z"": 25, ""y"": 249, ""x"": 518, ""u"": 17.572658989671368, ""v"": -3.895764706454619, ""base_weight"": 0.973165761934816, ""time_conf"": 1.0, ""qc_flags"": ""ok""}]",3,6.883227854682982,5.5658513380955315,default_timepower15_8_4_conservative_v2,14,547
20260124070600,gaussian,diagnostic_weighted,pydda_3dvar_proxy,diagnostic_adaptive_v3,8,4.0,2,1.0,True,False,28,298,529,30.32,115.36,14000.0,12.036300463040966,-15.972710200945857,20.0,18.20823097229004,-7.11197566986084,19.547886665032483,6.171930509249073,8.860734531085017,6.171930509249073,8.860734531085017,10.798395373450722,0.5399197686725361,0.25395822525024414,1,1.0,0.0,0,3,0.1386537402868271,0.06901931762695312,19.54850196838379,27,10.773468158863208,10.12475872039795,10.827994444052118,0.29572827493588494,0.6736366530527729,False,False,0.0,15.391350746154785,0.33459407091140747,0.0,0.5634738206863403,0.02521284483373165,0.0,True,context_only_nearest_support,1.7320508075688772,context_wind,18.367013849927307,-10.181002025173083,0.0385662723496315,"[{""distance_vox"": 1.7320508075688772, ""source_role"": ""context_wind"", ""z"": 27, ""y"": 299, ""x"": 528, ""u"": 18.367013849927307, ""v"": -10.181002025173083, ""base_weight"": 0.0385662723496315, ""time_conf"": 0.6061630334067722, ""qc_flags"": ""ok""}, {""distance_vox"": 3.0, ""source_role"": ""context_wind"", ""z"": 27, ""y"": 300, ""x"": 527, ""u"": 15.542919229139411, ""v"": 12.586407820996756, ""base_weight"": 0.004952499027332987, ""time_conf"": 0.27526419886328574, ""qc_flags"": ""ok""}, {""distance_vox"": 6.164414002968976, ""source_role"": ""context_wind"", ""z"": 27, ""y"": 299, ""x"": 523, ""u"": 21.276290347381497, ""v"": 16.622859833792766, ""base_weight"": 0.004710677183974055, ""time_conf"": 0.2700149347230765, ""qc_flags"": ""ok""}]",3,6.883227854682982,5.5658513380955315,default_timepower15_8_4_conservative_v2,14,547
20260128091200,gaussian,diagnostic_weighted,pydda_3dvar_proxy,diagnostic_adaptive_v3,8,4.0,2,1.0,True,False,26,238,507,35.120000000000005,113.6,13000.0,36.64801221065042,-13.338785589701091,39.0,34.997825622558594,-16.45809555053711,38.67449686107924,-1.6501865880918274,-3.119309960836018,1.6501865880918274,3.119309960836018,3.5289106544780853,0.09048488857636117,1.0,1,1.0,13.2027240860086,1,2,6.9147748947143555,1.5240554809570312,43.357513427734375,27,4.423650988826045,3.4861671924591064,4.4195524305720175,0.7395952982202885,0.04274346201897883,True,False,4.063625812530518,13.154867172241211,0.20083357393741608,0.41330623626708984,0.6195529699325562,0.18026183545589447,0.0,False,,0.0,context_wind,44.60560506410918,-24.7252906325632,0.021795138547580094,"[{""distance_vox"": 0.0, ""source_role"": ""context_wind"", ""z"": 26, ""y"": 238, ""x"": 507, ""u"": 44.60560506410918, ""v"": -24.7252906325632, ""base_weight"": 0.021795138547580094, ""time_conf"": 0.4867021696620117, ""qc_flags"": ""ok""}, {""distance_vox"": 1.4142135623730951, ""source_role"": ""current_wind_train"", ""z"": 25, ""y"": 238, ""x"": 508, ""u"": 34.15417375936835, ""v"": -16.658103577984942, ""base_weight"": 0.5669373788524215, ""time_conf"": 1.0, ""qc_flags"": ""ok""}, {""distance_vox"": 1.4142135623730951, ""source_role"": ""context_wind"", ""z"": 26, ""y"": 239, ""x"": 508, ""u"": 27.985587173162067, ""v"": -17.487335719695754, ""base_weight"": 0.005755029639125293, ""time_conf"": 0.29163225989402913, ""qc_flags"": ""ok""}]",6,3.421226369759455,3.185592693436025,default_timepower15_8_4_conservative_v2,37,975
20260128091200,gaussian,diagnostic_weighted,pydda_3dvar_proxy,diagnostic_adaptive_v3,8,4.0,2,1.0,True,False,29,253,487,33.92,112.0,14500.0,-26.045511066045254,21.85477872934234,34.0,-26.448577880859375,20.38178062438965,33.39078096332323,-0.403066814814121,-1.4729981049526906,0.403066814814121,1.4729981049526906,1.5271497223254236,0.04491616830368893,1.0,1,1.0,59.50094407847706,2,1,2.342886209487915,0.15784835815429688,35.566165924072266,27,2.3454997848581383,1.5191963911056519,2.236564988637773,0.6349758817905234,0.007953331219771709,True,True,63.90533447265625,14.275690078735352,0.21523535251617432,0.4109864830970764,0.5953041315078735,0.07201685011386871,0.05651627853512764,True,nearest_current_context_role_gap_ge_30mps;role_conflict_triggered_at_holdout_voxel,1.4142135623730951,current_wind_train,-28.31559480312316,20.572483830236557,0.5669373788524215,"[{""distance_vox"": 1.4142135623730951, ""source_role"": ""current_wind_train"", ""z"": 28, ""y"": 253, ""x"": 488, ""u"": -28.31559480312316, ""v"": 20.572483830236557, ""base_weight"": 0.5669373788524215, ""time_conf"": 1.0, ""qc_flags"": ""ok""}, {""distance_vox"": 2.449489742783178, ""source_role"": ""current_wind_train"", ""z"": 27, ""y"": 252, ""x"": 488, ""u"": -30.742645786248005, ""v"": 22.335839587113973, ""base_weight"": 0.5669373788524215, ""time_conf"": 1.0, ""qc_flags"": ""ok""}, {""distance_vox"": 3.3166247903554, ""source_role"": ""context_wind"", ""z"": 28, ""y"": 252, ""x"": 490, ""u"": 25.6994902937195, ""v"": 3.5037493961530832, ""base_weight"": 0.03997422025917312, ""time_conf"": 0.5316982960174071, ""qc_flags"": ""ok""}]",6,3.421226369759455,3.185592693436025,default_timepower15_8_4_conservative_v2,37,975
20260207131800,gaussian,diagnostic_weighted,pydda_3dvar_proxy,diagnostic_adaptive_v3,8,4.0,2,1.0,True,False,29,358,468,25.520000000000003,110.47999999999999,14500.0,38.99406011109926,-0.680643851054042,39.0,33.32487487792969,3.167351245880127,33.47505637851037,-5.669185233169571,3.847995096934169,5.669185233169571,3.847995096934169,6.85176820054629,0.17568636411657154,1.0,1,1.0,10.710982459610381,1,2,1.1504427194595337,0.050769805908203125,34.369998931884766,27,6.763225996935809,5.475046157836914,7.03496236897042,0.8429935323257073,1.3767220427093756,True,False,9.168096542358398,13.032793998718262,0.11039607971906662,0.8035227060317993,0.660400927066803,0.07977334409952164,0.0,False,,1.0,current_wind_train,31.761476852522307,3.8998189889647095,0.5669373788524215,"[{""distance_vox"": 1.0, ""source_role"": ""current_wind_train"", ""z"": 28, ""y"": 358, ""x"": 468, ""u"": 31.761476852522307, ""v"": 3.8998189889647095, ""base_weight"": 0.5669373788524215, ""time_conf"": 1.0, ""qc_flags"": ""ok""}, {""distance_vox"": 1.4142135623730951, ""source_role"": ""context_wind"", ""z"": 29, ""y"": 357, ""x"": 467, ""u"": 38.99406011109926, ""v"": -0.680643851054042, ""base_weight"": 0.052601993873566906, ""time_conf"": 0.6830201283771977, ""qc_flags"": ""ok""}, {""distance_vox"": 1.4142135623730951, ""source_role"": ""context_wind"", ""z"": 28, ""y"": 358, ""x"": 467, ""u"": 41.993603196568436, ""v"": 0.7330010703659069, ""base_weight"": 0.04348967843048643, ""time_conf"": 0.6348309823580358, ""qc_flags"": ""ok""}]",3,5.35471908890356,4.966558295504094,default_timepower15_8_4_conservative_v2,21,1049
20260211102400,gaussian,diagnostic_weighted,pydda_3dvar_proxy,diagnostic_adaptive_v3,8,4.0,2,1.0,True,False,26,321,506,28.480000000000004,113.52000000000001,13000.0,14.888192274619831,1.8280401510772075,15.0,16.19012451171875,1.7462611198425293,16.284027745113615,1.301932237098919,-0.08177903123467822,1.301932237098919,0.08177903123467822,1.3044981256970354,0.0869665417131357,1.0,1,1.0,6.387697051455231,1,2,1.6124316453933716,0.3036174774169922,17.24150848388672,27,1.3927837207361504,0.16625432670116425,1.3927837207361504,0.8549706391944438,1.1382437989958711,True,False,4.530725479125977,11.17020034790039,0.05000000074505806,1.0,0.7182424664497375,0.7698503136634827,0.0,False,,0.0,context_wind,18.98842571336282,0.6630904373475144,0.10084071689825821,"[{""distance_vox"": 0.0, ""source_role"": ""context_wind"", ""z"": 26, ""y"": 321, ""x"": 506, ""u"": 18.98842571336282, ""v"": 0.6630904373475144, ""base_weight"": 0.10084071689825821, ""time_conf"": 0.8772811111231658, ""qc_flags"": ""ok""}, {""distance_vox"": 1.0, ""source_role"": ""current_wind_train"", ""z"": 25, ""y"": 321, ""x"": 506, ""u"": 13.457663743136466, ""v"": 3.8589229814379844, ""base_weight"": 0.5669373788524215, ""time_conf"": 1.0, ""qc_flags"": ""ok""}, {""distance_vox"": 1.0, ""source_role"": ""context_wind"", ""z"": 26, ""y"": 320, ""x"": 506, ""u"": 15.527140984354958, ""v"": -0.21586794326814696, ""base_weight"": 0.027737325079811137, ""time_conf"": 0.5177848198356323, ""qc_flags"": ""ok""}]",3,3.4180990094355455,3.154711766924993,default_timepower15_8_4_conservative_v2,21,819
20260211102400,gaussian,diagnostic_weighted,pydda_3dvar_proxy,diagnostic_adaptive_v3,8,4.0,2,1.0,True,False,29,327,491,28.000000000000004,112.32,14500.0,22.996496988597,0.40140534805752043,23.0,19.50265884399414,2.1535654067993164,19.621201439936993,-3.493838144602858,1.752160058741796,3.493838144602858,1.752160058741796,3.9085764482906042,0.16993810644741758,1.0,1,1.0,0.0,0,3,0.6032024025917053,0.00824737548828125,19.62482261657715,27,4.014375103844537,3.554213523864746,4.014375103844537,0.24081089311231446,0.35436292442585815,True,False,2.351921319961548,12.100812911987305,0.08655175566673279,1.0,0.7502464056015015,0.6429681181907654,0.0,True,context_only_nearest_support,0.0,context_wind,20.601027826208252,5.539099360690643,0.06384278561829897,"[{""distance_vox"": 0.0, ""source_role"": ""context_wind"", ""z"": 29, ""y"": 327, ""x"": 491, ""u"": 20.601027826208252, ""v"": 5.539099360690643, ""base_weight"": 0.06384278561829897, ""time_conf"": 0.6794723409291694, ""qc_flags"": ""ok""}, {""distance_vox"": 1.0, ""source_role"": ""context_wind"", ""z"": 29, ""y"": 327, ""x"": 492, ""u"": 20.996801598284218, ""v"": 0.36650053518295345, ""base_weight"": 0.08765182638313541, ""time_conf"": 0.8312378961427878, ""qc_flags"": ""ok""}, {""distance_vox"": 1.0, ""source_role"": ""context_wind"", ""z"": 29, ""y"": 327, ""x"": 490, ""u"": 21.986598194420107, ""v"": 0.7677889274550167, ""base_weight"": 0.08765182638313541, ""time_conf"": 0.8312378961427878, ""qc_flags"": ""ok""}]",3,3.4180990094355455,3.154711766924993,default_timepower15_8_4_conservative_v2,21,819
20260216015400,gaussian,diagnostic_weighted,pydda_3dvar_proxy,diagnostic_adaptive_v3,10,5.0,2,1.0,True,False,29,387,487,23.200000000000003,112.0,14500.0,33.80118193277624,15.049255793804603,37.0,0.0,0.0,0.0,-33.80118193277624,-15.049255793804603,33.80118193277624,15.049255793804603,37.0,1.0,0.0,1,1.0,0.0,0,3,0.0,0.0,0.0,0,nan,nan,nan,nan,nan,False,False,0.0,17.325000762939453,0.5614285469055176,0.0,1.0,0.0,0.0,True,high_vector_error_ge_30mps;near_zero_reconstruction_confidence;remote_nearest_training_support;context_only_nearest_support,19.339079605813716,context_wind,24.5406795861916,4.770224884413615,0.004525749368407401,"[{""distance_vox"": 19.339079605813716, ""source_role"": ""context_wind"", ""z"": 23, ""y"": 380, ""x"": 504, ""u"": 24.5406795861916, ""v"": 4.770224884413615, ""base_weight"": 0.004525749368407401, ""time_conf"": 0.2658876897344409, ""qc_flags"": ""ok""}, {""distance_vox"": 24.859605789312106, ""source_role"": ""context_wind"", ""z"": 22, ""y"": 374, ""x"": 507, ""u"": 21.72914349309303, ""v"": -3.4415582308850747, ""base_weight"": 0.10185541803731726, ""time_conf"": 0.8806658735961485, ""qc_flags"": ""ok""}, {""distance_vox"": 25.079872407968907, ""source_role"": ""context_wind"", ""z"": 29, ""y"": 377, ""x"": 510, ""u"": 35.92970587277404, ""v"": 12.371589869371952, ""base_weight"": 0.09123339033287861, ""time_conf"": 0.8441407967796914, ""qc_flags"": ""ok""}]",3,29.00541123866669,26.92174805069419,default_timepower15_8_4_conservative_v2;moderate_current_support_fresh_context_prefers_10_5,14,533
20260220060600,gaussian,diagnostic_weighted,pydda_3dvar_proxy,diagnostic_adaptive_v3,10,5.0,2,1.0,True,False,25,250,498,34.160000000000004,112.88,12500.0,22.516660498395403,-13.000000000000004,26.0,24.446619033813477,-13.092863082885742,27.731935487657612,1.9299585354180735,-0.09286308288573863,1.9299585354180735,0.09286308288573863,1.932191372663722,0.07431505279475854,1.0,1,1.0,0.0,0,3,2.1573004722595215,0.6519966125488281,29.702747344970703,27,2.4229156087946007,0.5446964502334595,2.4229156087946007,1.3718991575338622,1.3874949224302626,True,False,4.57785701751709,13.667941093444824,0.30833303928375244,0.2275993674993515,0.7216998934745789,0.5483558177947998,0.0,True,context_only_nearest_support,1.4142135623730951,context_wind,18.238826596210917,-12.302243876356435,0.054751377551194726,"[{""distance_vox"": 1.4142135623730951, ""source_role"": ""context_wind"", ""z"": 25, ""y"": 249, ""x"": 499, ""u"": 18.238826596210917, ""v"": -12.302243876356435, ""base_weight"": 0.054751377551194726, ""time_conf"": 0.6936223168606043, ""qc_flags"": ""ok""}, {""distance_vox"": 2.0, ""source_role"": ""context_wind"", ""z"": 23, ""y"": 250, ""x"": 498, ""u"": 34.36935116692839, ""v"": -18.32975178735752, ""base_weight"": 0.03457424204060309, ""time_conf"": 0.5339181189230713, ""qc_flags"": ""ok""}, {""distance_vox"": 2.23606797749979, ""source_role"": ""context_wind"", ""z"": 27, ""y"": 249, ""x"": 498, ""u"": 17.80901001928495, ""v"": -11.128304548897297, ""base_weight"": 0.054751377551194726, ""time_conf"": 0.6936223168606043, ""qc_flags"": ""ok""}]",1,1.932191372663722,1.932191372663722,default_timepower15_8_4_conservative_v2;moderate_current_support_fresh_context_prefers_10_5,3,606
20260124121200,gaussian,diagnostic_weighted,pydda_3dvar_proxy,diagnostic_adaptive_v3,10,5.0,2,1.0,True,False,29,328,485,27.920000000000005,111.84,14500.0,28.522794363147646,26.597936042437446,39.0,22.625282287597656,33.49855041503906,40.42346198066655,-5.89751207554999,6.900614372601616,5.89751207554999,6.900614372601616,9.077396510047027,0.23275375666787249,0.6717920303344727,1,1.0,0.0,0,3,1.8632073402404785,0.22684478759765625,42.080116271972656,27,9.173102449487757,7.468298435211182,9.422088824927096,1.028543585980488,1.6090980748358454,False,False,0.0,16.355562210083008,0.5052319765090942,0.0,0.8876068592071533,0.1107168197631836,0.0,True,context_only_nearest_support,5.916079783099616,context_wind,23.176713370952438,38.572528531595054,0.12075461104417032,"[{""distance_vox"": 5.916079783099616, ""source_role"": ""context_wind"", ""z"": 28, ""y"": 323, ""x"": 488, ""u"": 23.176713370952438, ""v"": 38.572528531595054, ""base_weight"": 0.12075461104417032, ""time_conf"": 0.9402466140861618, ""qc_flags"": ""ok""}, {""distance_vox"": 6.324555320336759, ""source_role"": ""context_wind"", ""z"": 29, ""y"": 322, ""x"": 487, ""u"": 22.367716138829866, ""v"": 33.161502902201676, ""base_weight"": 0.12075461104417032, ""time_conf"": 0.9402466140861618, ""qc_flags"": ""ok""}, {""distance_vox"": 7.810249675906654, ""source_role"": ""context_wind"", ""z"": 29, ""y"": 333, ""x"": 491, ""u"": 16.216594200651652, ""v"": 24.042089604096212, ""base_weight"": 0.02884759043113594, ""time_conf"": 0.5421134351507092, ""qc_flags"": ""ok""}]",2,16.196957810013163,15.0539699728404,default_timepower15_8_4_conservative_v2;moderate_current_support_fresh_context_prefers_10_5,7,435
20260201110600,gaussian,diagnostic_weighted,pydda_3dvar_proxy,diagnostic_adaptive_v3,8,4.0,2,1.0,True,False,29,392,514,22.800000000000004,114.16,14500.0,41.84490382318207,-6.374312347872208,42.327624949666074,40.4390869140625,-7.11640739440918,41.06047983945515,-1.4058169091195722,-0.7420950465369716,1.4058169091195722,0.7420950465369716,1.5896623037806543,0.03755614225156744,1.0,3,1.0,3.315969041689395,1,2,0.19192449748516083,0.06128692626953125,41.120361328125,27,1.6244768963919745,1.4782180786132812,1.6244768963919745,0.0913400185380958,0.11144422516737307,True,False,3.597801685333252,11.694398880004883,0.05000000074505806,1.0,0.6270902156829834,0.38249143958091736,0.0,False,,0.0,context_wind,38.147756428618415,-8.108555941892618,0.05051934314178986,"[{""distance_vox"": 0.0, ""source_role"": ""context_wind"", ""z"": 29, ""y"": 392, ""x"": 514, ""u"": 38.147756428618415, ""v"": -8.108555941892618, ""base_weight"": 0.05051934314178986, ""time_conf"": 0.5463047142754377, ""qc_flags"": ""ok""}, {""distance_vox"": 1.0, ""source_role"": ""current_wind_train"", ""z"": 29, ""y"": 391, ""x"": 514, ""u"": 41.36192562651274, ""v"": -7.293223462011059, ""base_weight"": 0.5669373788524215, ""time_conf"": 1.0, ""qc_flags"": ""ok""}, {""distance_vox"": 1.0, ""source_role"": ""context_wind"", ""z"": 29, ""y"": 391, ""x"": 514, ""u"": 38.147756428618415, ""v"": -8.108555941892618, ""base_weight"": 0.02943106416445303, ""time_conf"": 0.5463047142754377, ""qc_flags"": ""ok""}]",3,4.037262795444012,3.6487314782574223,default_timepower15_8_4_conservative_v2,20,1079
20260203231200,gaussian,diagnostic_weighted,pydda_3dvar_proxy,diagnostic_adaptive_v3,10,5.0,2,1.0,True,False,29,238,510,35.120000000000005,113.84,14500.0,29.544232590366242,-5.209445330007899,29.999999999999996,25.66243553161621,-5.7063469886779785,26.289218196240686,-3.8817970587500312,-0.4969016586700796,3.8817970587500312,0.4969016586700796,3.9134715616329023,0.13044905205443008,1.0,1,1.0,0.0,3,0,5.9717793464660645,2.0315208435058594,27.83295440673828,27,5.545370410989832,3.2140486240386963,4.849253613545004,2.7896451773755992,0.699422937594206,True,True,22.736221313476562,13.298736572265625,0.19585824012756348,0.6233211755752563,0.7051841616630554,0.17755694687366486,0.14278095960617065,True,role_conflict_triggered_at_holdout_voxel,1.4142135623730951,current_wind_train,27.282361813986586,-6.298629521628218,0.5669373788524215,"[{""distance_vox"": 1.4142135623730951, ""source_role"": ""current_wind_train"", ""z"": 28, ""y"": 239, ""x"": 510, ""u"": 27.282361813986586, ""v"": -6.298629521628218, ""base_weight"": 0.5669373788524215, ""time_conf"": 1.0, ""qc_flags"": ""ok""}, {""distance_vox"": 2.23606797749979, ""source_role"": ""current_wind_train"", ""z"": 27, ""y"": 239, ""x"": 510, ""u"": 26.915327486272925, ""v"": -7.717845962875983, ""base_weight"": 0.5669373788524215, ""time_conf"": 1.0, ""qc_flags"": ""ok""}, {""distance_vox"": 3.1622776601683795, ""source_role"": ""current_wind_train"", ""z"": 26, ""y"": 239, ""x"": 510, ""u"": 26.694640750120776, ""v"": -11.33120272618893, ""base_weight"": 0.5669373788524215, ""time_conf"": 1.0, ""qc_flags"": ""ok""}]",2,3.7868348255101196,3.784642803047276,default_timepower15_8_4_conservative_v2;moderate_current_support_fresh_context_prefers_10_5,10,492
20260216073600,gaussian,diagnostic_weighted,pydda_3dvar_proxy,diagnostic_adaptive_v3,8,4.0,2,1.0,True,False,24,237,507,35.2,113.6,12000.0,-8.698697882665158,9.660882731206122,12.999999999999998,-8.33997917175293,8.171984672546387,11.676325880755716,0.3587187109122283,-1.4888980586597356,0.3587187109122283,1.4888980586597356,1.5315014014486765,0.11780780011143667,1.0,1,1.0,11.834152273714096,1,2,3.7346584796905518,0.14974212646484375,15.28133487701416,27,2.9664815266927085,1.3522902727127075,2.9664815266927085,1.5286556854003461,0.179211128735969,True,True,16.766002655029297,10.53411865234375,0.05000000074505806,1.0,0.5744843482971191,0.11849130690097809,0.112566739320755,True,role_conflict_triggered_at_holdout_voxel,1.0,current_wind_train,-7.372368398600925,5.162187927159415,0.5669373788524215,"[{""distance_vox"": 1.0, ""source_role"": ""current_wind_train"", ""z"": 23, ""y"": 237, ""x"": 507, ""u"": -7.372368398600925, ""v"": 5.162187927159415, ""base_weight"": 0.5669373788524215, ""time_conf"": 1.0, ""qc_flags"": ""ok""}, {""distance_vox"": 1.0, ""source_role"": ""context_wind"", ""z"": 23, ""y"": 237, ""x"": 507, ""u"": 1.5760215072134436, ""v"": -1.231322950651317, ""base_weight"": 0.01748634292221353, ""time_conf"": 0.4471680103155664, ""qc_flags"": ""ok""}, {""distance_vox"": 1.0, ""source_role"": ""context_wind"", ""z"": 24, ""y"": 237, ""x"": 506, ""u"": 1.6334149648174565, ""v"": -2.5152482366018436, ""base_weight"": 0.0300158551334099, ""time_conf"": 0.4471680103155664, ""qc_flags"": ""ok""}]",4,2.0301050945880346,2.0061947406696468,default_timepower15_8_4_conservative_v2,23,764
20260216073600,gaussian,diagnostic_weighted,pydda_3dvar_proxy,diagnostic_adaptive_v3,8,4.0,2,1.0,True,False,29,357,461,25.6,109.92,14500.0,45.79539304490605,10.572699554161668,47.0,47.43380355834961,9.362542152404785,48.34897016036284,1.63841051344356,-1.2101574017568826,1.63841051344356,1.2101574017568826,2.036877499406717,0.04333781913631313,0.0818173959851265,1,1.0,20.013976700939068,1,2,10.755452156066895,4.5207366943359375,50.05178451538086,27,5.059238451498526,1.8737343549728394,7.792975009575173,3.230433017316996,0.16314314443387756,False,False,0.0,15.666679382324219,0.3199499547481537,0.0,0.5170428156852722,0.017518773674964905,0.0,False,,3.1622776601683795,current_wind_train,33.48346360241507,5.904038040675632,0.5669373788524215,"[{""distance_vox"": 3.1622776601683795, ""source_role"": ""current_wind_train"", ""z"": 26, ""y"": 358, ""x"": 461, ""u"": 33.48346360241507, ""v"": 5.904038040675632, ""base_weight"": 0.5669373788524215, ""time_conf"": 1.0, ""qc_flags"": ""ok""}, {""distance_vox"": 5.196152422706632, ""source_role"": ""context_wind"", ""z"": 28, ""y"": 356, ""x"": 466, ""u"": 53.007867906173864, ""v"": 10.30368575033341, ""base_weight"": 0.008170242582261792, ""time_conf"": 0.33370996354250854, ""qc_flags"": ""ok""}, {""distance_vox"": 6.164414002968976, ""source_role"": ""context_wind"", ""z"": 28, ""y"": 358, ""x"": 467, ""u"": 48.09973198893554, ""v"": 9.349640773450686, ""base_weight"": 0.014029375776883833, ""time_conf"": 0.4108451572928951, ""qc_flags"": ""ok""}]",4,2.0301050945880346,2.0061947406696468,default_timepower15_8_4_conservative_v2,23,764
20260220071800,gaussian,diagnostic_weighted,pydda_3dvar_proxy,diagnostic_adaptive_v3,8,4.0,2,1.0,True,False,28,389,434,23.04,107.75999999999999,14000.0,27.580638972559456,-8.96149283687347,29.0,22.923870086669922,-10.134869575500488,25.06430531778061,-4.656768885889534,-1.1733767386270184,4.656768885889534,1.1733767386270184,4.802323336400812,0.16559735642761422,0.33648908138275146,1,1.0,0.0,0,3,2.362710475921631,0.12586593627929688,27.145051956176758,27,4.603058473931418,0.3284061849117279,4.463156499276975,1.7116965292478994,4.4739171514890845,False,False,0.0,15.252717971801758,0.32340317964553833,0.0,0.541092038154602,0.061933595687150955,0.0,True,context_only_nearest_support,1.0,context_wind,28.761409481573345,-14.027876697250477,0.01114370210222811,"[{""distance_vox"": 1.0, ""source_role"": ""context_wind"", ""z"": 28, ""y"": 390, ""x"": 434, ""u"": 28.761409481573345, ""v"": -14.027876697250477, ""base_weight"": 0.01114370210222811, ""time_conf"": 0.3760219768904959, ""qc_flags"": ""ok""}, {""distance_vox"": 1.4142135623730951, ""source_role"": ""context_wind"", ""z"": 27, ""y"": 390, ""x"": 434, ""u"": 29.137270564344593, ""v"": -15.492561571934385, ""base_weight"": 0.01114370210222811, ""time_conf"": 0.3760219768904959, ""qc_flags"": ""ok""}, {""distance_vox"": 4.123105625617661, ""source_role"": ""context_wind"", ""z"": 28, ""y"": 393, ""x"": 435, ""u"": 14.937286823955228, ""v"": -5.733887192724806, ""base_weight"": 0.01731214097573832, ""time_conf"": 0.44544935907016964, ""qc_flags"": ""ok""}]",1,4.802323336400812,4.802323336400812,default_timepower15_8_4_conservative_v2,1,594
20260124121800,gaussian,diagnostic_weighted,pydda_3dvar_proxy,diagnostic_adaptive_v3,10,5.0,2,1.0,True,False,29,393,509,22.720000000000006,113.76,14500.0,12.968332653377717,-0.9068341586736278,13.000000000000002,12.673309326171875,-3.173898696899414,13.064700617121497,-0.29502332720584157,-2.267064538225786,0.29502332720584157,2.267064538225786,2.2861803043671998,0.1758600234128615,1.0,1,1.0,60.19154346163034,1,2,0.8560768961906433,0.11177635192871094,13.190773963928223,27,2.812733667868155,2.0925395488739014,2.812733667868155,0.4361229466786147,0.1936407554932984,True,True,39.82338333129883,12.507685661315918,0.10381174087524414,1.0,0.7847663760185242,0.09552305936813354,0.0856066420674324,True,nearest_current_context_role_gap_ge_30mps;role_conflict_triggered_at_holdout_voxel,1.0,current_wind_train,12.76115338481963,-2.4805169398950864,0.5669373788524215,"[{""distance_vox"": 1.0, ""source_role"": ""current_wind_train"", ""z"": 29, ""y"": 392, ""x"": 509, ""u"": 12.76115338481963, ""v"": -2.4805169398950864, ""base_weight"": 0.5669373788524215, ""time_conf"": 1.0, ""qc_flags"": ""ok""}, {""distance_vox"": 4.123105625617661, ""source_role"": ""context_wind"", ""z"": 29, ""y"": 392, ""x"": 513, ""u"": 3.244829287062551, ""v"": -61.91503115478358, ""base_weight"": 0.09123339033287861, ""time_conf"": 0.8441407967796914, ""qc_flags"": ""ok""}, {""distance_vox"": 7.615773105863909, ""source_role"": ""context_wind"", ""z"": 29, ""y"": 390, ""x"": 516, ""u"": 15.939115169467929, ""v"": -1.394491883962526, ""base_weight"": 0.06362359666322837, ""time_conf"": 0.7348672461377994, ""qc_flags"": ""ok""}]",2,1.9253668312167904,1.882592431663364,default_timepower15_8_4_conservative_v2;moderate_current_support_fresh_context_prefers_10_5,10,431
20260129084200,gaussian,diagnostic_weighted,pydda_3dvar_proxy,diagnostic_adaptive_v3,8,4.0,2,1.0,True,False,26,242,511,34.8,113.92,13000.0,20.801408663184972,7.162499398057446,22.000000000000004,20.62321662902832,14.810347557067871,25.390223687257592,-0.17819203415665186,7.647848159010425,0.17819203415665186,7.647848159010425,7.649923781601751,0.34772380825462496,1.0,1,1.0,0.0,3,0,7.838991165161133,1.6928176879882812,29.79753875732422,27,8.076657047978154,5.07588005065918,8.076657047978154,1.5779380186265135,2.574043730942571,True,False,11.099037170410156,12.281705856323242,0.13305217027664185,0.6950811147689819,0.6812325716018677,0.15691326558589935,0.0,False,,1.0,current_wind_train,27.113210921321276,15.029098227636442,0.5669373788524215,"[{""distance_vox"": 1.0, ""source_role"": ""current_wind_train"", ""z"": 27, ""y"": 242, ""x"": 511, ""u"": 27.113210921321276, ""v"": 15.029098227636442, ""base_weight"": 0.5669373788524215, ""time_conf"": 1.0, ""qc_flags"": ""ok""}, {""distance_vox"": 2.0, ""source_role"": ""current_wind_train"", ""z"": 24, ""y"": 242, ""x"": 511, ""u"": 13.965896703637538, ""v"": 0.9765906324177581, ""base_weight"": 0.5669373788524215, ""time_conf"": 1.0, ""qc_flags"": ""ok""}, {""distance_vox"": 3.1622776601683795, ""source_role"": ""current_wind_train"", ""z"": 29, ""y"": 241, ""x"": 511, ""u"": 27.98783062846067, ""v"": 15.513907847882779, ""base_weight"": 0.5669373788524215, ""time_conf"": 1.0, ""qc_flags"": ""ok""}]",5,6.078200446178097,5.903676589741325,default_timepower15_8_4_conservative_v2,29,727
20260129084200,gaussian,diagnostic_weighted,pydda_3dvar_proxy,diagnostic_adaptive_v3,8,4.0,2,1.0,True,False,29,326,488,28.080000000000002,112.08000000000001,14500.0,61.080020351084045,22.231309316168456,65.0,56.15822982788086,16.51536750793457,58.53634888958508,-4.921790523203185,-5.715941808233886,4.921790523203185,5.715941808233886,7.542944564916857,0.11604530099872087,0.09614785015583038,1,1.0,0.0,0,3,2.038567304611206,0.026378631591796875,58.592124938964844,27,7.554522673288981,6.599074363708496,7.513352279843646,0.5960687153243581,0.9438702012083606,False,False,0.0,15.325250625610352,0.27434593439102173,0.0,0.4258347749710083,0.024179179221391678,0.0,True,context_only_nearest_support,3.0,context_wind,54.30978635369397,23.053136580867157,0.014029375776883833,"[{""distance_vox"": 3.0, ""source_role"": ""context_wind"", ""z"": 27, ""y"": 328, ""x"": 489, ""u"": 54.30978635369397, ""v"": 23.053136580867157, ""base_weight"": 0.014029375776883833, ""time_conf"": 0.4108451572928951, ""qc_flags"": ""ok""}, {""distance_vox"": 3.1622776601683795, ""source_role"": ""context_wind"", ""z"": 29, ""y"": 329, ""x"": 487, ""u"": 55.46567584585605, ""v"": 16.957558873918753, ""base_weight"": 0.014029375776883833, ""time_conf"": 0.4108451572928951, ""qc_flags"": ""ok""}, {""distance_vox"": 3.1622776601683795, ""source_role"": ""context_wind"", ""z"": 29, ""y"": 323, ""x"": 489, ""u"": 56.98962375105503, ""v"": 15.270323661048717, ""base_weight"": 0.016799878731915033, ""time_conf"": 0.4403329367980742, ""qc_flags"": ""ok""}]",5,6.078200446178097,5.903676589741325,default_timepower15_8_4_conservative_v2,29,727
20260201120000,gaussian,diagnostic_weighted,pydda_3dvar_proxy,diagnostic_adaptive_v3,8,4.0,2,1.0,True,False,25,248,508,34.32000000000001,113.68,12500.0,28.522794363147643,-26.597936042437446,39.0,28.811635971069336,-21.761545181274414,36.106442860050116,0.2888416079216931,4.836390861163032,0.2888416079216931,4.836390861163032,4.845008362883194,0.12423098366367163,1.0,1,1.0,9.107829755432801,1,2,3.6360905170440674,0.2881202697753906,38.20105743408203,27,4.701958232455784,4.389292240142822,4.701958232455784,0.274586922523184,0.45571612274037143,True,True,20.216529846191406,11.864656448364258,0.12220201641321182,0.6820024251937866,0.6675199866294861,0.49435120820999146,0.43394047021865845,True,role_conflict_triggered_at_holdout_voxel,1.4142135623730951,current_wind_train,31.14678489184443,-23.47078590292987,0.5669373788524215,"[{""distance_vox"": 1.4142135623730951, ""source_role"": ""current_wind_train"", ""z"": 26, ""y"": 249, ""x"": 508, ""u"": 31.14678489184443, ""v"": -23.47078590292987, ""base_weight"": 0.5669373788524215, ""time_conf"": 1.0, ""qc_flags"": ""ok""}, {""distance_vox"": 1.4142135623730951, ""source_role"": ""context_wind"", ""z"": 26, ""y"": 247, ""x"": 508, ""u"": 30.814464759246096, ""v"": -14.369020899183786, ""base_weight"": 0.01856898892991802, ""time_conf"": 0.4576200670930952, ""qc_flags"": ""ok""}, {""distance_vox"": 1.4142135623730951, ""source_role"": ""context_wind"", ""z"": 24, ""y"": 248, ""x"": 507, ""u"": 30.611689749878845, ""v"": -16.968336708621806, ""base_weight"": 0.011369095536181704, ""time_conf"": 0.3789291416275995, ""qc_flags"": ""ok""}]",4,4.760806578902042,4.675580918436799,default_timepower15_8_4_conservative_v2,27,1075
20260201120000,gaussian,diagnostic_weighted,pydda_3dvar_proxy,diagnostic_adaptive_v3,8,4.0,2,1.0,True,False,29,323,502,28.320000000000004,113.2,14500.0,37.71675376237024,4.631035049395592,38.0,31.808568954467773,4.346642017364502,32.10417972411458,-5.908184807902465,-0.28439303203109034,5.908184807902465,0.28439303203109034,5.9150255384907116,0.15565856680238715,1.0,1,1.0,0.0,0,3,1.2526286840438843,0.40941619873046875,32.476104736328125,27,6.210458437601726,5.142739772796631,6.282948689196963,0.711116874543941,0.7722857656940807,False,False,0.0,15.65404224395752,0.4332532286643982,0.0,0.7436493635177612,0.3955666720867157,0.0,True,context_only_nearest_support,0.0,context_wind,29.344428022014167,6.237350724532794,0.07851102517563166,"[{""distance_vox"": 0.0, ""source_role"": ""context_wind"", ""z"": 29, ""y"": 323, ""x"": 502, ""u"": 29.344428022014167, ""v"": 6.237350724532794, ""base_weight"": 0.07851102517563166, ""time_conf"": 0.7967628143670084, ""qc_flags"": ""ok""}, {""distance_vox"": 1.0, ""source_role"": ""context_wind"", ""z"": 28, ""y"": 323, ""x"": 502, ""u"": 29.533214450825973, ""v"": 5.314043523821454, ""base_weight"": 0.038088905601156464, ""time_conf"": 0.573801862174366, ""qc_flags"": ""ok""}, {""distance_vox"": 1.4142135623730951, ""source_role"": ""context_wind"", ""z"": 29, ""y"": 324, ""x"": 501, ""u"": 41.602817326369944, ""v"": 14.324998796114892, ""base_weight"": 0.02409027427365905, ""time_conf"": 0.5058097201509613, ""qc_flags"": ""ok""}]",4,4.760806578902042,4.675580918436799,default_timepower15_8_4_conservative_v2,27,1075
20260208051200,gaussian,diagnostic_weighted,pydda_3dvar_proxy,diagnostic_adaptive_v3,8,4.0,2,1.0,True,False,25,320,502,28.560000000000002,113.2,12500.0,13.244213892883906,-7.042073441788356,14.999999999999998,12.952773094177246,-6.012104511260986,14.280046620496961,-0.2914407987066596,1.02996893052737,0.2914407987066596,1.02996893052737,1.0704082104517276,0.07136054736344852,1.0,1,1.0,9.024616032983795,1,2,5.990984916687012,1.5696849822998047,20.209867477416992,27,3.4269224868880377,0.6416355967521667,3.4269224868880377,1.849063395465911,0.4287726136995609,True,False,3.2857046127319336,11.59865951538086,0.09706335514783859,0.7611193656921387,0.6726245284080505,0.4976813495159149,0.0,False,,0.0,context_wind,17.404301875877188,-1.4724085601723291,0.008076048158131352,"[{""distance_vox"": 0.0, ""source_role"": ""context_wind"", ""z"": 25, ""y"": 320, ""x"": 502, ""u"": 17.404301875877188, ""v"": -1.4724085601723291, ""base_weight"": 0.008076048158131352, ""time_conf"": 0.2796526899689915, ""qc_flags"": ""ok""}, {""distance_vox"": 1.0, ""source_role"": ""current_wind_train"", ""z"": 24, ""y"": 320, ""x"": 502, ""u"": 10.648976575756894, ""v"": -7.456493672563599, ""base_weight"": 0.5669373788524215, ""time_conf"": 1.0, ""qc_flags"": ""ok""}, {""distance_vox"": 1.0, ""source_role"": ""context_wind"", ""z"": 26, ""y"": 320, ""x"": 502, ""u"": 16.946010657657414, ""v"": -5.987654712187309, ""base_weight"": 0.04647040980295982, ""time_conf"": 0.5770947421414525, ""qc_flags"": ""ok""}]",3,4.698027530931185,4.081932176565935,default_timepower15_8_4_conservative_v2,18,1614
20260208051200,gaussian,diagnostic_weighted,pydda_3dvar_proxy,diagnostic_adaptive_v3,8,4.0,2,1.0,True,False,29,443,459,18.720000000000006,109.75999999999999,14500.0,23.14351711895703,13.906028022571471,27.0,22.42562484741211,9.52214241027832,24.36349412293911,-0.717892271544919,-4.383885612293151,0.717892271544919,4.383885612293151,4.442276710788604,0.16452876706624459,1.0,1,1.0,0.0,0,3,1.0954861640930176,0.2556571960449219,24.850194931030273,27,4.5852045659665706,4.187983989715576,4.591354147566777,0.2123719673808936,0.2542927210730275,False,False,0.0,15.341320037841797,0.38587096333503723,0.0,0.6488848328590393,0.31688445806503296,0.0,True,context_only_nearest_support,0.0,context_wind,21.28048070073084,11.667701271889847,0.07942079001000363,"[{""distance_vox"": 0.0, ""source_role"": ""context_wind"", ""z"": 29, ""y"": 443, ""x"": 459, ""u"": 21.28048070073084, ""v"": 11.667701271889847, ""base_weight"": 0.07942079001000363, ""time_conf"": 0.728131235624847, ""qc_flags"": ""ok""}, {""distance_vox"": 1.0, ""source_role"": ""context_wind"", ""z"": 28, ""y"": 443, ""x"": 459, ""u"": 17.820130483767358, ""v"": 9.079809994790939, ""base_weight"": 0.004903161382845756, ""time_conf"": 0.2742062449236565, ""qc_flags"": ""ok""}, {""distance_vox"": 1.0, ""source_role"": ""context_wind"", ""z"": 29, ""y"": 444, ""x"": 459, ""u"": 23.770644076099593, ""v"": 9.386873691969843, ""base_weight"": 0.017909607879255912, ""time_conf"": 0.37792118541786035, ""qc_flags"": ""ok""}]",3,4.698027530931185,4.081932176565935,default_timepower15_8_4_conservative_v2,18,1614
20260217051800,gaussian,diagnostic_weighted,pydda_3dvar_proxy,diagnostic_adaptive_v3,10,5.0,2,1.0,True,False,25,376,515,24.080000000000002,114.24000000000001,12500.0,20.538769382938437,-7.884094889996608,22.0,24.337411880493164,-6.293691635131836,25.138022424982008,3.7986424975547273,1.5904032548647722,3.7986424975547273,1.5904032548647722,4.118138819577757,0.1871881281626253,1.0,1,1.0,0.0,0,3,3.8938679695129395,0.5519523620605469,27.26541519165039,27,4.066818903993677,0.4668983221054077,4.109495291111199,2.376793201464694,3.651240497472349,True,False,4.729037761688232,13.258682250976562,0.26008257269859314,0.2993825376033783,0.6754472255706787,0.3474326729774475,0.0,True,context_only_nearest_support,0.0,context_wind,17.119017293312762,5.562305898749056,0.005002333127672576,"[{""distance_vox"": 0.0, ""source_role"": ""context_wind"", ""z"": 25, ""y"": 376, ""x"": 515, ""u"": 17.119017293312762, ""v"": 5.562305898749056, ""base_weight"": 0.005002333127672576, ""time_conf"": 0.27632623464480993, ""qc_flags"": ""ok""}, {""distance_vox"": 1.0, ""source_role"": ""context_wind"", ""z"": 24, ""y"": 376, ""x"": 515, ""u"": 20.0, ""v"": 3.673940397442059e-15, ""base_weight"": 0.05991408758962105, ""time_conf"": 0.7180828550393733, ""qc_flags"": ""ok""}, {""distance_vox"": 1.7320508075688772, ""source_role"": ""context_wind"", ""z"": 26, ""y"": 375, ""x"": 516, ""u"": 23.559052402743934, ""v"": -4.579415889037083, ""base_weight"": 0.05991408758962105, ""time_conf"": 0.7180828550393733, ""qc_flags"": ""ok""}]",1,4.118138819577757,4.118138819577757,default_timepower15_8_4_conservative_v2;moderate_current_support_fresh_context_prefers_10_5,6,991
20260220114200,gaussian,diagnostic_weighted,pydda_3dvar_proxy,diagnostic_adaptive_v3,10,5.0,2,1.0,True,False,29,353,468,25.92,110.47999999999999,14500.0,33.0,6.062001655779398e-15,33.0,28.45323371887207,0.9258005023002625,28.468291406946395,-4.54676628112793,0.9258005023002563,4.54676628112793,0.9258005023002563,4.640063597113871,0.1406079877913294,1.0,1,1.0,0.0,3,0,2.48237943649292,0.5609359741210938,29.152931213378906,27,5.146378163938169,3.7879998683929443,4.584251409562725,1.300779763955348,0.8520637287209265,True,False,4.536734580993652,13.868322372436523,0.196910560131073,0.524798572063446,0.6383230090141296,0.10953468084335327,0.0,False,,2.23606797749979,current_wind_train,29.958886042637214,1.5700786872883292,0.5669373788524215,"[{""distance_vox"": 2.23606797749979, ""source_role"": ""current_wind_train"", ""z"": 27, ""y"": 354, ""x"": 468, ""u"": 29.958886042637214, ""v"": 1.5700786872883292, ""base_weight"": 0.5669373788524215, ""time_conf"": 1.0, ""qc_flags"": ""ok""}, {""distance_vox"": 3.0, ""source_role"": ""current_wind_train"", ""z"": 27, ""y"": 355, ""x"": 467, ""u"": 29.995430854691737, ""v"": -0.5235721931184939, ""base_weight"": 0.5669373788524215, ""time_conf"": 1.0, ""qc_flags"": ""ok""}, {""distance_vox"": 3.7416573867739413, ""source_role"": ""current_wind_train"", ""z"": 27, ""y"": 356, ""x"": 467, ""u"": 28.96025650788264, ""v"": -1.5177427310453744, ""base_weight"": 0.5669373788524215, ""time_conf"": 1.0, ""qc_flags"": ""ok""}]",2,3.6299333737117387,3.4180575735175296,default_timepower15_8_4_conservative_v2;moderate_current_support_fresh_context_prefers_10_5,8,461
20260124133600,gaussian,diagnostic_weighted,pydda_3dvar_proxy,diagnostic_adaptive_v3,10,5.0,2,1.0,True,False,24,247,515,34.400000000000006,114.24000000000001,12000.0,10.89577199374912,21.38415658052083,24.0,-3.790847063064575,20.536195755004883,20.88314769241998,-14.686619056813695,-0.8479608255159476,14.686619056813695,0.8479608255159476,14.711078032611102,0.6129615846921292,1.0,1,1.0,0.0,0,3,14.124106407165527,2.1765823364257812,24.800949096679688,27,13.060470669357866,2.7218334674835205,13.060470669357866,7.923468149597659,11.989244565127581,True,True,19.120813369750977,13.686559677124023,0.3403271734714508,0.20713704824447632,0.788507342338562,0.8617513179779053,0.5684739351272583,True,context_only_nearest_support;role_conflict_triggered_at_holdout_voxel,0.0,context_wind,-103.84459171148019,41.955938462582154,0.05797422435977939,"[{""distance_vox"": 0.0, ""source_role"": ""context_wind"", ""z"": 24, ""y"": 247, ""x"": 515, ""u"": -103.84459171148019, ""v"": 41.955938462582154, ""base_weight"": 0.05797422435977939, ""time_conf"": 0.7725915361166825, ""qc_flags"": ""ok""}, {""distance_vox"": 1.0, ""source_role"": ""context_wind"", ""z"": 24, ""y"": 248, ""x"": 515, ""u"": 12.302243876356426, ""v"": 18.23882659621092, ""base_weight"": 0.12196969404974613, ""time_conf"": 0.9438743126816935, ""qc_flags"": ""ok""}, {""distance_vox"": 1.4142135623730951, ""source_role"": ""context_wind"", ""z"": 24, ""y"": 248, ""x"": 514, ""u"": -10.802781701230774, ""v"": 8.90421148327394, ""base_weight"": 0.007533242628243412, ""time_conf"": 0.26334465214749025, ""qc_flags"": ""ok""}]",1,14.711078032611102,14.711078032611102,default_timepower15_8_4_conservative_v2;moderate_current_support_fresh_context_prefers_10_5,5,414
20260129115400,gaussian,diagnostic_weighted,pydda_3dvar_proxy,diagnostic_adaptive_v3,8,4.0,2,1.0,True,False,29,319,502,28.640000000000004,113.2,14500.0,61.194134401407965,24.72403516545021,66.0,60.148136138916016,21.169477462768555,63.76476344370957,-1.045998262491949,-3.554557702681656,1.045998262491949,3.554557702681656,3.7052655541579833,0.05614038718421187,1.0,1,1.0,28.357140828058398,1,2,2.8596272468566895,0.9342002868652344,64.37992095947266,27,4.2385802798801,2.1189029216766357,4.2385802798801,1.4993538414360152,1.5863626324813476,True,False,9.120793342590332,11.981605529785156,0.06848996877670288,1.0,0.7141228318214417,0.38360026478767395,0.0,False,,0.0,context_wind,59.66700364476213,12.682613139883347,0.0754289051710977,"[{""distance_vox"": 0.0, ""source_role"": ""context_wind"", ""z"": 29, ""y"": 319, ""x"": 502, ""u"": 59.66700364476213, ""v"": 12.682613139883347, ""base_weight"": 0.0754289051710977, ""time_conf"": 0.7845840978967508, ""qc_flags"": ""ok""}, {""distance_vox"": 1.0, ""source_role"": ""context_wind"", ""z"": 28, ""y"": 319, ""x"": 502, ""u"": 53.8684587140305, ""v"": -3.7668495821827617, ""base_weight"": 0.04095405697544548, ""time_conf"": 0.6203314226820597, ""qc_flags"": ""ok""}, {""distance_vox"": 1.4142135623730951, ""source_role"": ""current_wind_train"", ""z"": 29, ""y"": 318, ""x"": 503, ""u"": 60.45641791274633, ""v"": 23.814416333985626, ""base_weight"": 0.973165761934816, ""time_conf"": 1.0, ""qc_flags"": ""ok""}]",3,2.4949654548725775,2.233421095657936,default_timepower15_8_4_conservative_v2,20,715
20260201133000,gaussian,diagnostic_weighted,pydda_3dvar_proxy,diagnostic_adaptive_v3,10,5.0,2,1.0,True,False,29,369,459,24.640000000000004,109.75999999999999,14500.0,47.73705097767712,-5.0173662368473435,48.0,46.70315933227539,-2.8272104263305664,46.78865471896637,-1.0338916454017308,2.190155810516777,1.0338916454017308,2.190155810516777,2.4219237000310105,0.05045674375064605,0.8485989570617676,1,1.0,0.0,0,3,0.6105530858039856,0.003246307373046875,46.80516052246094,27,2.5462462107340493,2.2001826763153076,2.5646004961244575,0.3271675078033301,0.22174102371570292,True,False,8.774068832397461,16.21466636657715,0.5121175050735474,0.002904637483879924,0.9034112095832825,0.26841050386428833,0.0,True,context_only_nearest_support,0.0,context_wind,47.934217668219546,-2.512125899661309,0.12196969404974613,"[{""distance_vox"": 0.0, ""source_role"": ""context_wind"", ""z"": 29, ""y"": 369, ""x"": 459, ""u"": 47.934217668219546, ""v"": -2.512125899661309, ""base_weight"": 0.12196969404974613, ""time_conf"": 0.9438743126816935, ""qc_flags"": ""ok""}, {""distance_vox"": 1.0, ""source_role"": ""context_wind"", ""z"": 29, ""y"": 370, ""x"": 459, ""u"": -151.0961514421596, ""v"": -46.19472934619241, ""base_weight"": 0.0014767979012670837, ""time_conf"": 0.25881623096034434, ""qc_flags"": ""high_speed_qc_candidate""}, {""distance_vox"": 1.4142135623730951, ""source_role"": ""context_wind"", ""z"": 29, ""y"": 370, ""x"": 458, ""u"": 47.883074412471565, ""v"": -3.3483107397180105, ""base_weight"": 0.11601412776164566, ""time_conf"": 0.9258747122872905, ""qc_flags"": ""ok""}]",2,7.964474697328503,6.710961850015505,default_timepower15_8_4_conservative_v2;moderate_current_support_fresh_context_prefers_10_5,9,966
20260204061800,gaussian,diagnostic_weighted,pydda_3dvar_proxy,diagnostic_adaptive_v3,8,4.0,2,1.0,True,False,28,257,523,33.60000000000001,114.88,14000.0,25.996040074066173,-0.4537625673693614,26.000000000000004,-5.237153053283691,18.679353713989258,19.39963987490085,-31.233193127349864,19.133116281358618,31.233193127349864,19.133116281358618,36.627701150445205,1.4087577365555846,0.3748648166656494,1,1.0,0.0,0,3,4.8173980712890625,2.6720008850097656,17.55366325378418,27,34.151945961846245,30.695253372192383,34.18689424212799,2.3427895579247893,5.932447778252822,False,False,0.0,14.64102840423584,0.250400185585022,0.0,0.39508605003356934,0.05685492977499962,0.0,True,high_vector_error_ge_30mps;context_only_nearest_support,1.0,context_wind,-18.45336581453465,27.358239894316373,0.010706231987718575,"[{""distance_vox"": 1.0, ""source_role"": ""context_wind"", ""z"": 29, ""y"": 257, ""x"": 523, ""u"": -18.45336581453465, ""v"": 27.358239894316373, ""base_weight"": 0.010706231987718575, ""time_conf"": 0.37027438807164104, ""qc_flags"": ""ok""}, {""distance_vox"": 1.0, ""source_role"": ""context_wind"", ""z"": 28, ""y"": 256, ""x"": 523, ""u"": -18.51772719051093, ""v"": 28.51479931014442, ""base_weight"": 0.010706231987718575, ""time_conf"": 0.37027438807164104, ""qc_flags"": ""ok""}, {""distance_vox"": 1.4142135623730951, ""source_role"": ""context_wind"", ""z"": 29, ""y"": 256, ""x"": 523, ""u"": 38.84969408579279, ""v"": -20.656748762579177, ""base_weight"": 0.005584739644355762, ""time_conf"": 0.2882825776924474, ""qc_flags"": ""ok""}]",2,27.93246359811882,25.710751171995224,default_timepower15_8_4_conservative_v2,12,509
20260208063600,gaussian,diagnostic_weighted,pydda_3dvar_proxy,diagnostic_adaptive_v3,8,4.0,2,1.0,True,False,29,389,485,23.04,111.84,14500.0,29.669883346137198,-11.987410989309183,32.0,36.253028869628906,-16.75771713256836,39.938742916087406,6.583145523491709,-4.770306143259177,6.583145523491709,4.770306143259177,8.129798625051247,0.2540562070328515,1.0,1,1.0,15.251577092763519,1,2,1.0819164514541626,0.5474395751953125,39.923500061035156,27,7.753131972418891,6.9217753410339355,7.66280621303935,0.4981774139469966,1.2080232840173117,True,False,8.15771484375,13.007802963256836,0.05000000074505806,0.5524387359619141,0.2984488308429718,0.006100683007389307,0.0,False,,1.4142135623730951,current_wind_train,36.252311481465995,-16.904730469627985,0.5669373788524215,"[{""distance_vox"": 1.4142135623730951, ""source_role"": ""current_wind_train"", ""z"": 28, ""y"": 389, ""x"": 486, ""u"": 36.252311481465995, ""v"": -16.904730469627985, ""base_weight"": 0.5669373788524215, ""time_conf"": 1.0, ""qc_flags"": ""ok""}, {""distance_vox"": 2.0, ""source_role"": ""context_wind"", ""z"": 29, ""y"": 387, ""x"": 485, ""u"": 38.000432526624174, ""v"": -8.773091119410731, ""base_weight"": 0.006111345415999655, ""time_conf"": 0.2984488408395676, ""qc_flags"": ""ok""}, {""distance_vox"": 3.0, ""source_role"": ""context_wind"", ""z"": 27, ""y"": 387, ""x"": 486, ""u"": 23.492315519647708, ""v"": -8.550503583141724, ""base_weight"": 0.006111345415999655, ""time_conf"": 0.2984488408395676, ""qc_flags"": ""ok""}]",3,5.664978470236009,5.113828058186987,default_timepower15_8_4_conservative_v2,21,1543
20260217074800,gaussian,diagnostic_weighted,pydda_3dvar_proxy,diagnostic_adaptive_v3,8,4.0,2,1.0,True,False,25,327,489,28.000000000000004,112.16,12500.0,23.86852548883856,-2.5086831184236718,24.0,25.134580612182617,-4.042272567749023,25.457555068432683,1.2660551233440565,-1.5335894493253517,1.2660551233440565,1.5335894493253517,1.9886659283116834,0.08286108034632014,1.0,1,1.0,8.087403621794028,2,1,3.0177900791168213,0.45125389099121094,28.43364143371582,27,2.590916532057303,1.182948112487793,2.590916532057303,1.4054423836376977,0.8057178158238905,True,False,4.776139259338379,10.966737747192383,0.05000000074505806,1.0,0.7399202585220337,0.33777785301208496,0.0,False,,1.0,current_wind_train,27.846613070311655,-2.9267969714942836,0.5669373788524215,"[{""distance_vox"": 1.0, ""source_role"": ""current_wind_train"", ""z"": 26, ""y"": 327, ""x"": 489, ""u"": 27.846613070311655, ""v"": -2.9267969714942836, ""base_weight"": 0.5669373788524215, ""time_conf"": 1.0, ""qc_flags"": ""ok""}, {""distance_vox"": 1.4142135623730951, ""source_role"": ""current_wind_train"", ""z"": 24, ""y"": 327, ""x"": 490, ""u"": 18.650916485505615, ""v"": -3.625370912154357, ""base_weight"": 0.5669373788524215, ""time_conf"": 1.0, ""qc_flags"": ""ok""}, {""distance_vox"": 1.4142135623730951, ""source_role"": ""context_wind"", ""z"": 24, ""y"": 327, ""x"": 488, ""u"": 26.197984609451908, ""v"": -6.531891181191021, ""base_weight"": 0.008676093379824857, ""time_conf"": 0.34151006418859886, ""qc_flags"": ""ok""}]",4,2.822165419748401,2.6094205881743395,default_timepower15_8_4_conservative_v2,23,1019
20260217074800,gaussian,diagnostic_weighted,pydda_3dvar_proxy,diagnostic_adaptive_v3,8,4.0,2,1.0,True,False,28,328,488,27.920000000000005,112.08000000000001,14000.0,32.95477464690094,-1.7270865560171502,33.0,34.33735656738281,-1.5804083347320557,34.373707198090784,1.3825819204818757,0.14667822128509456,1.3825819204818757,0.14667822128509456,1.3903407019298222,0.042131536422115826,1.0,1,1.0,0.0,3,0,3.350254535675049,1.0490379333496094,35.24966812133789,27,1.9404145258444327,1.3681279420852661,1.9404145258444327,0.40786380697498903,0.022212759844556063,True,False,3.8257648944854736,12.01237678527832,0.10624763369560242,1.0,0.806780993938446,0.28210192918777466,0.0,False,,1.0,current_wind_train,29.835656861048204,-3.1358538980295894,0.5669373788524215,"[{""distance_vox"": 1.0, ""source_role"": ""current_wind_train"", ""z"": 27, ""y"": 328, ""x"": 488, ""u"": 29.835656861048204, ""v"": -3.1358538980295894, ""base_weight"": 0.5669373788524215, ""time_conf"": 1.0, ""qc_flags"": ""ok""}, {""distance_vox"": 1.4142135623730951, ""source_role"": ""current_wind_train"", ""z"": 29, ""y"": 327, ""x"": 488, ""u"": 34.97867894566835, ""v"": -1.2214823845875449, ""base_weight"": 0.5669373788524215, ""time_conf"": 1.0, ""qc_flags"": ""ok""}, {""distance_vox"": 1.4142135623730951, ""source_role"": ""current_wind_train"", ""z"": 29, ""y"": 328, ""x"": 489, ""u"": 35.494593178051886, ""v"": -0.008726203218635153, ""base_weight"": 0.973165761934816, ""time_conf"": 1.0, ""qc_flags"": ""ok""}]",4,2.822165419748401,2.6094205881743395,default_timepower15_8_4_conservative_v2,23,1019
20260217074800,gaussian,diagnostic_weighted,pydda_3dvar_proxy,diagnostic_adaptive_v3,8,4.0,2,1.0,True,False,29,388,508,23.120000000000005,113.68,14500.0,39.84778792366982,3.48622970990633,40.0,38.89445495605469,0.8514446020126343,38.903773393320904,-0.9533329676151325,-2.6347851078936957,0.9533329676151325,2.6347851078936957,2.801952232269542,0.07004880580673854,1.0,1,1.0,0.0,0,3,3.4754574298858643,0.7653770446777344,40.7087287902832,27,3.606165576864172,2.6688807010650635,3.6078496959976785,0.804968161566201,0.13307153120447834,True,False,7.801353931427002,15.057504653930664,0.3659639358520508,0.12049821019172668,0.6934193968772888,0.5958737730979919,0.0,True,context_only_nearest_support,0.0,context_wind,39.66516100739785,3.9188334212747646,0.01838528177002099,"[{""distance_vox"": 0.0, ""source_role"": ""context_wind"", ""z"": 29, ""y"": 388, ""x"": 508, ""u"": 39.66516100739785, ""v"": 3.9188334212747646, ""base_weight"": 0.01838528177002099, ""time_conf"": 0.3770013251941293, ""qc_flags"": ""ok""}, {""distance_vox"": 1.0, ""source_role"": ""context_wind"", ""z"": 29, ""y"": 388, ""x"": 507, ""u"": 41.974414734802025, ""v"": 1.465778861505032, ""base_weight"": 0.029727211745013377, ""time_conf"": 0.548412489847313, ""qc_flags"": ""ok""}, {""distance_vox"": 1.0, ""source_role"": ""context_wind"", ""z"": 28, ""y"": 388, ""x"": 508, ""u"": 36.44935825678676, ""v"": 1.1959806907631207, ""base_weight"": 0.0545658489101042, ""time_conf"": 0.5433915883835453, ""qc_flags"": ""ok""}]",4,2.822165419748401,2.6094205881743395,default_timepower15_8_4_conservative_v2,23,1019
20260220130000,gaussian,diagnostic_weighted,pydda_3dvar_proxy,diagnostic_adaptive_v3,10,5.0,2,1.0,True,False,29,392,514,22.800000000000004,114.16,14500.0,21.436141425275174,-4.948923195565028,22.0,24.332416534423828,-3.491316795349121,24.58161482429885,2.896275109148654,1.4576064002159068,2.896275109148654,1.4576064002159068,3.242379670215137,0.14738089410068803,1.0,1,1.0,1.8397786018057154,2,1,0.9927883744239807,0.14220428466796875,24.672733306884766,27,3.0393314008359558,2.395158290863037,3.0393314008359558,0.4206538583539804,0.8472213793520997,True,False,0.5533727407455444,12.201180458068848,0.10175874829292297,1.0,0.7806603908538818,0.5632506012916565,0.0,False,,0.0,context_wind,25.38038196457264,-2.45700316708521,0.07465139471271554,"[{""distance_vox"": 0.0, ""source_role"": ""context_wind"", ""z"": 29, ""y"": 392, ""x"": 514, ""u"": 25.38038196457264, ""v"": -2.45700316708521, ""base_weight"": 0.07465139471271554, ""time_conf"": 0.6348309823580358, ""qc_flags"": ""ok""}, {""distance_vox"": 1.0, ""source_role"": ""current_wind_train"", ""z"": 29, ""y"": 391, ""x"": 514, ""u"": 23.76643364979769, ""v"": -3.340154423041571, ""base_weight"": 0.5669373788524215, ""time_conf"": 1.0, ""qc_flags"": ""ok""}, {""distance_vox"": 1.4142135623730951, ""source_role"": ""current_wind_train"", ""z"": 29, ""y"": 391, ""x"": 515, ""u"": 24.81365379103305, ""v"": -3.0467335851286923, ""base_weight"": 0.973165761934816, ""time_conf"": 1.0, ""qc_flags"": ""ok""}]",2,2.4497584506473973,2.231437122527237,default_timepower15_8_4_conservative_v2;moderate_current_support_fresh_context_prefers_10_5,13,418
20260125013000,gaussian,diagnostic_weighted,pydda_3dvar_proxy,diagnostic_adaptive_v3,10,5.0,2,1.0,True,False,29,355,467,25.76,110.4,14500.0,28.841134965679927,-3.0313254347619365,29.0,30.759828567504883,-2.150937080383301,30.834940957071044,1.9186936018249554,0.8803883543786357,1.9186936018249554,0.8803883543786357,2.1110350049702022,0.07279431051621386,0.3072787821292877,1,1.0,0.0,3,0,25.728464126586914,12.781600952148438,31.000202178955078,27,9.419417593214247,2.1062629222869873,3.4373805482821096,10.233386136481041,0.00477208268321494,False,False,0.0,16.870895385742188,0.5169707536697388,0.1270224153995514,1.0,0.0,0.0,True,rapid_reconstructed_vertical_jump_ge_25mps,2.23606797749979,current_wind_train,30.924485558054553,-2.162450686067882,0.5669373788524215,"[{""distance_vox"": 2.23606797749979, ""source_role"": ""current_wind_train"", ""z"": 27, ""y"": 356, ""x"": 467, ""u"": 30.924485558054553, ""v"": -2.162450686067882, ""base_weight"": 0.5669373788524215, ""time_conf"": 1.0, ""qc_flags"": ""ok""}, {""distance_vox"": 4.58257569495584, ""source_role"": ""current_wind_train"", ""z"": 25, ""y"": 357, ""x"": 466, ""u"": 34.91474175909385, ""v"": -2.4414765810443826, ""base_weight"": 0.5669373788524215, ""time_conf"": 1.0, ""qc_flags"": ""ok""}, {""distance_vox"": 6.782329983125268, ""source_role"": ""current_wind_train"", ""z"": 23, ""y"": 358, ""x"": 466, ""u"": 35.077322332268466, ""v"": -8.098237956379137, ""base_weight"": 0.5669373788524215, ""time_conf"": 1.0, ""qc_flags"": ""ok""}]",2,5.24179780941947,4.608559148647583,default_timepower15_8_4_conservative_v2;moderate_current_support_fresh_context_prefers_10_5,13,532
20260129133000,gaussian,diagnostic_weighted,pydda_3dvar_proxy,diagnostic_adaptive_v3,8,4.0,2,1.0,True,False,29,322,499,28.400000000000002,112.96000000000001,14500.0,50.992232452975955,0.8900727283014583,51.0,53.710060119628906,5.100977897644043,53.95174263697517,2.7178276666529513,4.210905169342585,2.7178276666529513,4.210905169342585,5.011816992949795,0.09827092143038814,1.0,1,1.0,5.980362707350922,1,2,3.2732369899749756,0.160400390625,55.886600494384766,27,5.084168683599542,0.8257206082344055,4.89009017135166,2.895058723931384,4.186096384715389,True,False,8.11508560180664,15.47222900390625,0.4307034909725189,0.13042303919792175,0.8298460245132446,0.44050756096839905,0.0,False,,1.4142135623730951,context_wind,46.9713688698975,-1.6402763450175601,0.08765182638313541,"[{""distance_vox"": 1.4142135623730951, ""source_role"": ""context_wind"", ""z"": 28, ""y"": 322, ""x"": 498, ""u"": 46.9713688698975, ""v"": -1.6402763450175601, ""base_weight"": 0.08765182638313541, ""time_conf"": 0.8312378961427878, ""qc_flags"": ""ok""}, {""distance_vox"": 2.0, ""source_role"": ""context_wind"", ""z"": 29, ""y"": 322, ""x"": 497, ""u"": 52.79831899886251, ""v"": -4.619254365625868, ""base_weight"": 0.08765182638313541, ""time_conf"": 0.8312378961427878, ""qc_flags"": ""ok""}, {""distance_vox"": 2.23606797749979, ""source_role"": ""current_wind_train"", ""z"": 27, ""y"": 322, ""x"": 500, ""u"": 49.0, ""v"": 9.001153973733046e-15, ""base_weight"": 0.5669373788524215, ""time_conf"": 1.0, ""qc_flags"": ""ok""}]",3,3.703959094161033,3.495596592496369,default_timepower15_8_4_conservative_v2,21,622
20260204064800,gaussian,diagnostic_weighted,pydda_3dvar_proxy,diagnostic_adaptive_v3,8,4.0,2,1.0,True,False,24,246,504,34.480000000000004,113.36,12000.0,18.169790363297672,-5.555062389731997,18.999999999999996,17.968183517456055,-0.43486928939819336,17.97344514042428,-0.20160684584161714,5.120193100333804,0.20160684584161714,5.120193100333804,5.1241606829798085,0.2696926675252531,1.0,1,1.0,0.0,0,3,4.440252780914307,0.8549919128417969,17.394832611083984,27,5.816209121986672,2.5780680179595947,5.816209121986672,2.746420061445027,2.546092665020214,True,True,13.549216270446777,10.374350547790527,0.05000000074505806,1.0,0.6437421441078186,1.0978546142578125,1.042961835861206,True,context_only_nearest_support;role_conflict_triggered_at_holdout_voxel,1.0,context_wind,20.646713906300356,-7.42676449964856,0.018623505404490794,"[{""distance_vox"": 1.0, ""source_role"": ""context_wind"", ""z"": 25, ""y"": 246, ""x"": 504, ""u"": 20.646713906300356, ""v"": -7.42676449964856, ""base_weight"": 0.018623505404490794, ""time_conf"": 0.3802514342256874, ""qc_flags"": ""ok""}, {""distance_vox"": 1.0, ""source_role"": ""context_wind"", ""z"": 24, ""y"": 246, ""x"": 505, ""u"": 17.641021286075357, ""v"": -3.8468077664950804, ""base_weight"": 0.018623505404490794, ""time_conf"": 0.3802514342256874, ""qc_flags"": ""ok""}, {""distance_vox"": 1.0, ""source_role"": ""context_wind"", ""z"": 23, ""y"": 246, ""x"": 504, ""u"": 12.435563588325628, ""v"": 8.387893552061199, ""base_weight"": 0.023850282830722044, ""time_conf"": 0.5038656846085757, ""qc_flags"": ""ok""}]",3,6.136084162269182,5.032234725625755,default_timepower15_8_4_conservative_v2,15,496
20260204064800,gaussian,diagnostic_weighted,pydda_3dvar_proxy,diagnostic_adaptive_v3,8,4.0,2,1.0,True,False,29,327,491,28.000000000000004,112.32,14500.0,62.53040755340329,7.677768634524272,63.00000000000001,63.18712615966797,7.878636837005615,63.67641502728634,0.6567186062646755,0.20086820248134352,0.6567186062646755,0.20086820248134352,0.6867513105792401,0.01090081445363873,1.0,1,1.0,2.399762347988714,1,2,0.05068361014127731,0.005084991455078125,63.682621002197266,27,0.6941777313197101,0.647494375705719,0.6941777313197101,0.034590240175762454,0.03925693487352111,True,False,1.7763092517852783,12.006852149963379,0.07231515645980835,1.0,0.7217732071876526,0.2852685749530792,0.0,True,strong_wind_vertical_oversmoothing_candidate,1.0,context_wind,62.224365457493676,9.855371297534555,0.04054606563769602,"[{""distance_vox"": 1.0, ""source_role"": ""context_wind"", ""z"": 28, ""y"": 327, ""x"": 491, ""u"": 62.224365457493676, ""v"": 9.855371297534555, ""base_weight"": 0.04054606563769602, ""time_conf"": 0.6179472329646446, ""qc_flags"": ""ok""}, {""distance_vox"": 1.4142135623730951, ""source_role"": ""current_wind_train"", ""z"": 29, ""y"": 326, ""x"": 490, ""u"": 62.53040755340329, ""v"": 7.677768634524272, ""base_weight"": 0.5669373788524215, ""time_conf"": 1.0, ""qc_flags"": ""ok""}, {""distance_vox"": 1.4142135623730951, ""source_role"": ""context_wind"", ""z"": 29, ""y"": 328, ""x"": 490, ""u"": 61.236677116898534, ""v"": 9.698936832494324, ""base_weight"": 0.004480663077194731, ""time_conf"": 0.2648657735898238, ""qc_flags"": ""ok""}]",3,6.136084162269182,5.032234725625755,default_timepower15_8_4_conservative_v2,15,496
20260208080000,gaussian,diagnostic_weighted,pydda_3dvar_proxy,diagnostic_adaptive_v3,8,4.0,2,1.0,True,False,26,390,437,22.960000000000004,108.0,13000.0,30.07916751455589,7.499578763589701,31.000000000000004,23.884180068969727,6.176384449005127,24.66985574398203,-6.194987445586165,-1.3231943145845744,6.194987445586165,1.3231943145845744,6.3347227757115885,0.20434589599069639,0.5737563967704773,1,1.0,0.0,0,3,5.83806848526001,1.3264827728271484,30.212194442749023,27,6.123899945506343,1.1570309400558472,5.6617183221181175,3.2630064511008143,5.177691835655741,False,False,0.0,14.867956161499023,0.36115556955337524,0.0,0.6508826017379761,0.1239456906914711,0.0,True,context_only_nearest_support,2.23606797749979,context_wind,22.64410533452645,14.705253945405728,0.04392728962166083,"[{""distance_vox"": 2.23606797749979, ""source_role"": ""context_wind"", ""z"": 25, ""y"": 392, ""x"": 437, ""u"": 22.64410533452645, ""v"": 14.705253945405728, ""base_weight"": 0.04392728962166083, ""time_conf"": 0.6372803136596311, ""qc_flags"": ""ok""}, {""distance_vox"": 2.8284271247461903, ""source_role"": ""context_wind"", ""z"": 28, ""y"": 392, ""x"": 437, ""u"": 26.48842778576781, ""v"": 14.084146883576722, ""base_weight"": 0.04392728962166083, ""time_conf"": 0.6372803136596311, ""qc_flags"": ""ok""}, {""distance_vox"": 2.8284271247461903, ""source_role"": ""context_wind"", ""z"": 24, ""y"": 392, ""x"": 437, ""u"": 19.416407864998735, ""v"": 14.106846055019357, ""base_weight"": 0.04392728962166083, ""time_conf"": 0.6372803136596311, ""qc_flags"": ""ok""}]",1,6.3347227757115885,6.3347227757115885,default_timepower15_8_4_conservative_v2,1,1578
20260212003600,gaussian,diagnostic_weighted,pydda_3dvar_proxy,diagnostic_adaptive_v3,8,4.0,2,1.0,True,False,29,302,509,30.000000000000004,113.76,14500.0,18.997106207971434,-0.33159572230837947,19.0,15.461295127868652,2.707087993621826,15.696495546339838,-3.535811080102782,3.0386837159302056,3.535811080102782,3.0386837159302056,4.662141001689782,0.24537584219419903,0.01896183378994465,1,1.0,47.04315752784303,2,1,0.7572625279426575,0.17871475219726562,15.780747413635254,27,9.265107172506827,4.352165699005127,8.22167906345208,5.090007891268627,0.3099753026846548,False,False,0.0,17.01055335998535,0.5155377388000488,0.0,0.9082183837890625,0.002458216855302453,0.0,True,nearest_current_context_role_gap_ge_30mps,4.0,current_wind_train,10.102897498940617,8.181165083647892,0.5669373788524215,"[{""distance_vox"": 4.0, ""source_role"": ""current_wind_train"", ""z"": 25, ""y"": 302, ""x"": 509, ""u"": 10.102897498940617, ""v"": 8.181165083647892, ""base_weight"": 0.5669373788524215, ""time_conf"": 1.0, ""qc_flags"": ""ok""}, {""distance_vox"": 7.14142842854285, ""source_role"": ""current_wind_train"", ""z"": 22, ""y"": 301, ""x"": 510, ""u"": 8.910065241883679, ""v"": 4.539904997395469, ""base_weight"": 0.5669373788524215, ""time_conf"": 1.0, ""qc_flags"": ""ok""}, {""distance_vox"": 8.12403840463596, ""source_role"": ""context_wind"", ""z"": 25, ""y"": 295, ""x"": 508, ""u"": 54.590038340272706, ""v"": -6.702813887283123, ""base_weight"": 0.054751377551194726, ""time_conf"": 0.6936223168606043, ""qc_flags"": ""ok""}]",3,4.0047317636314155,3.6530991238242447,default_timepower15_8_4_conservative_v2,21,406
20260217100600,gaussian,diagnostic_weighted,pydda_3dvar_proxy,diagnostic_adaptive_v3,8,4.0,2,1.0,True,False,24,386,505,23.280000000000005,113.44,12000.0,15.99756312250226,-0.2792385029965301,16.0,23.064151763916016,3.513434410095215,23.330223272463368,7.066588641413755,3.792672913091745,7.066588641413755,3.792672913091745,8.020040077995729,0.501252504874733,1.0,1,1.0,8.00808710723525,1,2,2.994023323059082,0.5885715484619141,25.8492488861084,27,8.499959380538375,6.540947914123535,8.499959380538375,1.2410418616725782,1.4790921638721937,True,False,2.6989591121673584,13.664252281188965,0.3225281536579132,0.13190683722496033,0.7002482414245605,0.38563042879104614,0.0,False,,2.23606797749979,context_wind,16.90687222126065,1.776983875550107,0.009399611545190529,"[{""distance_vox"": 2.23606797749979, ""source_role"": ""context_wind"", ""z"": 22, ""y"": 387, ""x"": 505, ""u"": 16.90687222126065, ""v"": 1.776983875550107, ""base_weight"": 0.009399611545190529, ""time_conf"": 0.3521945389736586, ""qc_flags"": ""ok""}, {""distance_vox"": 2.449489742783178, ""source_role"": ""current_wind_train"", ""z"": 26, ""y"": 385, ""x"": 504, ""u"": 24.90486745229364, ""v"": 2.178893568691456, ""base_weight"": 0.5669373788524215, ""time_conf"": 1.0, ""qc_flags"": ""ok""}, {""distance_vox"": 3.605551275463989, ""source_role"": ""context_wind"", ""z"": 21, ""y"": 388, ""x"": 505, ""u"": 22.410511490060408, ""v"": 5.173874249908901, ""base_weight"": 0.009399611545190529, ""time_conf"": 0.3521945389736586, ""qc_flags"": ""ok""}]",3,5.163565808040812,4.195622655361349,default_timepower15_8_4_conservative_v2,19,1016
20260217100600,gaussian,diagnostic_weighted,pydda_3dvar_proxy,diagnostic_adaptive_v3,8,4.0,2,1.0,True,False,29,323,499,28.320000000000004,112.96000000000001,14500.0,33.644159357841154,-9.647307453594978,35.0,32.37474060058594,-5.957797527313232,32.91837147143958,-1.2694187572552167,3.6895099262817457,1.2694187572552167,3.6895099262817457,3.9017826025296327,0.11147950292941808,1.0,1,1.0,0.0,0,3,2.00858211517334,0.103668212890625,34.71963119506836,27,4.237466043896145,3.7229652404785156,4.22180441764564,0.3357003616361981,0.1788173620511171,True,False,2.295224189758301,15.045953750610352,0.36803117394447327,0.14041408896446228,0.711495041847229,0.42567551136016846,0.0,True,context_only_nearest_support,1.0,context_wind,38.94655185542838,-2.0411022934748138,0.060516968001352076,"[{""distance_vox"": 1.0, ""source_role"": ""context_wind"", ""z"": 29, ""y"": 322, ""x"": 499, ""u"": 38.94655185542838, ""v"": -2.0411022934748138, ""base_weight"": 0.060516968001352076, ""time_conf"": 0.7208533921789657, ""qc_flags"": ""ok""}, {""distance_vox"": 1.4142135623730951, ""source_role"": ""context_wind"", ""z"": 29, ""y"": 322, ""x"": 498, ""u"": 38.90499796013315, ""v"": -2.7205024760208834, ""base_weight"": 0.029727211745013377, ""time_conf"": 0.548412489847313, ""qc_flags"": ""ok""}, {""distance_vox"": 1.7320508075688772, ""source_role"": ""context_wind"", ""z"": 28, ""y"": 322, ""x"": 498, ""u"": 29.086718902691935, ""v"": -5.234398863379889, ""base_weight"": 0.0877083301996446, ""time_conf"": 0.7045539719818407, ""qc_flags"": ""ok""}]",3,5.163565808040812,4.195622655361349,default_timepower15_8_4_conservative_v2,19,1016
20260221000000,gaussian,diagnostic_weighted,pydda_3dvar_proxy,diagnostic_adaptive_v3,10,5.0,2,1.0,True,False,27,390,437,22.960000000000004,108.0,13500.0,46.951084835222666,-9.979761159252453,47.99999999999999,42.2262077331543,-1.469530463218689,42.25177084224787,-4.724877102068369,8.510230696033764,4.724877102068369,8.510230696033764,9.73388360981193,0.20278924187108188,0.6485607624053955,1,1.0,0.0,0,3,1.3283432722091675,0.7079238891601562,43.449951171875,27,9.390542948687518,8.259943008422852,9.642827521473993,0.5857776197800293,1.473940601389078,False,False,0.0,14.92182445526123,0.3445715308189392,0.0,0.6005716323852539,0.09267561882734299,0.0,True,context_only_nearest_support,2.23606797749979,context_wind,37.947922320673804,-1.98876633723187,0.04759048117633635,"[{""distance_vox"": 2.23606797749979, ""source_role"": ""context_wind"", ""z"": 28, ""y"": 390, ""x"": 435, ""u"": 37.947922320673804, ""v"": -1.98876633723187, ""base_weight"": 0.04759048117633635, ""time_conf"": 0.6572182486030388, ""qc_flags"": ""ok""}, {""distance_vox"": 2.449489742783178, ""source_role"": ""context_wind"", ""z"": 28, ""y"": 389, ""x"": 435, ""u"": 40.94381092493753, ""v"": 2.1457742059607168, ""base_weight"": 0.04759048117633635, ""time_conf"": 0.6572182486030388, ""qc_flags"": ""ok""}, {""distance_vox"": 3.0, ""source_role"": ""context_wind"", ""z"": 29, ""y"": 389, ""x"": 435, ""u"": 42.99345089172483, ""v"": 0.7504534768031904, ""base_weight"": 0.04759048117633635, ""time_conf"": 0.6572182486030388, ""qc_flags"": ""ok""}]",1,9.73388360981193,9.73388360981193,default_timepower15_8_4_conservative_v2;low_current_but_stable_context_prefers_10_5,0,325
20260125014200,gaussian,diagnostic_weighted,pydda_3dvar_proxy,diagnostic_adaptive_v3,8,4.0,2,1.0,True,False,29,228,513,35.92,114.08,14500.0,36.6399185434381,5.1494047355224355,37.0,36.485931396484375,4.596646308898926,36.774343599282346,-0.15398714695372462,-0.5527584266235097,0.15398714695372462,0.5527584266235097,0.5738065175912922,0.015508284259224113,0.33793267607688904,1,1.0,23.174074375795605,1,2,19.327301025390625,6.952816009521484,36.865882873535156,27,6.845682818477076,0.00233373511582613,9.096245953439967,8.74920823617566,0.5714727824754661,False,False,0.0,16.031475067138672,0.41754862666130066,0.0,0.7122401595115662,0.06141635775566101,0.0,False,,0.0,context_wind,36.6399185434381,5.1494047355224355,0.05931721317592418,"[{""distance_vox"": 0.0, ""source_role"": ""context_wind"", ""z"": 29, ""y"": 228, ""x"": 513, ""u"": 36.6399185434381, ""v"": 5.1494047355224355, ""base_weight"": 0.05931721317592418, ""time_conf"": 0.7153229662176291, ""qc_flags"": ""ok""}, {""distance_vox"": 3.7416573867739413, ""source_role"": ""current_wind_train"", ""z"": 26, ""y"": 227, ""x"": 515, ""u"": 15.35842773400258, ""v"": 14.32196556131247, ""base_weight"": 0.5669373788524215, ""time_conf"": 1.0, ""qc_flags"": ""ok""}, {""distance_vox"": 3.7416573867739413, ""source_role"": ""context_wind"", ""z"": 26, ""y"": 227, ""x"": 515, ""u"": 15.35842773400258, ""v"": 14.32196556131247, ""base_weight"": 0.05931721317592418, ""time_conf"": 0.7153229662176291, ""qc_flags"": ""ok""}]",2,16.9027023153152,12.23547469224213,default_timepower15_8_4_conservative_v2;moderate_current_support_fresh_context_prefers_10_5;v3_low_error_guard_prefers_8_4,8,545
20260129140600,gaussian,diagnostic_weighted,pydda_3dvar_proxy,diagnostic_adaptive_v3,8,4.0,2,1.0,True,False,24,325,511,28.160000000000004,113.92,12000.0,35.91230580935367,2.511233054788521,36.0,38.53823471069336,2.457951545715332,38.61653869027589,2.625928901339691,-0.05328150907318907,2.625928901339691,0.05328150907318907,2.626469400944963,0.07295748335958231,0.8209198713302612,1,1.0,11.198790027957134,2,1,4.9366044998168945,0.033603668212890625,42.571128845214844,27,4.080812396826567,1.9727903604507446,4.321281850349395,1.8622778589926432,0.6536790404942185,True,False,10.285274505615234,14.197636604309082,0.3975495398044586,0.10167534649372101,0.8291289806365967,0.20762266218662262,0.0,False,,1.0,context_wind,34.91474175909385,2.4414765810443955,0.10601735861952362,"[{""distance_vox"": 1.0, ""source_role"": ""context_wind"", ""z"": 25, ""y"": 325, ""x"": 511, ""u"": 34.91474175909385, ""v"": 2.4414765810443955, ""base_weight"": 0.10601735861952362, ""time_conf"": 0.8943360206311329, ""qc_flags"": ""ok""}, {""distance_vox"": 2.449489742783178, ""source_role"": ""current_wind_train"", ""z"": 26, ""y"": 324, ""x"": 512, ""u"": 45.992993977194, ""v"": 0.8028106961150409, ""base_weight"": 0.5669373788524215, ""time_conf"": 1.0, ""qc_flags"": ""ok""}, {""distance_vox"": 3.1622776601683795, ""source_role"": ""current_wind_train"", ""z"": 21, ""y"": 325, ""x"": 510, ""u"": 34.56909192082982, ""v"": 5.475206276408087, ""base_weight"": 0.5669373788524215, ""time_conf"": 1.0, ""qc_flags"": ""ok""}]",5,3.026905421973633,2.506782612125085,default_timepower15_8_4_conservative_v2,34,594
20260129140600,gaussian,diagnostic_weighted,pydda_3dvar_proxy,diagnostic_adaptive_v3,8,4.0,2,1.0,True,False,29,324,514,28.240000000000002,114.16,14500.0,63.069222207939774,15.724923213978405,65.0,60.14249801635742,14.559836387634277,61.87979398222198,-2.926724191582352,-1.1650868263441279,2.926724191582352,1.1650868263441279,3.1501018724025425,0.04846310572926989,0.07077644020318985,1,1.0,35.3365941847175,1,2,15.378446578979492,4.755878448486328,64.3841552734375,27,10.500648083510223,2.523414373397827,15.294898762435931,6.93335860536555,0.6266874990047153,False,False,0.0,16.003780364990234,0.3737911880016327,0.0,0.6247252821922302,0.019376015290617943,0.0,True,nearest_current_context_role_gap_ge_30mps,3.605551275463989,current_wind_train,45.992993977194,0.8028106961150409,0.5669373788524215,"[{""distance_vox"": 3.605551275463989, ""source_role"": ""current_wind_train"", ""z"": 26, ""y"": 324, ""x"": 512, ""u"": 45.992993977194, ""v"": 0.8028106961150409, ""base_weight"": 0.5669373788524215, ""time_conf"": 1.0, ""qc_flags"": ""ok""}, {""distance_vox"": 5.0990195135927845, ""source_role"": ""context_wind"", ""z"": 25, ""y"": 325, ""x"": 511, ""u"": 34.91474175909385, ""v"": 2.4414765810443955, ""base_weight"": 0.10601735861952362, ""time_conf"": 0.8943360206311329, ""qc_flags"": ""ok""}, {""distance_vox"": 7.211102550927978, ""source_role"": ""context_wind"", ""z"": 29, ""y"": 320, ""x"": 508, ""u"": 65.2541606666388, ""v"": 30.42851484533034, ""base_weight"": 0.02157801164028021, ""time_conf"": 0.48483157232335894, ""qc_flags"": ""ok""}]",5,3.026905421973633,2.506782612125085,default_timepower15_8_4_conservative_v2,34,594
20260201192400,gaussian,diagnostic_weighted,pydda_3dvar_proxy,diagnostic_adaptive_v3,8,4.0,2,1.0,True,False,27,377,510,24.000000000000004,113.84,13500.0,43.621912848423634,-5.74293377603469,43.99832461482354,42.838714599609375,-6.378559589385986,43.310985800165454,-0.7831982488142586,-0.6356258133512966,0.7831982488142586,0.6356258133512966,1.008672231968452,0.022925241831335978,1.0,2,1.0,0.0,3,0,0.7318971157073975,0.2716026306152344,43.97933578491211,27,0.8698515450512921,0.37076982855796814,0.8698515450512921,0.31880832220548444,0.6379024034104839,True,False,2.601010322570801,12.264562606811523,0.17755278944969177,1.0,0.9665341377258301,0.8163086175918579,0.0,False,,1.0,current_wind_train,43.45828698618606,-6.8831164617701495,0.5669373788524215,"[{""distance_vox"": 1.0, ""source_role"": ""current_wind_train"", ""z"": 27, ""y"": 377, ""x"": 511, ""u"": 43.45828698618606, ""v"": -6.8831164617701495, ""base_weight"": 0.5669373788524215, ""time_conf"": 1.0, ""qc_flags"": ""ok""}, {""distance_vox"": 1.0, ""source_role"": ""current_wind_train"", ""z"": 27, ""y"": 378, ""x"": 510, ""u"": 42.67948452057684, ""v"": -5.240381766421351, ""base_weight"": 0.5669373788524215, ""time_conf"": 1.0, ""qc_flags"": ""ok""}, {""distance_vox"": 1.4142135623730951, ""source_role"": ""current_wind_train"", ""z"": 27, ""y"": 378, ""x"": 509, ""u"": 42.91161631213472, ""v"": -6.03083437493617, ""base_weight"": 1.2642411176571153, ""time_conf"": 1.0, ""qc_flags"": ""ok""}]",1,1.008672231968452,1.008672231968452,default_timepower15_8_4_conservative_v2,6,654
20260208084800,gaussian,diagnostic_weighted,pydda_3dvar_proxy,diagnostic_adaptive_v3,8,4.0,2,1.0,True,False,24,323,500,28.320000000000004,113.03999999999999,12000.0,14.182778633989754,-4.883522316857345,15.0,14.680235862731934,-4.044983863830566,15.227318196061,0.4974572287421797,0.8385384530267785,0.4974572287421797,0.8385384530267785,0.974992529013629,0.06499950193424194,1.0,1,1.0,0.0,0,3,3.8858721256256104,0.47749900817871094,16.760225296020508,27,2.761610821441368,0.8738692998886108,2.761610821441368,1.3194662657450251,0.10112322912501814,True,False,10.935293197631836,13.365439414978027,0.2706628143787384,0.09752146154642105,0.5724478363990784,0.44913044571876526,0.0,True,context_only_nearest_support,0.0,context_wind,16.90687222126065,-1.776983875550101,0.033188261099631654,"[{""distance_vox"": 0.0, ""source_role"": ""context_wind"", ""z"": 24, ""y"": 323, ""x"": 500, ""u"": 16.90687222126065, ""v"": -1.776983875550101, ""base_weight"": 0.033188261099631654, ""time_conf"": 0.5721417165298676, ""qc_flags"": ""ok""}, {""distance_vox"": 1.0, ""source_role"": ""context_wind"", ""z"": 24, ""y"": 323, ""x"": 499, ""u"": 10.34598944622698, ""v"": -1.2959727691118559, ""base_weight"": 0.03653885458954432, ""time_conf"": 0.45842142908982586, ""qc_flags"": ""ok""}, {""distance_vox"": 1.4142135623730951, ""source_role"": ""context_wind"", ""z"": 23, ""y"": 323, ""x"": 499, ""u"": 11.125396864645507, ""v"": -2.5046977556170895, ""base_weight"": 0.030738597205396224, ""time_conf"": 0.47003891032138945, ""qc_flags"": ""ok""}]",6,5.044941130228906,3.919577816403198,default_timepower15_8_4_conservative_v2,35,1525
20260208084800,gaussian,diagnostic_weighted,pydda_3dvar_proxy,diagnostic_adaptive_v3,8,4.0,2,1.0,True,False,29,323,499,28.320000000000004,112.96000000000001,14500.0,18.238826596210917,-12.302243876356435,22.000000000000004,19.19292640686035,-2.969132900238037,19.421229987784844,0.9540998106494349,9.333110976118398,0.9540998106494349,9.333110976118398,9.381751805565045,0.4264432638893202,0.9959887266159058,1,1.0,0.0,0,3,2.591120481491089,0.3968620300292969,19.891063690185547,27,8.642303714045772,6.9858808517456055,8.52692100341513,0.9767216782456694,2.39587095381944,False,False,0.0,15.067145347595215,0.34432944655418396,0.0,0.5658017992973328,0.2747125029563904,0.0,True,context_only_nearest_support,1.0,context_wind,16.167960777017612,-5.253288904374103,0.05155915418643108,"[{""distance_vox"": 1.0, ""source_role"": ""context_wind"", ""z"": 29, ""y"": 322, ""x"": 499, ""u"": 16.167960777017612, ""v"": -5.253288904374103, ""base_weight"": 0.05155915418643108, ""time_conf"": 0.6777799612487967, ""qc_flags"": ""ok""}, {""distance_vox"": 1.0, ""source_role"": ""context_wind"", ""z"": 29, ""y"": 323, ""x"": 498, ""u"": 23.11053782238066, ""v"": -0.6939471212285412, ""base_weight"": 0.03371709870677567, ""time_conf"": 0.42536096062680434, ""qc_flags"": ""ok""}, {""distance_vox"": 1.4142135623730951, ""source_role"": ""context_wind"", ""z"": 28, ""y"": 323, ""x"": 498, ""u"": 16.976702090827754, ""v"": 0.8897112561300533, ""base_weight"": 0.033188261099631654, ""time_conf"": 0.5721417165298676, ""qc_flags"": ""ok""}]",6,5.044941130228906,3.919577816403198,default_timepower15_8_4_conservative_v2,35,1525
20260217111800,gaussian,diagnostic_weighted,pydda_3dvar_proxy,diagnostic_adaptive_v3,8,4.0,2,1.0,True,False,25,290,514,30.96,114.16,12500.0,23.0,4.225031457058368e-15,23.0,21.94377899169922,-3.521684169769287,22.22457414278491,-1.0562210083007812,-3.5216841697692916,1.0562210083007812,3.5216841697692916,3.6766645495584096,0.15985498041558302,1.0,1,1.0,0.0,0,3,1.6291812658309937,0.3823127746582031,23.852497100830078,27,3.8830899397532144,3.6588730812072754,3.8830899397532144,0.13738306576778267,0.01779146835113421,True,False,5.9585700035095215,10.440340042114258,0.05000000074505806,1.0,0.5509828925132751,0.1839202344417572,0.0,True,context_only_nearest_support,0.0,context_wind,20.784609690826528,-12.000000000000004,0.03559770301235123,"[{""distance_vox"": 0.0, ""source_role"": ""context_wind"", ""z"": 25, ""y"": 290, ""x"": 514, ""u"": 20.784609690826528, ""v"": -12.000000000000004, ""base_weight"": 0.03559770301235123, ""time_conf"": 0.5877739531418044, ""qc_flags"": ""ok""}, {""distance_vox"": 1.0, ""source_role"": ""context_wind"", ""z"": 26, ""y"": 290, ""x"": 514, ""u"": 22.073689821473177, ""v"": -11.73678906964726, ""base_weight"": 0.005052668679409314, ""time_conf"": 0.2773923680169612, ""qc_flags"": ""ok""}, {""distance_vox"": 1.0, ""source_role"": ""context_wind"", ""z"": 25, ""y"": 290, ""x"": 513, ""u"": 20.37621025179593, ""v"": -5.080359807593016, ""base_weight"": 0.0260992142749463, ""time_conf"": 0.5216344696025808, ""qc_flags"": ""ok""}]",6,5.4727124293263305,4.949677882599443,default_timepower15_8_4_conservative_v2,36,928
20260217111800,gaussian,diagnostic_weighted,pydda_3dvar_proxy,diagnostic_adaptive_v3,8,4.0,2,1.0,True,False,27,374,516,24.240000000000002,114.32,13500.0,22.410511490060408,5.173874249908901,23.0,29.375890731811523,1.6738086938858032,29.423538057668353,6.965379241751116,-3.500065556023098,6.965379241751116,3.500065556023098,7.795316983797171,0.3389268253824857,1.0,1,1.0,0.0,0,3,6.188980579376221,0.03608131408691406,31.31719398498535,27,8.740801122453478,7.125208854675293,8.694317954124354,1.0313429488992303,0.6701081291218784,True,False,7.6918487548828125,13.801750183105469,0.2887873947620392,0.36518585681915283,0.7446334362030029,0.31129056215286255,0.0,True,context_only_nearest_support,0.0,context_wind,28.154358037369608,0.5612321205126869,0.031098113424702957,"[{""distance_vox"": 0.0, ""source_role"": ""context_wind"", ""z"": 27, ""y"": 374, ""x"": 516, ""u"": 28.154358037369608, ""v"": 0.5612321205126869, ""base_weight"": 0.031098113424702957, ""time_conf"": 0.5800756024993455, ""qc_flags"": ""ok""}, {""distance_vox"": 1.0, ""source_role"": ""context_wind"", ""z"": 28, ""y"": 374, ""x"": 516, ""u"": 25.901062150385386, ""v"": -2.266049311439105, ""base_weight"": 0.00921326332450244, ""time_conf"": 0.3494924835447548, ""qc_flags"": ""ok""}, {""distance_vox"": 1.0, ""source_role"": ""context_wind"", ""z"": 27, ""y"": 375, ""x"": 516, ""u"": 27.000916636896708, ""v"": 3.5769289045182804, ""base_weight"": 0.031098113424702957, ""time_conf"": 0.5800756024993455, ""qc_flags"": ""ok""}]",6,5.4727124293263305,4.949677882599443,default_timepower15_8_4_conservative_v2,36,928
20260217111800,gaussian,diagnostic_weighted,pydda_3dvar_proxy,diagnostic_adaptive_v3,8,4.0,2,1.0,True,False,29,439,453,19.04,109.28,14500.0,12.968332653377715,0.9068341586736326,13.0,14.269988059997559,5.496426582336426,15.291934619513889,1.3016554066198438,4.589592423662793,1.3016554066198438,4.589592423662793,4.770604302698515,0.3669695617460396,0.0467386431992054,1,1.0,0.0,0,3,1.70782470703125,0.12271404266357422,15.950568199157715,27,5.191074053446452,4.386534690856934,5.176932863630527,0.7410594193227624,0.38406961184158117,False,False,0.0,15.498224258422852,0.2934333086013794,0.0,0.46400949358940125,0.014656854793429375,0.0,True,context_only_nearest_support,4.123105625617661,context_wind,16.689309382202172,6.7429186814864215,0.006361062681795087,"[{""distance_vox"": 4.123105625617661, ""source_role"": ""context_wind"", ""z"": 29, ""y"": 440, ""x"": 457, ""u"": 16.689309382202172, ""v"": 6.7429186814864215, ""base_weight"": 0.006361062681795087, ""time_conf"": 0.3030815167033861, ""qc_flags"": ""ok""}, {""distance_vox"": 5.916079783099616, ""source_role"": ""context_wind"", ""z"": 28, ""y"": 444, ""x"": 450, ""u"": 9.811224542896037, ""v"": 8.528767376876594, ""base_weight"": 0.018944566825088396, ""time_conf"": 0.4611580967929696, ""qc_flags"": ""ok""}, {""distance_vox"": 7.211102550927978, ""source_role"": ""context_wind"", ""z"": 29, ""y"": 443, ""x"": 459, ""u"": 13.31479122813215, ""v"": 4.326237921249266, ""base_weight"": 0.025074633201912513, ""time_conf"": 0.5136611578567883, ""qc_flags"": ""ok""}]",6,5.4727124293263305,4.949677882599443,default_timepower15_8_4_conservative_v2,36,928
20260221025400,gaussian,diagnostic_weighted,pydda_3dvar_proxy,diagnostic_adaptive_v3,10,5.0,2,1.0,True,False,24,326,506,28.080000000000002,113.52000000000001,12000.0,5.694313003061203,12.789636406996411,14.0,9.29443645477295,14.52884292602539,17.247429541265863,3.600123451711746,1.7392065190289792,3.600123451711746,1.7392065190289792,3.998215624925424,0.285586830351816,1.0,1,1.0,0.0,0,3,1.1472338438034058,0.19799423217773438,17.99475860595703,27,3.83143867386712,2.7618825435638428,3.83143867386712,0.5247102502279382,1.2363330813615812,True,False,4.168149471282959,13.560073852539062,0.3219212591648102,0.2110946774482727,0.7544658780097961,0.9117133021354675,0.0,True,context_only_nearest_support,0.0,context_wind,5.4723222932106985,15.035081932574535,0.04220282891330796,"[{""distance_vox"": 0.0, ""source_role"": ""context_wind"", ""z"": 24, ""y"": 326, ""x"": 506, ""u"": 5.4723222932106985, ""v"": 15.035081932574535, ""base_weight"": 0.04220282891330796, ""time_conf"": 0.6275393266153204, ""qc_flags"": ""ok""}, {""distance_vox"": 1.0, ""source_role"": ""context_wind"", ""z"": 24, ""y"": 326, ""x"": 505, ""u"": 17.569981221040443, ""v"": 13.239930509345061, ""base_weight"": 0.05756203056960029, ""time_conf"": 0.7071067811865476, ""qc_flags"": ""ok""}, {""distance_vox"": 1.4142135623730951, ""source_role"": ""context_wind"", ""z"": 24, ""y"": 327, ""x"": 505, ""u"": 5.733887192724807, ""v"": 14.937286823955226, ""base_weight"": 0.03156773650534164, ""time_conf"": 0.5612310241546865, ""qc_flags"": ""ok""}]",2,2.8454803878719277,2.227027256636391,default_timepower15_8_4_conservative_v2;moderate_current_support_fresh_context_prefers_10_5,10,469
20260221025400,gaussian,diagnostic_weighted,pydda_3dvar_proxy,diagnostic_adaptive_v3,10,5.0,2,1.0,True,False,29,430,470,19.760000000000005,110.64,14500.0,28.977774788672054,-7.764571353075609,30.000000000000004,28.61773681640625,-8.044145584106445,29.726808417174436,-0.36003797226580403,-0.27957423103083645,0.36003797226580403,0.27957423103083645,0.4558388883473583,0.015194629611578608,0.24325944483280182,1,1.0,0.0,0,3,0.6327699422836304,0.08682823181152344,30.051889419555664,27,0.7822720728538655,0.28247177600860596,0.7739066167739589,0.3283797917475169,0.17336711233875235,False,False,0.0,16.0308780670166,0.40239617228507996,0.0,0.6819352507591248,0.06316237151622772,0.0,True,context_only_nearest_support,5.0,context_wind,25.954065790334607,-7.442208607058984,0.052601993873566906,"[{""distance_vox"": 5.0, ""source_role"": ""context_wind"", ""z"": 29, ""y"": 434, ""x"": 467, ""u"": 25.954065790334607, ""v"": -7.442208607058984, ""base_weight"": 0.052601993873566906, ""time_conf"": 0.6830201283771977, ""qc_flags"": ""ok""}, {""distance_vox"": 8.94427190999916, ""source_role"": ""context_wind"", ""z"": 29, ""y"": 422, ""x"": 466, ""u"": 31.179842073127528, ""v"": -7.1984337390036774, ""base_weight"": 0.0485530501572223, ""time_conf"": 0.6622994455392386, ""qc_flags"": ""ok""}, {""distance_vox"": 9.0, ""source_role"": ""context_wind"", ""z"": 28, ""y"": 422, ""x"": 466, ""u"": 30.768930700880983, ""v"": -3.7779496455595782, ""base_weight"": 0.005584739644355762, ""time_conf"": 0.2882825776924474, ""qc_flags"": ""ok""}]",2,2.8454803878719277,2.227027256636391,default_timepower15_8_4_conservative_v2;moderate_current_support_fresh_context_prefers_10_5,10,469
20260129163000,gaussian,diagnostic_weighted,pydda_3dvar_proxy,diagnostic_adaptive_v3,10,5.0,2,1.0,True,False,27,250,499,34.160000000000004,112.96000000000001,13500.0,15.974774553360444,5.814342436536365,17.0,16.00922966003418,4.754942417144775,16.70044645205872,0.03445510667373597,-1.0594000193915898,0.03445510667373597,1.0594000193915898,1.0599601669227006,0.06235059805427651,1.0,1,1.0,5.244528285526679,2,1,2.6308279037475586,0.5539360046386719,18.045839309692383,27,1.9270706044303045,1.0276862382888794,1.9270706044303045,1.0224434333665566,0.03227392863382117,True,False,1.3026642799377441,11.898834228515625,0.1064082682132721,1.0,0.8242450952529907,0.13642191886901855,0.0,False,,2.0,current_wind_train,16.16796077701761,5.2532889043741084,0.5669373788524215,"[{""distance_vox"": 2.0, ""source_role"": ""current_wind_train"", ""z"": 27, ""y"": 250, ""x"": 497, ""u"": 16.16796077701761, ""v"": 5.2532889043741084, ""base_weight"": 0.5669373788524215, ""time_conf"": 1.0, ""qc_flags"": ""ok""}, {""distance_vox"": 2.449489742783178, ""source_role"": ""current_wind_train"", ""z"": 25, ""y"": 249, ""x"": 500, ""u"": 12.928784639787555, ""v"": 1.3588700224794936, ""base_weight"": 0.5669373788524215, ""time_conf"": 1.0, ""qc_flags"": ""ok""}, {""distance_vox"": 2.8284271247461903, ""source_role"": ""context_wind"", ""z"": 25, ""y"": 250, ""x"": 497, ""u"": 12.361266300024978, ""v"": 6.5726018790024705, ""base_weight"": 0.008008266721825993, ""time_conf"": 0.3311497227696193, ""qc_flags"": ""ok""}]",2,0.9761948023279234,0.9722461314238035,default_timepower15_8_4_conservative_v2;moderate_current_support_fresh_context_prefers_10_5,14,504
20260201201800,gaussian,diagnostic_weighted,pydda_3dvar_proxy,diagnostic_adaptive_v3,8,4.0,2,1.0,True,False,24,249,507,34.24,113.6,12000.0,-12.206260632433159,22.9566374143321,25.999999999999996,-11.62191104888916,24.036054611206055,26.698328369041604,0.5843495835439985,1.0794171968739548,0.5843495835439985,1.0794171968739548,1.2274387645399139,0.047209183251535156,1.0,1,1.0,0.0,3,0,0.8915225267410278,0.21663665771484375,27.15148162841797,27,1.3199603734193024,1.051717758178711,1.3199603734193024,0.2260864679235487,0.1757210063612029,True,True,48.98478698730469,9.916624069213867,0.05000000074505806,1.0,0.5050375461578369,0.172895610332489,0.16425082087516785,True,role_conflict_triggered_at_holdout_voxel,1.0,current_wind_train,-10.988074805258186,23.5640024629529,0.5669373788524215,"[{""distance_vox"": 1.0, ""source_role"": ""current_wind_train"", ""z"": 23, ""y"": 249, ""x"": 507, ""u"": -10.988074805258186, ""v"": 23.5640024629529, ""base_weight"": 0.5669373788524215, ""time_conf"": 1.0, ""qc_flags"": ""ok""}, {""distance_vox"": 1.4142135623730951, ""source_role"": ""current_wind_train"", ""z"": 23, ""y"": 249, ""x"": 508, ""u"": -11.39764981651601, ""v"": 23.368645203778343, ""base_weight"": 0.5669373788524215, ""time_conf"": 1.0, ""qc_flags"": ""ok""}, {""distance_vox"": 1.4142135623730951, ""source_role"": ""current_wind_train"", ""z"": 24, ""y"": 250, ""x"": 506, ""u"": -12.440996413826102, ""v"": 23.398111210761563, ""base_weight"": 0.973165761934816, ""time_conf"": 1.0, ""qc_flags"": ""ok""}]",3,1.1178515232758794,1.1072228263586636,default_timepower15_8_4_conservative_v2;dense_current_stale_conflict_prefers_6_3,19,645
20260201201800,gaussian,diagnostic_weighted,pydda_3dvar_proxy,diagnostic_adaptive_v3,8,4.0,2,1.0,True,False,29,250,497,34.160000000000004,112.80000000000001,14500.0,-11.144328291526719,22.35206455977496,24.976205539546445,-11.714516639709473,23.035633087158203,25.843186564899614,-0.5701883481827537,0.6835685273832439,0.5701883481827537,0.6835685273832439,0.8901576736917307,0.03564022854801889,1.0,2,1.0,55.78799238813891,1,2,0.591634213924408,0.18022727966308594,26.070863723754883,27,0.7640503258616836,0.1923007369041443,0.8471872017201811,0.34491257698476396,0.6978569367875864,True,True,53.12910842895508,13.908103942871094,0.11295302957296371,0.2898085415363312,0.3059149384498596,0.011865138076245785,0.010524935089051723,True,nearest_current_context_role_gap_ge_30mps;role_conflict_triggered_at_holdout_voxel,1.0,context_wind,18.05445069456145,-23.959065301418786,0.006489722058032108,"[{""distance_vox"": 1.0, ""source_role"": ""context_wind"", ""z"": 29, ""y"": 250, ""x"": 496, ""u"": 18.05445069456145, ""v"": -23.959065301418786, ""base_weight"": 0.006489722058032108, ""time_conf"": 0.30542475181191425, ""qc_flags"": ""ok""}, {""distance_vox"": 1.0, ""source_role"": ""context_wind"", ""z"": 28, ""y"": 250, ""x"": 497, ""u"": 14.433298637791161, ""v"": -16.60361076490098, ""base_weight"": 0.006489722058032108, ""time_conf"": 0.30542475181191425, ""qc_flags"": ""ok""}, {""distance_vox"": 1.4142135623730951, ""source_role"": ""current_wind_train"", ""z"": 28, ""y"": 250, ""x"": 498, ""u"": -11.803752993228219, ""v"": 23.166169628897563, ""base_weight"": 0.5669373788524215, ""time_conf"": 1.0, ""qc_flags"": ""ok""}]",3,1.1178515232758794,1.1072228263586636,default_timepower15_8_4_conservative_v2;dense_current_stale_conflict_prefers_6_3,19,645
20260208100600,gaussian,diagnostic_weighted,pydda_3dvar_proxy,diagnostic_adaptive_v3,8,4.0,2,1.0,True,False,27,380,507,23.760000000000005,113.6,13500.0,23.941537206235783,-1.6741553698590053,24.0,26.40993881225586,-5.135031223297119,26.90452403837196,2.468401606020077,-3.4608758534381137,2.468401606020077,3.4608758534381137,4.25096085156209,0.17712336881508708,1.0,1,1.0,5.5017402504033805,1,2,1.6264508962631226,0.37478065490722656,27.63787841796875,27,4.072422963601571,2.3579914569854736,4.072422963601571,1.047315358816874,1.8929693945766166,True,False,1.5959430932998657,11.518634796142578,0.06453338265419006,1.0,0.7404953241348267,0.6886689066886902,0.0,False,,0.0,context_wind,27.53548732442713,-5.885888052957121,0.07739661766396838,"[{""distance_vox"": 0.0, ""source_role"": ""context_wind"", ""z"": 27, ""y"": 380, ""x"": 507, ""u"": 27.53548732442713, ""v"": -5.885888052957121, ""base_weight"": 0.07739661766396838, ""time_conf"": 0.7166784790803988, ""qc_flags"": ""ok""}, {""distance_vox"": 1.0, ""source_role"": ""current_wind_train"", ""z"": 27, ""y"": 381, ""x"": 507, ""u"": 24.81365379103305, ""v"": -3.0467335851286923, ""base_weight"": 0.5669373788524215, ""time_conf"": 1.0, ""qc_flags"": ""ok""}, {""distance_vox"": 1.0, ""source_role"": ""context_wind"", ""z"": 27, ""y"": 381, ""x"": 507, ""u"": 26.77653316696499, ""v"": -8.186407732236628, ""base_weight"": 0.08421086446823164, ""time_conf"": 0.8185322195299817, ""qc_flags"": ""ok""}]",4,4.054870871620253,3.7666936349070865,default_timepower15_8_4_conservative_v2,23,1410
20260208100600,gaussian,diagnostic_weighted,pydda_3dvar_proxy,diagnostic_adaptive_v3,8,4.0,2,1.0,True,False,29,378,509,23.920000000000005,113.76,14500.0,32.84147809382833,-8.79984753348569,34.0,28.679555892944336,-8.340441703796387,29.867706541195027,-4.161922200883993,0.45940582968930244,4.161922200883993,0.45940582968930244,4.187200750210524,0.12315296324148599,1.0,1,1.0,3.589872882182946,1,2,3.172670841217041,0.07941436767578125,32.170528411865234,27,4.74487124549018,2.5629687309265137,4.9453408915673975,1.3445986286293448,1.62423201928401,True,False,6.801448345184326,14.426265716552734,0.3150710165500641,0.35397204756736755,0.755065381526947,0.44106221199035645,0.0,False,,2.0,context_wind,25.996040074066173,-0.4537625673693614,0.08421086446823164,"[{""distance_vox"": 2.0, ""source_role"": ""context_wind"", ""z"": 27, ""y"": 378, ""x"": 509, ""u"": 25.996040074066173, ""v"": -0.4537625673693614, ""base_weight"": 0.08421086446823164, ""time_conf"": 0.8185322195299817, ""qc_flags"": ""ok""}, {""distance_vox"": 2.449489742783178, ""source_role"": ""current_wind_train"", ""z"": 27, ""y"": 379, ""x"": 508, ""u"": 26.89725684847713, ""v"": -2.353205054186763, ""base_weight"": 0.5669373788524215, ""time_conf"": 1.0, ""qc_flags"": ""ok""}, {""distance_vox"": 3.4641016151377544, ""source_role"": ""context_wind"", ""z"": 27, ""y"": 380, ""x"": 507, ""u"": 27.53548732442713, ""v"": -5.885888052957121, ""base_weight"": 0.07739661766396838, ""time_conf"": 0.7166784790803988, ""qc_flags"": ""ok""}]",4,4.054870871620253,3.7666936349070865,default_timepower15_8_4_conservative_v2,23,1410
20260212083000,gaussian,diagnostic_weighted,pydda_3dvar_proxy,diagnostic_adaptive_v3,10,5.0,2,1.0,True,False,29,334,505,27.440000000000005,113.44,14500.0,30.92448555805455,2.162450686067893,30.999999999999996,23.677734375,5.010349273681641,24.20203927311372,-7.246751183054549,2.8478985876137477,7.246751183054549,2.8478985876137477,7.786265412534746,0.2511698520172499,1.0,1,1.0,3.582700702475787,1,2,3.1246097087860107,0.2187786102294922,24.512638092041016,27,7.849410304316768,6.646432399749756,8.155447035312047,0.9334650093836391,1.1398330127849903,True,False,6.796393871307373,14.804682731628418,0.30151039361953735,0.22594356536865234,0.6383240818977356,0.1153518483042717,0.0,False,,2.23606797749979,current_wind_train,22.692445814383603,7.813635706971759,0.5669373788524215,"[{""distance_vox"": 2.23606797749979, ""source_role"": ""current_wind_train"", ""z"": 27, ""y"": 333, ""x"": 505, ""u"": 22.692445814383603, ""v"": 7.813635706971759, ""base_weight"": 0.5669373788524215, ""time_conf"": 1.0, ""qc_flags"": ""ok""}, {""distance_vox"": 3.7416573867739413, ""source_role"": ""context_wind"", ""z"": 28, ""y"": 331, ""x"": 503, ""u"": 20.376210251795925, ""v"": 5.080359807593023, ""base_weight"": 0.011369095536181704, ""time_conf"": 0.3789291416275995, ""qc_flags"": ""ok""}, {""distance_vox"": 4.123105625617661, ""source_role"": ""context_wind"", ""z"": 27, ""y"": 331, ""x"": 503, ""u"": 19.972186842198223, ""v"": 6.489356881873899, ""base_weight"": 0.011369095536181704, ""time_conf"": 0.3789291416275995, ""qc_flags"": ""ok""}]",2,5.861772047190454,5.315702036037619,default_timepower15_8_4_conservative_v2;moderate_current_support_fresh_context_prefers_10_5,9,535
20260217134800,gaussian,diagnostic_weighted,pydda_3dvar_proxy,diagnostic_adaptive_v3,10,5.0,2,1.0,True,False,29,422,466,20.4,110.32,14500.0,25.806199942674375,3.1686029285338266,26.0,22.353975296020508,4.385419845581055,22.780081623144184,-3.4522246466538675,1.216816917047228,3.4522246466538675,1.216816917047228,3.6603959376789748,0.14078445914149904,0.2924368381500244,1,1.0,0.0,0,3,2.6904563903808594,0.17847633361816406,25.396522521972656,27,3.5012928953877203,1.132799506187439,3.1999331982236585,2.1086417550663215,2.527596431491536,False,False,0.0,16.53357696533203,0.4819115698337555,0.0,0.8409660458564758,0.08346828818321228,0.0,True,context_only_nearest_support,1.4142135623730951,context_wind,28.71777399350554,4.036019927841909,0.05991408758962105,"[{""distance_vox"": 1.4142135623730951, ""source_role"": ""context_wind"", ""z"": 28, ""y"": 421, ""x"": 466, ""u"": 28.71777399350554, ""v"": 4.036019927841909, ""base_weight"": 0.05991408758962105, ""time_conf"": 0.7180828550393733, ""qc_flags"": ""ok""}, {""distance_vox"": 9.055385138137417, ""source_role"": ""context_wind"", ""z"": 29, ""y"": 431, ""x"": 467, ""u"": 16.2571808513716, ""v"": 4.970318980286531, ""base_weight"": 0.13347066794333667, ""time_conf"": 0.9771599684342459, ""qc_flags"": ""ok""}, {""distance_vox"": 10.04987562112089, ""source_role"": ""context_wind"", ""z"": 29, ""y"": 432, ""x"": 467, ""u"": 17.119017293312762, ""v"": 5.562305898749056, ""base_weight"": 0.12695352926682754, ""time_conf"": 0.958525613502759, ""qc_flags"": ""ok""}]",3,5.397068827578676,5.268595041584003,default_timepower15_8_4_conservative_v2;moderate_current_support_fresh_context_prefers_10_5,14,822
20260221043600,gaussian,diagnostic_weighted,pydda_3dvar_proxy,diagnostic_adaptive_v3,10,5.0,2,1.0,True,False,26,379,504,23.840000000000003,113.36,13000.0,31.513848096390657,5.556741685341771,31.999999999999996,39.53539276123047,1.781745433807373,39.5755214441408,8.021544664839812,-3.7749962515343976,8.021544664839812,3.7749962515343976,8.865425850410054,0.27704455782531423,1.0,1,1.0,4.916317262804503,2,1,1.903084397315979,0.5909423828125,40.244873046875,27,8.52735945030495,6.009593486785889,8.572772356423947,1.1779727112717513,2.855832363624165,True,False,4.107728481292725,12.77853012084961,0.19701145589351654,0.5225549936294556,0.6883828639984131,0.33281853795051575,0.0,False,,1.4142135623730951,current_wind_train,38.94655185542838,2.041102293474828,0.5669373788524215,"[{""distance_vox"": 1.4142135623730951, ""source_role"": ""current_wind_train"", ""z"": 27, ""y"": 378, ""x"": 504, ""u"": 38.94655185542838, ""v"": 2.041102293474828, ""base_weight"": 0.5669373788524215, ""time_conf"": 1.0, ""qc_flags"": ""ok""}, {""distance_vox"": 1.4142135623730951, ""source_role"": ""context_wind"", ""z"": 27, ""y"": 378, ""x"": 504, ""u"": 42.993450891724834, ""v"": -0.7504534768031745, ""base_weight"": 0.08171908448288782, ""time_conf"": 0.8091305751159615, ""qc_flags"": ""ok""}, {""distance_vox"": 2.23606797749979, ""source_role"": ""current_wind_train"", ""z"": 28, ""y"": 378, ""x"": 504, ""u"": 40.94381092493753, ""v"": -2.1457742059607017, ""base_weight"": 0.5669373788524215, ""time_conf"": 1.0, ""qc_flags"": ""ok""}]",2,6.794803959218659,6.286286917477003,default_timepower15_8_4_conservative_v2;moderate_current_support_fresh_context_prefers_10_5,12,543
20260221043600,gaussian,diagnostic_weighted,pydda_3dvar_proxy,diagnostic_adaptive_v3,10,5.0,2,1.0,True,False,29,434,467,19.440000000000005,110.4,14500.0,25.954065790334607,-7.4422086070589835,27.0,29.411945343017578,-8.778627395629883,30.694084573610546,3.4578795526829715,-1.3364187885708994,3.4578795526829715,1.3364187885708994,3.707147984543954,0.13730177720533163,0.17992432415485382,1,1.0,0.0,0,3,0.0011529481271281838,0.000530242919921875,30.694175720214844,27,3.7667216106697365,3.464416980743408,3.77768676349506,0.2476588292829991,0.24273100380054569,False,False,0.0,15.836142539978027,0.3625984787940979,0.0,0.6023398637771606,0.04078572988510132,0.0,True,context_only_nearest_support,5.0,context_wind,28.977774788672054,-7.764571353075609,0.0485530501572223,"[{""distance_vox"": 5.0, ""source_role"": ""context_wind"", ""z"": 29, ""y"": 430, ""x"": 470, ""u"": 28.977774788672054, ""v"": -7.764571353075609, ""base_weight"": 0.0485530501572223, ""time_conf"": 0.6622994455392386, ""qc_flags"": ""ok""}, {""distance_vox"": 5.656854249492381, ""source_role"": ""context_wind"", ""z"": 29, ""y"": 430, ""x"": 463, ""u"": 34.98418729717473, ""v"": -12.046021714914783, ""base_weight"": 0.009494194337092345, ""time_conf"": 0.3535533905932738, ""qc_flags"": ""ok""}, {""distance_vox"": 10.816653826391969, ""source_role"": ""context_wind"", ""z"": 29, ""y"": 440, ""x"": 458, ""u"": 28.940993221413255, ""v"": -11.109406435904312, ""base_weight"": 0.026361835399308732, ""time_conf"": 0.5236470614103134, ""qc_flags"": ""ok""}]",2,6.794803959218659,6.286286917477003,default_timepower15_8_4_conservative_v2;moderate_current_support_fresh_context_prefers_10_5,12,543
20260130015400,gaussian,diagnostic_weighted,pydda_3dvar_proxy,diagnostic_adaptive_v3,8,4.0,2,1.0,True,False,25,246,514,34.480000000000004,114.16,12500.0,23.287097430623916,-5.806125494392019,24.0,-6.1386590003967285,13.97566032409668,15.264410103822613,-29.425756431020645,19.7817858184887,29.425756431020645,19.7817858184887,35.45693432470316,1.4773722635292985,1.0,1,1.0,17.068641180555904,1,2,5.1922502517700195,2.0786705017089844,15.968644142150879,27,34.57798851860894,29.489944458007812,34.57798851860894,3.63432247824233,5.96698986669535,True,False,10.174084663391113,11.369961738586426,0.10819762945175171,1.0,0.8621095418930054,1.4163769483566284,0.0,True,high_vector_error_ge_30mps,1.0,context_wind,29.4561553104781,-12.503396111656752,0.009783691503829262,"[{""distance_vox"": 1.0, ""source_role"": ""context_wind"", ""z"": 25, ""y"": 246, ""x"": 515, ""u"": 29.4561553104781, ""v"": -12.503396111656752, ""base_weight"": 0.009783691503829262, ""time_conf"": 0.35766148310881457, ""qc_flags"": ""ok""}, {""distance_vox"": 1.0, ""source_role"": ""context_wind"", ""z"": 24, ""y"": 246, ""x"": 514, ""u"": 26.96382138897501, ""v"": -13.151134403672323, ""base_weight"": 0.009783691503829262, ""time_conf"": 0.35766148310881457, ""qc_flags"": ""ok""}, {""distance_vox"": 2.0, ""source_role"": ""current_wind_train"", ""z"": 23, ""y"": 246, ""x"": 514, ""u"": 13.36509786282552, ""v"": -6.8098574960931995, ""base_weight"": 0.5669373788524215, ""time_conf"": 1.0, ""qc_flags"": ""ok""}]",4,22.503194918126624,17.82093327192689,default_timepower15_8_4_conservative_v2,25,767
20260130015400,gaussian,diagnostic_weighted,pydda_3dvar_proxy,diagnostic_adaptive_v3,8,4.0,2,1.0,True,False,29,249,512,34.24,114.0,14500.0,-22.505945882062452,24.134672153432625,33.0,2.150268316268921,13.108757972717285,13.28394479886261,24.656214198331373,-11.02591418071534,24.656214198331373,11.02591418071534,27.009251787387544,0.8184621753753801,1.0,1,1.0,0.0,3,0,19.301010131835938,7.012418746948242,20.87938690185547,27,29.458258558202672,12.459393501281738,29.37349880024294,12.536855036003328,14.549858286105806,True,True,27.40056800842285,12.279118537902832,0.10408902168273926,1.0,0.7853209376335144,0.21797066926956177,0.19528231024742126,True,role_conflict_triggered_at_holdout_voxel,1.0,current_wind_train,-21.412179403483467,23.78063441527661,0.5669373788524215,"[{""distance_vox"": 1.0, ""source_role"": ""current_wind_train"", ""z"": 28, ""y"": 249, ""x"": 512, ""u"": -21.412179403483467, ""v"": 23.78063441527661, ""base_weight"": 0.5669373788524215, ""time_conf"": 1.0, ""qc_flags"": ""ok""}, {""distance_vox"": 2.23606797749979, ""source_role"": ""current_wind_train"", ""z"": 27, ""y"": 248, ""x"": 512, ""u"": -22.750440616201185, ""v"": 25.266924066231397, ""base_weight"": 0.5669373788524215, ""time_conf"": 1.0, ""qc_flags"": ""ok""}, {""distance_vox"": 2.449489742783178, ""source_role"": ""current_wind_train"", ""z"": 27, ""y"": 248, ""x"": 513, ""u"": -20.316828685746728, ""v"": 26.004354869021824, ""base_weight"": 0.5669373788524215, ""time_conf"": 1.0, ""qc_flags"": ""ok""}]",4,22.503194918126624,17.82093327192689,default_timepower15_8_4_conservative_v2,25,767
20260202002400,gaussian,diagnostic_weighted,pydda_3dvar_proxy,diagnostic_adaptive_v3,10,5.0,2,1.0,True,False,28,244,512,34.64,114.0,14000.0,14.544288607390106,-26.238591214181877,30.0,13.0496187210083,-18.00557518005371,22.237205002613447,-1.4946698863818053,8.233016034128166,1.4946698863818053,8.233016034128166,8.36759171371716,0.27891972379057195,1.0,1,1.0,57.56819278163658,1,2,6.045599937438965,0.8529396057128906,26.45314598083496,27,9.323388523525661,4.318408012390137,9.290293509810578,4.374210019848246,4.049183701327022,True,True,22.07195472717285,13.519046783447266,0.25182676315307617,0.5684996247291565,0.7958890199661255,0.47965019941329956,0.35886144638061523,True,nearest_current_context_role_gap_ge_30mps;role_conflict_triggered_at_holdout_voxel,0.0,context_wind,-10.260604299770065,28.19077862357725,0.061125914845961755,"[{""distance_vox"": 0.0, ""source_role"": ""context_wind"", ""z"": 28, ""y"": 244, ""x"": 512, ""u"": -10.260604299770065, ""v"": 28.19077862357725, ""base_weight"": 0.061125914845961755, ""time_conf"": 0.7236346187201891, ""qc_flags"": ""ok""}, {""distance_vox"": 1.4142135623730951, ""source_role"": ""current_wind_train"", ""z"": 27, ""y"": 244, ""x"": 511, ""u"": 15.657401297180904, ""v"": -23.21305203154117, ""base_weight"": 0.5669373788524215, ""time_conf"": 1.0, ""qc_flags"": ""ok""}, {""distance_vox"": 1.4142135623730951, ""source_role"": ""context_wind"", ""z"": 27, ""y"": 244, ""x"": 511, ""u"": -8.65247584249853, ""v"": 26.629582456264302, ""base_weight"": 0.061125914845961755, ""time_conf"": 0.7236346187201891, ""qc_flags"": ""ok""}]",2,9.369638319307098,9.321004568352299,default_timepower15_8_4_conservative_v2;moderate_current_support_fresh_context_prefers_10_5,9,688
20260208111200,gaussian,diagnostic_weighted,pydda_3dvar_proxy,diagnostic_adaptive_v3,8,4.0,2,1.0,True,False,26,320,502,28.560000000000002,113.2,13000.0,14.095389311788624,-5.1303021498850345,15.0,15.131539344787598,-3.676274538040161,15.57172043872794,1.0361500329989735,1.4540276118448734,1.0361500329989735,1.4540276118448734,1.7854420144297825,0.11902946762865216,1.0,1,1.0,3.15632191808738,1,2,0.7059531807899475,0.17685317993164062,15.84312629699707,27,2.003819606922291,1.4227628707885742,2.003819606922291,0.3652054504670503,0.36267914364120823,True,False,1.8588840961456299,11.2837553024292,0.062040776014328,1.0,0.7526530027389526,0.8259838819503784,0.0,False,,1.0,current_wind_train,16.687662118610287,-3.243752921401267,0.5669373788524215,"[{""distance_vox"": 1.0, ""source_role"": ""current_wind_train"", ""z"": 25, ""y"": 320, ""x"": 502, ""u"": 16.687662118610287, ""v"": -3.243752921401267, ""base_weight"": 0.5669373788524215, ""time_conf"": 1.0, ""qc_flags"": ""ok""}, {""distance_vox"": 1.0, ""source_role"": ""context_wind"", ""z"": 26, ""y"": 319, ""x"": 502, ""u"": 15.226356701798721, ""v"": -1.9584770713012845, ""base_weight"": 0.13316632891188662, ""time_conf"": 0.714890987877726, ""qc_flags"": ""ok""}, {""distance_vox"": 1.0, ""source_role"": ""context_wind"", ""z"": 25, ""y"": 320, ""x"": 502, ""u"": 15.756804306746082, ""v"": -0.22781661824594676, ""base_weight"": 0.11772440339426068, ""time_conf"": 0.7221411890774467, ""qc_flags"": ""ok""}]",6,3.174828645053433,2.8600718610906006,default_timepower15_8_4_conservative_v2,37,1340
20260208111200,gaussian,diagnostic_weighted,pydda_3dvar_proxy,diagnostic_adaptive_v3,8,4.0,2,1.0,True,False,29,319,502,28.640000000000004,113.2,14500.0,13.90775781850181,-5.619098901238679,14.999999999999998,16.134998321533203,-3.050281524658203,16.420791339504635,2.2272405030313926,2.5688173765804763,2.2272405030313926,2.5688173765804763,3.3999151419653595,0.22666100946435733,1.0,1,1.0,15.56267412897509,1,2,1.1925342082977295,0.07901573181152344,17.09014129638672,27,3.499325562406469,1.9155420064926147,3.498004182322769,0.9487386285651407,1.4843731354727447,True,False,5.941833972930908,12.742423057556152,0.1489379107952118,0.8182910084724426,0.7478224635124207,0.6054583191871643,0.0,False,,0.0,context_wind,15.27949878708584,-7.452309495414315,0.08505822913129009,"[{""distance_vox"": 0.0, ""source_role"": ""context_wind"", ""z"": 29, ""y"": 319, ""x"": 502, ""u"": 15.27949878708584, ""v"": -7.452309495414315, ""base_weight"": 0.08505822913129009, ""time_conf"": 0.8216903145857903, ""qc_flags"": ""ok""}, {""distance_vox"": 1.0, ""source_role"": ""current_wind_train"", ""z"": 28, ""y"": 319, ""x"": 502, ""u"": 13.568769538502819, ""v"": -8.478708227731275, ""base_weight"": 0.5669373788524215, ""time_conf"": 1.0, ""qc_flags"": ""ok""}, {""distance_vox"": 1.0, ""source_role"": ""context_wind"", ""z"": 29, ""y"": 319, ""x"": 503, ""u"": 21.436141425275174, ""v"": 4.948923195565036, ""base_weight"": 0.033188261099631654, ""time_conf"": 0.5721417165298676, ""qc_flags"": ""ok""}]",6,3.174828645053433,2.8600718610906006,default_timepower15_8_4_conservative_v2,37,1340
20260212085400,gaussian,diagnostic_weighted,pydda_3dvar_proxy,diagnostic_adaptive_v3,10,5.0,2,1.0,True,False,29,321,490,28.480000000000004,112.24000000000001,14500.0,28.982333983553776,-1.0120854043725371,29.0,23.88536262512207,3.6476736068725586,24.162286118574396,-5.096971358431706,4.659759011245096,5.096971358431706,4.659759011245096,6.90597357883398,0.23813701995979242,1.0,1,1.0,0.0,0,3,2.7095327377319336,0.45995521545410156,25.071006774902344,27,7.497579292014793,5.768049240112305,7.558038641848081,1.5349393210856175,1.1379243387216755,False,False,0.0,15.901552200317383,0.4707545042037964,0.0,0.8186519145965576,0.4468994736671448,0.0,True,context_only_nearest_support,1.4142135623730951,context_wind,25.0,4.592425496802574e-15,0.052601993873566906,"[{""distance_vox"": 1.4142135623730951, ""source_role"": ""context_wind"", ""z"": 28, ""y"": 321, ""x"": 491, ""u"": 25.0, ""v"": 4.592425496802574e-15, ""base_weight"": 0.052601993873566906, ""time_conf"": 0.6830201283771977, ""qc_flags"": ""ok""}, {""distance_vox"": 2.23606797749979, ""source_role"": ""context_wind"", ""z"": 29, ""y"": 323, ""x"": 489, ""u"": 17.96485293638702, ""v"": 6.185794934685976, ""base_weight"": 0.0867786238595447, ""time_conf"": 0.8280431057900104, ""qc_flags"": ""ok""}, {""distance_vox"": 2.8284271247461903, ""source_role"": ""context_wind"", ""z"": 29, ""y"": 323, ""x"": 488, ""u"": 19.972186842198223, ""v"": 6.489356881873899, ""base_weight"": 0.0867786238595447, ""time_conf"": 0.8280431057900104, ""qc_flags"": ""ok""}]",2,5.0460586849154625,4.352006454339359,default_timepower15_8_4_conservative_v2;moderate_current_support_fresh_context_prefers_10_5,9,548
20260217234200,gaussian,diagnostic_weighted,pydda_3dvar_proxy,diagnostic_adaptive_v3,10,5.0,2,1.0,True,False,29,443,459,18.720000000000006,109.75999999999999,14500.0,12.666810842208056,2.924363706470248,12.999999999999998,13.32959270477295,4.439244747161865,14.049374918491585,0.6627818625648931,1.514881040691617,0.6627818625648931,1.514881040691617,1.6535248304128685,0.12719421772406683,1.0,1,1.0,3.3858404771497463,1,2,0.7700143456459045,0.0676565170288086,14.533896446228027,27,1.766159764042607,1.5797836780548096,1.766159764042607,0.12795378173793073,0.07374115235805889,True,False,3.3473353385925293,13.723222732543945,0.2525181770324707,0.5833739042282104,0.7905409932136536,0.34767624735832214,0.0,False,,0.0,context_wind,15.20404141273595,4.664149179008956,0.14589903708812427,"[{""distance_vox"": 0.0, ""source_role"": ""context_wind"", ""z"": 29, ""y"": 443, ""x"": 459, ""u"": 15.20404141273595, ""v"": 4.664149179008956, ""base_weight"": 0.14589903708812427, ""time_conf"": 0.8232876626599961, ""qc_flags"": ""ok""}, {""distance_vox"": 1.0, ""source_role"": ""current_wind_train"", ""z"": 28, ""y"": 443, ""x"": 459, ""u"": 11.876090949353813, ""v"": 5.287576359985401, ""base_weight"": 0.5669373788524215, ""time_conf"": 1.0, ""qc_flags"": ""ok""}, {""distance_vox"": 1.4142135623730951, ""source_role"": ""context_wind"", ""z"": 29, ""y"": 444, ""x"": 458, ""u"": 13.11929560709094, ""v"": 7.272144303695052, ""base_weight"": 0.03063365448987567, ""time_conf"": 0.5547847360339225, ""qc_flags"": ""ok""}]",2,4.894002238929409,4.187133356951565,default_timepower15_8_4_conservative_v2;moderate_current_support_fresh_context_prefers_10_5,9,606
20260221105400,gaussian,diagnostic_weighted,pydda_3dvar_proxy,diagnostic_adaptive_v3,10,5.0,2,1.0,True,False,26,255,522,33.760000000000005,114.8,13000.0,32.27887082421558,6.861085796986073,33.0,32.81266403198242,9.50727653503418,34.16224857923384,0.5337932077668412,2.646190738048107,0.5337932077668412,2.646190738048107,2.6994926580358762,0.08180280781926898,1.0,1,1.0,68.89591475445341,1,2,5.119958400726318,0.93243408203125,37.414756774902344,27,4.218130482567681,2.6094048023223877,4.218130482567681,1.2157066005579453,0.09008785571348854,True,True,16.165849685668945,10.906805992126465,0.05000000074505806,1.0,0.4827338755130768,0.0808567926287651,0.0768139511346817,True,nearest_current_context_role_gap_ge_30mps;role_conflict_triggered_at_holdout_voxel,1.0,current_wind_train,36.276710052507994,9.44939056735762,0.973165761934816,"[{""distance_vox"": 1.0, ""source_role"": ""current_wind_train"", ""z"": 27, ""y"": 255, ""x"": 522, ""u"": 36.276710052507994, ""v"": 9.44939056735762, ""base_weight"": 0.973165761934816, ""time_conf"": 1.0, ""qc_flags"": ""ok""}, {""distance_vox"": 1.0, ""source_role"": ""context_wind"", ""z"": 25, ""y"": 255, ""x"": 522, ""u"": -17.839802881603315, ""v"": 48.81037698068209, ""base_weight"": 0.009302721682285357, ""time_conf"": 0.28497136987245736, ""qc_flags"": ""ok""}, {""distance_vox"": 1.0, ""source_role"": ""context_wind"", ""z"": 26, ""y"": 256, ""x"": 522, ""u"": -17.90624849514361, ""v"": 52.00352165796242, ""base_weight"": 0.005419488491110431, ""time_conf"": 0.28497136987245736, ""qc_flags"": ""ok""}]",3,4.653619905315801,4.478161811795303,default_timepower15_8_4_conservative_v2;moderate_current_support_fresh_context_prefers_10_5,14,541
20260221105400,gaussian,diagnostic_weighted,pydda_3dvar_proxy,diagnostic_adaptive_v3,10,5.0,2,1.0,True,False,29,385,532,23.360000000000003,115.6,14500.0,45.971978042878405,-1.605376848315059,46.00000000000001,40.807472229003906,-2.143949270248413,40.863752987144046,-5.164505813874499,-0.5385724219333541,5.164505813874499,0.5385724219333541,5.192511969674278,0.11288069499291907,0.21362411975860596,1,1.0,0.0,0,3,0.3922012150287628,0.08416748046875,41.254798889160156,27,5.197732925415039,4.483003616333008,5.316507831439478,0.32106796162903267,0.7095083533412705,False,False,0.0,15.875743865966797,0.37938183546066284,0.0,0.6359065771102905,0.06436742842197418,0.0,True,context_only_nearest_support,2.449489742783178,context_wind,44.664576823859484,5.484120453231622,0.012820484812002975,"[{""distance_vox"": 2.449489742783178, ""source_role"": ""context_wind"", ""z"": 28, ""y"": 384, ""x"": 534, ""u"": 44.664576823859484, ""v"": 5.484120453231622, ""base_weight"": 0.012820484812002975, ""time_conf"": 0.39685026299204984, ""qc_flags"": ""ok""}, {""distance_vox"": 6.324555320336759, ""source_role"": ""context_wind"", ""z"": 29, ""y"": 387, ""x"": 538, ""u"": 42.895254161172446, ""v"": -2.9995283709973846, ""base_weight"": 0.052077963791232654, ""time_conf"": 0.6803950000871885, ""qc_flags"": ""ok""}, {""distance_vox"": 6.4031242374328485, ""source_role"": ""context_wind"", ""z"": 28, ""y"": 387, ""x"": 538, ""u"": 39.70184606565288, ""v"": -4.874773736205907, ""base_weight"": 0.052077963791232654, ""time_conf"": 0.6803950000871885, ""qc_flags"": ""ok""}]",3,4.653619905315801,4.478161811795303,default_timepower15_8_4_conservative_v2;moderate_current_support_fresh_context_prefers_10_5,14,541
20260130061200,gaussian,diagnostic_weighted,pydda_3dvar_proxy,diagnostic_adaptive_v3,8,4.0,2,1.0,True,False,24,247,507,34.400000000000006,113.6,12000.0,22.073689821473177,-11.73678906964726,25.0,8.229743957519531,2.6162333488464355,8.635586983057115,-13.843945863953646,14.353022418493696,13.843945863953646,14.353022418493696,19.941516733434845,0.7976606693373938,1.0,1,1.0,13.525076165416014,1,2,8.730451583862305,3.006427764892578,16.99277687072754,27,18.674827399077238,13.341187477111816,18.674827399077238,3.133809738812669,6.600329256323029,True,False,10.47937297821045,12.50289249420166,0.21969883143901825,0.5134773850440979,0.7616889476776123,1.500290036201477,0.0,False,,0.0,context_wind,22.652475842498532,-16.45798706418924,0.03125325330153454,"[{""distance_vox"": 0.0, ""source_role"": ""context_wind"", ""z"": 24, ""y"": 247, ""x"": 507, ""u"": 22.652475842498532, ""v"": -16.45798706418924, ""base_weight"": 0.03125325330153454, ""time_conf"": 0.5590739816642407, ""qc_flags"": ""ok""}, {""distance_vox"": 1.0, ""source_role"": ""current_wind_train"", ""z"": 23, ""y"": 247, ""x"": 507, ""u"": 20.801408663184972, ""v"": -7.162499398057439, ""base_weight"": 0.5669373788524215, ""time_conf"": 1.0, ""qc_flags"": ""ok""}, {""distance_vox"": 1.0, ""source_role"": ""context_wind"", ""z"": 23, ""y"": 247, ""x"": 507, ""u"": 9.130109933369782, ""v"": -0.3281397909165684, ""base_weight"": 0.06827699372104867, ""time_conf"": 0.5914435893758085, ""qc_flags"": ""ok""}]",9,8.029346368926007,6.271033548940052,default_timepower15_8_4_conservative_v2,58,1032
20260130061200,gaussian,diagnostic_weighted,pydda_3dvar_proxy,diagnostic_adaptive_v3,8,4.0,2,1.0,True,False,29,323,497,28.320000000000004,112.80000000000001,14500.0,37.158619268502655,17.327348731368666,41.0,31.959781646728516,15.839353561401367,35.66949346640127,-5.198837621774139,-1.4879951699672986,5.198837621774139,1.4879951699672986,5.407591168294825,0.131892467519386,1.0,1,1.0,0.0,0,3,0.6449612975120544,0.36008453369140625,35.3754768371582,27,5.669880584434226,5.225157737731934,5.646380858548576,0.2224828907366236,0.18243343056289163,True,False,6.278010845184326,13.95631217956543,0.2495163381099701,0.3834519386291504,0.6445919275283813,0.3196556270122528,0.0,True,context_only_nearest_support,0.0,context_wind,21.32522865503611,8.615951648565982,0.006425070334134128,"[{""distance_vox"": 0.0, ""source_role"": ""context_wind"", ""z"": 29, ""y"": 323, ""x"": 497, ""u"": 21.32522865503611, ""v"": 8.615951648565982, ""base_weight"": 0.006425070334134128, ""time_conf"": 0.3042508784176477, ""qc_flags"": ""ok""}, {""distance_vox"": 1.0, ""source_role"": ""context_wind"", ""z"": 28, ""y"": 323, ""x"": 497, ""u"": 30.30862563869269, ""v"": 21.222328144988715, ""base_weight"": 0.038182068531744315, ""time_conf"": 0.6038332986577618, ""qc_flags"": ""ok""}, {""distance_vox"": 1.0, ""source_role"": ""context_wind"", ""z"": 29, ""y"": 324, ""x"": 497, ""u"": 33.80118193277624, ""v"": 15.049255793804603, ""base_weight"": 0.038182068531744315, ""time_conf"": 0.6038332986577618, ""qc_flags"": ""ok""}]",9,8.029346368926007,6.271033548940052,default_timepower15_8_4_conservative_v2,58,1032
20260202013600,gaussian,diagnostic_weighted,pydda_3dvar_proxy,diagnostic_adaptive_v3,10,5.0,2,1.0,True,False,29,281,519,31.680000000000003,114.56,14500.0,52.47718242836374,-29.088577214780237,60.0,36.19392013549805,-20.876558303833008,41.783137045800544,-16.283262292865693,8.21201891094723,16.283262292865693,8.21201891094723,18.236827725567203,0.3039471287594534,0.3940744698047638,1,1.0,261.6059690781563,1,2,17.30211639404297,2.0940818786621094,48.48038864135742,27,21.87796567987513,13.493408203125,17.281973809868006,9.098287749028545,4.743419522442203,True,True,26.982789993286133,15.456332206726074,0.3649599552154541,0.14643780887126923,0.7095692157745361,0.1210625171661377,0.07687954604625702,True,nearest_current_context_role_gap_ge_30mps;role_conflict_triggered_at_holdout_voxel,2.0,context_wind,-58.713228931240025,180.70073809607916,0.008688692392292434,"[{""distance_vox"": 2.0, ""source_role"": ""context_wind"", ""z"": 27, ""y"": 281, ""x"": 519, ""u"": -58.713228931240025, ""v"": 180.70073809607916, ""base_weight"": 0.008688692392292434, ""time_conf"": 0.5116869459983875, ""qc_flags"": ""high_speed_qc_candidate""}, {""distance_vox"": 2.23606797749979, ""source_role"": ""context_wind"", ""z"": 29, ""y"": 279, ""x"": 520, ""u"": -147.26757453730738, ""v"": 152.50003767179405, ""base_weight"": 0.008688692392292434, ""time_conf"": 0.5116869459983875, ""qc_flags"": ""high_speed_qc_candidate""}, {""distance_vox"": 2.8284271247461903, ""source_role"": ""current_wind_train"", ""z"": 27, ""y"": 283, ""x"": 519, ""u"": 39.400537680336086, ""v"": -30.783073766282925, ""base_weight"": 0.5669373788524215, ""time_conf"": 1.0, ""qc_flags"": ""ok""}]",3,13.124796189311407,11.830875590086722,default_timepower15_8_4_conservative_v2;moderate_current_support_fresh_context_prefers_10_5,17,679
20260204141800,gaussian,diagnostic_weighted,pydda_3dvar_proxy,diagnostic_adaptive_v3,10,5.0,2,1.0,True,False,29,323,498,28.320000000000004,112.88,14500.0,65.0287234054864,19.881275921146123,68.0,62.355255126953125,15.413304328918457,64.23198418454213,-2.673468278533278,-4.467971592227666,2.673468278533278,4.467971592227666,5.206745892136193,0.0765697925314146,0.5459010601043701,1,1.0,0.0,0,3,1.117885708808899,0.02178955078125,64.30201721191406,27,5.345817371650979,4.747506141662598,5.371137807793091,0.4897427471556319,0.45923975047359544,False,False,0.0,15.53625202178955,0.3855842649936676,0.0,0.6483114361763,0.214076429605484,0.0,True,context_only_nearest_support;strong_wind_vertical_oversmoothing_candidate,2.23606797749979,context_wind,59.970101860911456,16.84178795583223,0.0321455870819903,"[{""distance_vox"": 2.23606797749979, ""source_role"": ""context_wind"", ""z"": 29, ""y"": 325, ""x"": 499, ""u"": 59.970101860911456, ""v"": 16.84178795583223, ""base_weight"": 0.0321455870819903, ""time_conf"": 0.4234366511351573, ""qc_flags"": ""ok""}, {""distance_vox"": 2.8284271247461903, ""source_role"": ""context_wind"", ""z"": 29, ""y"": 325, ""x"": 500, ""u"": 59.26554081338378, ""v"": 17.013367516609243, ""base_weight"": 0.03922763757794164, ""time_conf"": 0.4289398281189104, ""qc_flags"": ""ok""}, {""distance_vox"": 6.4031242374328485, ""source_role"": ""context_wind"", ""z"": 29, ""y"": 327, ""x"": 493, ""u"": 63.80576692409816, ""v"": 12.4025846994754, ""base_weight"": 0.00710166197103742, ""time_conf"": 0.3161955324238331, ""qc_flags"": ""ok""}]",3,4.591696492030371,4.25667454014965,default_timepower15_8_4_conservative_v2;moderate_current_support_fresh_context_prefers_10_5,15,439
20260208140600,gaussian,diagnostic_weighted,pydda_3dvar_proxy,diagnostic_adaptive_v3,8,4.0,2,1.0,True,False,29,387,487,23.200000000000003,112.0,14500.0,27.045923136093915,-7.246933262870568,28.0,28.685651779174805,-8.806900978088379,30.007134532206315,1.6397286430808897,-1.5599677152178106,1.6397286430808897,1.5599677152178106,2.2632298370827857,0.08082963703867092,0.16316866874694824,1,1.0,4.22782798886108,2,1,1.3487160205841064,0.2606945037841797,30.00389862060547,27,1.904149267408583,1.0558066368103027,1.6874909650516465,0.3973445928825895,1.207423200272483,False,False,0.0,16.449777603149414,0.45263567566871643,0.0,0.7824142575263977,0.04552960768342018,0.0,False,,3.7416573867739413,current_wind_train,28.1385760620039,-7.015734972390356,0.5669373788524215,"[{""distance_vox"": 3.7416573867739413, ""source_role"": ""current_wind_train"", ""z"": 26, ""y"": 388, ""x"": 489, ""u"": 28.1385760620039, ""v"": -7.015734972390356, ""base_weight"": 0.5669373788524215, ""time_conf"": 1.0, ""qc_flags"": ""ok""}, {""distance_vox"": 4.123105625617661, ""source_role"": ""context_wind"", ""z"": 29, ""y"": 388, ""x"": 491, ""u"": 28.68914267889106, ""v"": -8.771151141682102, ""base_weight"": 0.07618790211547989, ""time_conf"": 0.7876112128976197, ""qc_flags"": ""ok""}, {""distance_vox"": 5.916079783099616, ""source_role"": ""current_wind_train"", ""z"": 24, ""y"": 388, ""x"": 490, ""u"": 26.503933953086925, ""v"": -5.151842875166718, ""base_weight"": 0.5669373788524215, ""time_conf"": 1.0, ""qc_flags"": ""ok""}]",3,3.7851444247366586,3.5942837999527293,default_timepower15_8_4_conservative_v2,20,1267
20260218004200,gaussian,diagnostic_weighted,pydda_3dvar_proxy,diagnostic_adaptive_v3,8,4.0,2,1.0,True,False,26,317,502,28.800000000000004,113.2,13000.0,11.59110991546882,-3.1058285412302435,12.0,14.023676872253418,-5.073234558105469,14.913122473141934,2.432566956784598,-1.9674060168752252,2.432566956784598,1.9674060168752252,3.1285888886968065,0.26071574072473386,1.0,1,1.0,21.874563488473704,2,1,9.9681396484375,1.2958354949951172,24.796398162841797,27,7.9807870917850074,3.1285886764526367,7.9807870917850074,3.603853806819372,2.1224416979492844e-07,True,False,11.39979076385498,11.699043273925781,0.11765937507152557,0.9618920683860779,0.8372146487236023,0.36494573950767517,0.0,False,,2.0,current_wind_train,26.07999730980485,-6.988114217768048,0.5669373788524215,"[{""distance_vox"": 2.0, ""source_role"": ""current_wind_train"", ""z"": 28, ""y"": 317, ""x"": 502, ""u"": 26.07999730980485, ""v"": -6.988114217768048, ""base_weight"": 0.5669373788524215, ""time_conf"": 1.0, ""qc_flags"": ""ok""}, {""distance_vox"": 2.23606797749979, ""source_role"": ""current_wind_train"", ""z"": 24, ""y"": 318, ""x"": 502, ""u"": -0.24429647691750678, ""v"": -6.99573578913367, ""base_weight"": 0.5669373788524215, ""time_conf"": 1.0, ""qc_flags"": ""ok""}, {""distance_vox"": 2.23606797749979, ""source_role"": ""context_wind"", ""z"": 27, ""y"": 319, ""x"": 502, ""u"": 21.61293027807589, ""v"": -7.8664632964903864, ""base_weight"": 0.09884153979646437, ""time_conf"": 0.8705505632961241, ""qc_flags"": ""ok""}]",5,2.3066833646528724,2.021578597386517,default_timepower15_8_4_conservative_v2,33,697
20260218004200,gaussian,diagnostic_weighted,pydda_3dvar_proxy,diagnostic_adaptive_v3,8,4.0,2,1.0,True,False,29,392,523,22.800000000000004,114.88,14500.0,33.257018424949386,-7.068997487803821,33.99999999999999,34.06668472290039,-7.028566837310791,34.7841883590237,0.8096662979510043,0.04043065049302985,0.8096662979510043,0.04043065049302985,0.8106751208326144,0.023843385906841603,0.7892568707466125,1,1.0,31.335035422165365,1,2,2.9489643573760986,0.0524444580078125,34.9845085144043,27,2.001000651606807,0.6727652549743652,1.9778092738979496,0.8509202538036515,0.13790986585824916,True,False,6.488077163696289,15.915904998779297,0.4611169993877411,0.0998527929186821,0.869273841381073,0.1505141407251358,0.0,True,nearest_current_context_role_gap_ge_30mps,1.0,context_wind,35.649650474696536,-5.0102316345623565,0.1114597423975158,"[{""distance_vox"": 1.0, ""source_role"": ""context_wind"", ""z"": 29, ""y"": 392, ""x"": 524, ""u"": 35.649650474696536, ""v"": -5.0102316345623565, ""base_weight"": 0.1114597423975158, ""time_conf"": 0.9117224885582168, ""qc_flags"": ""ok""}, {""distance_vox"": 2.8284271247461903, ""source_role"": ""current_wind_train"", ""z"": 27, ""y"": 392, ""x"": 521, ""u"": 33.0931501459761, ""v"": -11.394885406000471, ""base_weight"": 0.5669373788524215, ""time_conf"": 1.0, ""qc_flags"": ""ok""}, {""distance_vox"": 5.830951894845301, ""source_role"": ""context_wind"", ""z"": 24, ""y"": 392, ""x"": 520, ""u"": 4.667902132486008, ""v"": 1.7918397477265036, ""base_weight"": 0.00921326332450244, ""time_conf"": 0.3494924835447548, ""qc_flags"": ""ok""}]",5,2.3066833646528724,2.021578597386517,default_timepower15_8_4_conservative_v2,33,697
20260221111800,gaussian,diagnostic_weighted,pydda_3dvar_proxy,diagnostic_adaptive_v3,8,4.0,2,1.0,True,False,25,368,510,24.720000000000002,113.84,12500.0,24.257393156899912,6.0480473899916944,25.0,28.72116470336914,4.774693012237549,29.115339518528156,4.4637715464692285,-1.2733543777541456,4.4637715464692285,1.2733543777541456,4.641840991504765,0.1856736396601906,1.0,1,1.0,0.0,0,3,0.7897790670394897,0.27860069274902344,29.862152099609375,27,4.828966387995967,4.260957717895508,4.828966387995967,0.4056642380472825,0.3808832736092569,False,False,0.0,15.226530075073242,0.5008596181869507,0.0,0.9474335312843323,0.46156927943229675,0.0,True,context_only_nearest_support,1.0,context_wind,26.30799174920135,6.073678467284362,0.1256887964402692,"[{""distance_vox"": 1.0, ""source_role"": ""context_wind"", ""z"": 25, ""y"": 367, ""x"": 510, ""u"": 26.30799174920135, ""v"": 6.073678467284362, ""base_weight"": 0.1256887964402692, ""time_conf"": 0.9548416039104165, ""qc_flags"": ""ok""}, {""distance_vox"": 2.23606797749979, ""source_role"": ""context_wind"", ""z"": 25, ""y"": 366, ""x"": 511, ""u"": 27.388132820546556, ""v"": 5.821527342897274, ""base_weight"": 0.1256887964402692, ""time_conf"": 0.9548416039104165, ""qc_flags"": ""ok""}, {""distance_vox"": 2.449489742783178, ""source_role"": ""context_wind"", ""z"": 27, ""y"": 369, ""x"": 509, ""u"": 31.384865037740067, ""v"": 10.19756081437327, ""base_weight"": 0.043056426797033226, ""time_conf"": 0.6323910648476662, ""qc_flags"": ""ok""}]",1,4.641840991504765,4.641840991504765,default_timepower15_8_4_conservative_v2,1,571
20260125124200,gaussian,diagnostic_weighted,pydda_3dvar_proxy,diagnostic_adaptive_v3,8,4.0,2,1.0,True,False,29,307,507,29.6,113.6,14500.0,56.68774803599158,5.9581224062562415,57.0,0.669499933719635,0.09721154719591141,0.6765206915969523,-56.01824810227195,-5.86091085906033,56.01824810227195,5.86091085906033,56.32401261048032,0.9881405721136898,0.022283433005213737,1,1.0,13.578425208242146,2,1,7.432323932647705,3.408586025238037,8.108747482299805,27,53.86267386542426,48.49909973144531,49.945950916900216,3.6318976732427046,7.824912879035004,False,False,0.0,17.325000762939453,0.5614285469055176,0.0,1.0,0.0,0.0,True,high_vector_error_ge_30mps,4.123105625617661,current_wind_train,54.69870424525504,5.749065479720935,0.5669373788524215,"[{""distance_vox"": 4.123105625617661, ""source_role"": ""current_wind_train"", ""z"": 25, ""y"": 306, ""x"": 507, ""u"": 54.69870424525504, ""v"": 5.749065479720935, ""base_weight"": 0.5669373788524215, ""time_conf"": 1.0, ""qc_flags"": ""ok""}, {""distance_vox"": 4.58257569495584, ""source_role"": ""current_wind_train"", ""z"": 25, ""y"": 305, ""x"": 508, ""u"": 52.6159834984027, ""v"": 12.147356934568723, ""base_weight"": 0.5669373788524215, ""time_conf"": 1.0, ""qc_flags"": ""ok""}, {""distance_vox"": 5.916079783099616, ""source_role"": ""context_wind"", ""z"": 24, ""y"": 308, ""x"": 510, ""u"": 65.53588924916497, ""v"": 13.930083284789905, ""base_weight"": 0.007771303963389177, ""time_conf"": 0.3273461437937433, ""qc_flags"": ""ok""}]",3,32.59671034886314,20.614991892831785,default_timepower15_8_4_conservative_v2,19,611
20260130174200,gaussian,diagnostic_weighted,pydda_3dvar_proxy,diagnostic_adaptive_v3,8,4.0,2,1.0,True,False,28,384,547,23.440000000000005,116.8,14000.0,70.83158801814774,17.66029837877575,73.0,0.0,0.0,0.0,-70.83158801814774,-17.66029837877575,70.83158801814774,17.66029837877575,73.0,1.0,0.0,1,1.0,0.0,0,3,0.0,0.0,0.0,0,nan,nan,nan,nan,nan,False,False,0.0,17.049999237060547,0.5528571605682373,0.0,1.0,0.0,0.0,True,high_vector_error_ge_30mps;near_zero_reconstruction_confidence;remote_nearest_training_support;context_only_nearest_support;strong_wind_vertical_oversmoothing_candidate;strong_wind_vertically_isolated_candidate,31.591137997862628,context_wind,38.28346015445889,7.44155081968524,0.004480663077194731,"[{""distance_vox"": 31.591137997862628, ""source_role"": ""context_wind"", ""z"": 29, ""y"": 390, ""x"": 516, ""u"": 38.28346015445889, ""v"": 7.44155081968524, ""base_weight"": 0.004480663077194731, ""time_conf"": 0.2648657735898238, ""qc_flags"": ""ok""}, {""distance_vox"": 33.97057550292606, ""source_role"": ""context_wind"", ""z"": 24, ""y"": 391, ""x"": 514, ""u"": 21.785897512314545, ""v"": 3.0618082211214483, ""base_weight"": 0.004480663077194731, ""time_conf"": 0.2648657735898238, ""qc_flags"": ""ok""}, {""distance_vox"": 35.07135583350036, ""source_role"": ""context_wind"", ""z"": 23, ""y"": 391, ""x"": 513, ""u"": 10.96254549171121, ""v"": 4.880839716909601, ""base_weight"": 0.004480663077194731, ""time_conf"": 0.2648657735898238, ""qc_flags"": ""ok""}]",9,24.70519159998879,11.153619000166744,default_timepower15_8_4_conservative_v2;dense_current_stale_conflict_prefers_6_3,62,526
20260205015400,gaussian,diagnostic_weighted,pydda_3dvar_proxy,diagnostic_adaptive_v3,10,5.0,2,1.0,True,False,29,258,526,33.52,115.12,14500.0,-10.069126256797398,12.434335383311534,16.0,-6.139646053314209,9.113558769226074,10.98873091399158,3.9294802034831893,-3.32077661408546,3.9294802034831893,3.32077661408546,5.144742169460311,0.3215463855912694,0.3394533693790436,1,1.0,74.77902674538316,2,1,10.702865600585938,4.050727844238281,21.553438186645508,27,6.419672754075792,4.3355183601379395,6.842958787152005,1.0615698342016535,0.8092238093223711,True,False,12.011612892150879,15.41087818145752,0.3021160960197449,0.0722573846578598,0.5319551825523376,0.035109467804431915,0.0,True,nearest_current_context_role_gap_ge_30mps,2.23606797749979,current_wind_train,-6.037676641782177,5.248472231924057,0.5669373788524215,"[{""distance_vox"": 2.23606797749979, ""source_role"": ""current_wind_train"", ""z"": 27, ""y"": 258, ""x"": 525, ""u"": -6.037676641782177, ""v"": 5.248472231924057, ""base_weight"": 0.5669373788524215, ""time_conf"": 1.0, ""qc_flags"": ""ok""}, {""distance_vox"": 3.3166247903554, ""source_role"": ""current_wind_train"", ""z"": 26, ""y"": 257, ""x"": 525, ""u"": -2.5085756468171017, ""v"": 6.535062985480412, ""base_weight"": 0.5669373788524215, ""time_conf"": 1.0, ""qc_flags"": ""ok""}, {""distance_vox"": 4.47213595499958, ""source_role"": ""context_wind"", ""z"": 25, ""y"": 258, ""x"": 524, ""u"": 68.73743416833044, ""v"": 6.0137462495884195, ""base_weight"": 0.045722213965064346, ""time_conf"": 0.647172505297141, ""qc_flags"": ""ok""}]",3,3.4333534217378356,3.109145577685952,default_timepower15_8_4_conservative_v2;moderate_current_support_fresh_context_prefers_10_5,15,549
20260208151800,gaussian,diagnostic_weighted,pydda_3dvar_proxy,diagnostic_adaptive_v3,10,5.0,2,1.0,True,False,29,393,509,22.720000000000006,113.76,14500.0,21.34650597807192,5.322281703192691,22.0,23.079607009887695,-3.093778133392334,23.28604137395435,1.7331010318157745,-8.416059836585024,1.7331010318157745,8.416059836585024,8.592653976476676,0.3905751807489398,1.0,1,1.0,0.0,0,3,0.7696278691291809,0.06754493713378906,23.484573364257812,27,8.797236248298928,7.784395694732666,8.857367904933092,0.557141399605128,0.8082582817440098,False,False,0.0,15.282062530517578,0.376892626285553,0.0,0.6309281587600708,0.3647172749042511,0.0,True,context_only_nearest_support,1.0,context_wind,21.986598194420107,-0.7677889274550282,0.02689503204719665,"[{""distance_vox"": 1.0, ""source_role"": ""context_wind"", ""z"": 29, ""y"": 393, ""x"": 510, ""u"": 21.986598194420107, ""v"": -0.7677889274550282, ""base_weight"": 0.02689503204719665, ""time_conf"": 0.5276955701815529, ""qc_flags"": ""ok""}, {""distance_vox"": 2.0, ""source_role"": ""context_wind"", ""z"": 29, ""y"": 393, ""x"": 511, ""u"": 21.0, ""v"": 3.857637417314163e-15, ""base_weight"": 0.02689503204719665, ""time_conf"": 0.5276955701815529, ""qc_flags"": ""ok""}, {""distance_vox"": 2.23606797749979, ""source_role"": ""context_wind"", ""z"": 29, ""y"": 394, ""x"": 511, ""u"": 20.993603683700503, ""v"": -0.3664447153762615, ""base_weight"": 0.04616616460789853, ""time_conf"": 0.5276955701815529, ""qc_flags"": ""ok""}]",3,7.172714049066334,6.488240250724377,default_timepower15_8_4_conservative_v2;moderate_current_support_fresh_context_prefers_10_5,15,1110
20260218021200,gaussian,diagnostic_weighted,pydda_3dvar_proxy,diagnostic_adaptive_v3,8,4.0,2,1.0,True,False,24,285,517,31.36,114.4,12000.0,20.572015216850694,-12.360913797841299,23.999999999999996,20.179550170898438,-13.657171249389648,24.366628236893227,-0.39246504595225673,-1.2962574515483496,0.39246504595225673,1.2962574515483496,1.354367820419892,0.056431992517495505,1.0,1,1.0,10.810469258780786,2,1,5.631553649902344,0.6711521148681641,28.260404586791992,27,3.749017318089803,1.1191390752792358,3.776594277471184,1.6882271187021551,0.23522874514065606,True,False,3.805243968963623,13.685547828674316,0.3307448625564575,0.21472875773906708,0.7746569514274597,0.21381710469722748,0.0,False,,2.23606797749979,current_wind_train,15.407232379623048,-7.184510449591893,0.5669373788524215,"[{""distance_vox"": 2.23606797749979, ""source_role"": ""current_wind_train"", ""z"": 22, ""y"": 286, ""x"": 517, ""u"": 15.407232379623048, ""v"": -7.184510449591893, ""base_weight"": 0.5669373788524215, ""time_conf"": 1.0, ""qc_flags"": ""ok""}, {""distance_vox"": 2.23606797749979, ""source_role"": ""context_wind"", ""z"": 24, ""y"": 287, ""x"": 518, ""u"": 21.84345884812359, ""v"": -15.870201811896766, ""base_weight"": 0.0675627755544156, ""time_conf"": 0.7520439537809918, ""qc_flags"": ""ok""}, {""distance_vox"": 2.449489742783178, ""source_role"": ""current_wind_train"", ""z"": 26, ""y"": 284, ""x"": 518, ""u"": 22.652475842498532, ""v"": -16.45798706418924, ""base_weight"": 0.5669373788524215, ""time_conf"": 1.0, ""qc_flags"": ""ok""}]",6,4.192221093531228,3.4543377294631177,default_timepower15_8_4_conservative_v2,41,752
20260218021200,gaussian,diagnostic_weighted,pydda_3dvar_proxy,diagnostic_adaptive_v3,8,4.0,2,1.0,True,False,28,393,497,22.720000000000006,112.80000000000001,14000.0,35.912305809353676,-2.511233054788508,36.0,33.152889251708984,-2.1108896732330322,33.22002289205477,-2.759416557644691,0.40034338155547555,2.759416557644691,0.40034338155547555,2.7883067553192475,0.07745296542553465,0.3978060185909271,1,1.0,0.0,0,3,2.893928050994873,1.2152633666992188,33.61246871948242,27,3.677488600766217,2.041978359222412,4.091977862656545,1.535319090682908,0.7463283960968354,False,False,0.0,15.828702926635742,0.43808987736701965,0.0,0.7704654335975647,0.13167791068553925,0.0,True,context_only_nearest_support,0.0,context_wind,36.4378868614517,-6.4249825736764095,0.01713967445892331,"[{""distance_vox"": 0.0, ""source_role"": ""context_wind"", ""z"": 28, ""y"": 393, ""x"": 497, ""u"": 36.4378868614517, ""v"": -6.4249825736764095, ""base_weight"": 0.01713967445892331, ""time_conf"": 0.44373731331093275, ""qc_flags"": ""ok""}, {""distance_vox"": 1.7320508075688772, ""source_role"": ""context_wind"", ""z"": 29, ""y"": 392, ""x"": 496, ""u"": 35.73166145908759, ""v"": -4.3872963625853165, ""base_weight"": 0.016466819488517907, ""time_conf"": 0.43695467884476347, ""qc_flags"": ""ok""}, {""distance_vox"": 2.23606797749979, ""source_role"": ""context_wind"", ""z"": 26, ""y"": 394, ""x"": 497, ""u"": 34.99466933047369, ""v"": -0.6108342253049095, ""base_weight"": 0.016466819488517907, ""time_conf"": 0.43695467884476347, ""qc_flags"": ""ok""}]",6,4.192221093531228,3.4543377294631177,default_timepower15_8_4_conservative_v2,41,752
20260218021200,gaussian,diagnostic_weighted,pydda_3dvar_proxy,diagnostic_adaptive_v3,8,4.0,2,1.0,True,False,29,444,458,18.64,109.68,14500.0,13.11929560709094,7.272144303695052,15.000000000000002,14.433456420898438,4.117876052856445,15.009382646886676,1.3141608138074972,-3.154268250838607,1.3141608138074972,3.154268250838607,3.417078700117343,0.22780524667448948,0.7553099393844604,1,1.0,0.0,0,3,0.5570138692855835,0.05060386657714844,15.125691413879395,27,3.3036085499657526,2.7464253902435303,3.2820641184812085,0.3087544845999871,0.6706533098738126,False,False,0.0,15.674574851989746,0.436364084482193,0.0,0.7498710751533508,0.25001540780067444,0.0,True,context_only_nearest_support,1.4142135623730951,context_wind,14.554435894139948,3.6288284339950168,0.01932774118961275,"[{""distance_vox"": 1.4142135623730951, ""source_role"": ""context_wind"", ""z"": 28, ""y"": 444, ""x"": 459, ""u"": 14.554435894139948, ""v"": 3.6288284339950168, ""base_weight"": 0.01932774118961275, ""time_conf"": 0.4647234803067549, ""qc_flags"": ""ok""}, {""distance_vox"": 1.4142135623730951, ""source_role"": ""context_wind"", ""z"": 29, ""y"": 443, ""x"": 459, ""u"": 14.176749576382196, ""v"": 4.2898678598216655, ""base_weight"": 0.059908648999175744, ""time_conf"": 0.5699831730192172, ""qc_flags"": ""ok""}, {""distance_vox"": 1.7320508075688772, ""source_role"": ""context_wind"", ""z"": 28, ""y"": 443, ""x"": 459, ""u"": 11.876090949353813, ""v"": 5.287576359985401, ""base_weight"": 0.03094190303332642, ""time_conf"": 0.5569252295784685, ""qc_flags"": ""ok""}]",6,4.192221093531228,3.4543377294631177,default_timepower15_8_4_conservative_v2,41,752
20260221124200,gaussian,diagnostic_weighted,pydda_3dvar_proxy,diagnostic_adaptive_v3,10,5.0,2,1.0,True,False,25,324,502,28.240000000000002,113.2,12500.0,16.71247785185003,-19.917155521093424,26.0,15.508584022521973,-15.774084091186523,22.12098341619214,-1.2038938293280559,4.1430714299069,1.2038938293280559,4.1430714299069,4.314441009633227,0.1659400388320472,1.0,1,1.0,3.0353297647952955,1,2,1.0483859777450562,0.022977828979492188,22.851470947265625,27,4.413732678801925,3.203162431716919,4.413732678801925,0.7557028117183,1.1112785779163081,True,False,6.61669921875,14.340412139892578,0.3832208514213562,0.08672147989273071,0.772861123085022,0.7200390696525574,0.0,False,,0.0,context_wind,16.401475724762683,-18.867739505569297,0.12823098835990984,"[{""distance_vox"": 0.0, ""source_role"": ""context_wind"", ""z"": 25, ""y"": 324, ""x"": 502, ""u"": 16.401475724762683, ""v"": -18.867739505569297, ""base_weight"": 0.12823098835990984, ""time_conf"": 0.9622238368941451, ""qc_flags"": ""ok""}, {""distance_vox"": 1.0, ""source_role"": ""context_wind"", ""z"": 26, ""y"": 324, ""x"": 502, ""u"": 17.35526546153657, ""v"": -20.6831999642124, ""base_weight"": 0.12823098835990984, ""time_conf"": 0.9622238368941451, ""qc_flags"": ""ok""}, {""distance_vox"": 2.0, ""source_role"": ""current_wind_train"", ""z"": 27, ""y"": 324, ""x"": 502, ""u"": 18.735656978048027, ""v"": -20.80805511336704, ""base_weight"": 0.5669373788524215, ""time_conf"": 1.0, ""qc_flags"": ""ok""}]",3,3.024286687313245,2.7299239160023423,default_timepower15_8_4_conservative_v2;moderate_current_support_fresh_context_prefers_10_5,14,571
20260221124200,gaussian,diagnostic_weighted,pydda_3dvar_proxy,diagnostic_adaptive_v3,10,5.0,2,1.0,True,False,28,394,512,22.64,114.0,14000.0,44.66457682385949,5.484120453231623,45.0,44.881431579589844,6.5897216796875,45.3626204319057,0.21685475573035262,1.1056012264558772,0.21685475573035262,1.1056012264558772,1.1266676781658427,0.025037059514796504,1.0,1,1.0,0.0,3,0,1.5861798524856567,0.20801544189453125,46.34189987182617,27,1.5381341554500438,1.040794014930725,1.5381341554500438,0.40133669436828645,0.08587366323511758,True,False,3.8873343467712402,11.608567237854004,0.05000000074505806,1.0,0.6844143867492676,0.5205288529396057,0.0,False,,1.0,current_wind_train,45.65712297550082,5.60598979663677,0.5669373788524215,"[{""distance_vox"": 1.0, ""source_role"": ""current_wind_train"", ""z"": 29, ""y"": 394, ""x"": 512, ""u"": 45.65712297550082, ""v"": 5.60598979663677, ""base_weight"": 0.5669373788524215, ""time_conf"": 1.0, ""qc_flags"": ""ok""}, {""distance_vox"": 1.4142135623730951, ""source_role"": ""current_wind_train"", ""z"": 27, ""y"": 394, ""x"": 511, ""u"": 42.47059864559092, ""v"": 6.726681996729934, ""base_weight"": 0.5669373788524215, ""time_conf"": 1.0, ""qc_flags"": ""ok""}, {""distance_vox"": 1.4142135623730951, ""source_role"": ""current_wind_train"", ""z"": 29, ""y"": 393, ""x"": 512, ""u"": 46.74252908230885, ""v"": 4.9128377735797075, ""base_weight"": 0.5669373788524215, ""time_conf"": 1.0, ""qc_flags"": ""ok""}]",3,3.024286687313245,2.7299239160023423,default_timepower15_8_4_conservative_v2;moderate_current_support_fresh_context_prefers_10_5,14,571
20260221124200,gaussian,diagnostic_weighted,pydda_3dvar_proxy,diagnostic_adaptive_v3,10,5.0,2,1.0,True,False,29,435,464,19.36,110.16,14500.0,38.941721891805074,-15.733476923468302,42.0,39.3232536315918,-13.011422157287598,41.41998772005675,0.3815317397867233,2.7220547661807046,0.3815317397867233,2.7220547661807046,2.7486630602079574,0.06544435857637994,0.2340080440044403,1,1.0,0.0,0,3,0.001813486684113741,0.001026153564453125,41.41975021362305,27,2.980229059855143,2.7486557960510254,2.9815306513387454,0.19343099441827122,7.264156931974242e-06,False,False,0.0,15.822219848632812,0.3693446218967438,0.0,0.6158321499824524,0.060006119310855865,0.0,True,context_only_nearest_support,5.0990195135927845,context_wind,34.98418729717473,-12.046021714914783,0.016466819488517907,"[{""distance_vox"": 5.0990195135927845, ""source_role"": ""context_wind"", ""z"": 29, ""y"": 430, ""x"": 463, ""u"": 34.98418729717473, ""v"": -12.046021714914783, ""base_weight"": 0.016466819488517907, ""time_conf"": 0.43695467884476347, ""qc_flags"": ""ok""}, {""distance_vox"": 5.385164807134504, ""source_role"": ""context_wind"", ""z"": 29, ""y"": 430, ""x"": 462, ""u"": 45.9026282862257, ""v"": -14.033841826691361, ""base_weight"": 0.05642085766854281, ""time_conf"": 0.7016818199634473, ""qc_flags"": ""ok""}, {""distance_vox"": 7.810249675906654, ""source_role"": ""context_wind"", ""z"": 29, ""y"": 440, ""x"": 458, ""u"": 28.940993221413255, ""v"": -11.109406435904312, ""base_weight"": 0.005930512119877212, ""time_conf"": 0.29502086352798257, ""qc_flags"": ""ok""}]",3,3.024286687313245,2.7299239160023423,default_timepower15_8_4_conservative_v2;moderate_current_support_fresh_context_prefers_10_5,14,571
20260130181800,gaussian,diagnostic_weighted,pydda_3dvar_proxy,diagnostic_adaptive_v3,8,4.0,2,1.0,True,False,24,287,530,31.2,115.44,12000.0,54.96649548605027,1.9194723186375418,55.00000000000001,58.446624755859375,5.153472423553467,58.67338598864531,3.4801292698091046,3.234000104915925,3.4801292698091046,3.234000104915925,4.750795345326745,0.08637809718775899,0.0549519918859005,1,1.0,0.0,0,3,16.394573211669922,7.986797332763672,58.90279769897461,27,11.037957632983172,2.954632043838501,5.538691526964517,11.60473840535404,1.796163301488244,False,False,0.0,15.739290237426758,0.49186617136001587,0.0,0.946589469909668,0.005948376841843128,0.0,True,context_only_nearest_support,4.0,context_wind,53.96710465903117,1.884572821935041,0.18941813382885322,"[{""distance_vox"": 4.0, ""source_role"": ""context_wind"", ""z"": 20, ""y"": 287, ""x"": 530, ""u"": 53.96710465903117, ""v"": 1.884572821935041, ""base_weight"": 0.18941813382885322, ""time_conf"": 0.9082183626944031, ""qc_flags"": ""ok""}, {""distance_vox"": 4.123105625617661, ""source_role"": ""context_wind"", ""z"": 20, ""y"": 287, ""x"": 531, ""u"": 51.92873580723784, ""v"": 2.7214697246331045, ""base_weight"": 0.11034936133238137, ""time_conf"": 0.9082183626944031, ""qc_flags"": ""ok""}, {""distance_vox"": 4.242640687119285, ""source_role"": ""context_wind"", ""z"": 20, ""y"": 288, ""x"": 529, ""u"": 54.45759089477243, ""v"": 1.9278955453904534, ""base_weight"": 0.18941813382885322, ""time_conf"": 0.9082183626944031, ""qc_flags"": ""ok""}]",1,4.750795345326745,4.750795345326745,default_timepower15_8_4_conservative_v2,0,543
20260202070000,gaussian,diagnostic_weighted,pydda_3dvar_proxy,diagnostic_adaptive_v3,8,4.0,2,1.0,True,False,29,248,517,34.32000000000001,114.4,14500.0,9.027225347280725,-11.979532650709393,15.0,11.681046485900879,-13.033153533935547,17.501712431785464,2.6538211386201542,-1.053620883226154,2.6538211386201542,1.053620883226154,2.85532548080905,0.19035503205393667,1.0,1,1.0,13.778068155234868,1,2,1.8208781480789185,0.1458587646484375,18.972246170043945,27,2.950158366450557,1.1125898361206055,2.6669759042772654,1.3743619714564081,1.7427356446884446,True,False,4.758419036865234,15.085240364074707,0.3723868131637573,0.13208353519439697,0.7143748998641968,0.20846226811408997,0.0,False,,1.7320508075688772,context_wind,19.972186842198226,-6.489356881873892,0.0072453007693241865,"[{""distance_vox"": 1.7320508075688772, ""source_role"": ""context_wind"", ""z"": 28, ""y"": 249, ""x"": 516, ""u"": 19.972186842198226, ""v"": -6.489356881873892, ""base_weight"": 0.0072453007693241865, ""time_conf"": 0.3186401568298155, ""qc_flags"": ""ok""}, {""distance_vox"": 2.0, ""source_role"": ""context_wind"", ""z"": 29, ""y"": 246, ""x"": 517, ""u"": 14.05174273353602, ""v"": -15.60604133502528, ""base_weight"": 0.07246778044972424, ""time_conf"": 0.7725915361166825, ""qc_flags"": ""ok""}, {""distance_vox"": 2.23606797749979, ""source_role"": ""current_wind_train"", ""z"": 27, ""y"": 247, ""x"": 517, ""u"": 8.240609198560872, ""v"": -13.714676811233794, ""base_weight"": 0.5669373788524215, ""time_conf"": 1.0, ""qc_flags"": ""ok""}]",2,3.9921819008324895,3.862932184291155,default_timepower15_8_4_conservative_v2,9,803
20260205060000,gaussian,diagnostic_weighted,pydda_3dvar_proxy,diagnostic_adaptive_v3,10,5.0,2,1.0,True,False,27,251,490,34.08,112.24000000000001,13500.0,-20.83238084286929,9.714298724631435,22.9859890214392,-18.542736053466797,10.141571998596191,21.134912891972082,2.2896447894024945,0.42727327396475623,2.2896447894024945,0.42727327396475623,2.32917060609191,0.10133001472851465,1.0,2,1.0,32.14799660461387,2,1,3.6774628162384033,0.2222614288330078,21.44679832458496,27,3.586649938865944,2.2776830196380615,3.586649938865944,1.3517816477111455,0.05148758645384843,True,True,37.267452239990234,11.913987159729004,0.12443527579307556,1.0,0.8602991104125977,0.34688928723335266,0.3037240207195282,True,nearest_current_context_role_gap_ge_30mps;role_conflict_triggered_at_holdout_voxel,1.4142135623730951,current_wind_train,-20.3867977526916,6.82592813996567,0.973165761934816,"[{""distance_vox"": 1.4142135623730951, ""source_role"": ""current_wind_train"", ""z"": 26, ""y"": 251, ""x"": 491, ""u"": -20.3867977526916, ""v"": 6.82592813996567, ""base_weight"": 0.973165761934816, ""time_conf"": 1.0, ""qc_flags"": ""ok""}, {""distance_vox"": 1.4142135623730951, ""source_role"": ""current_wind_train"", ""z"": 27, ""y"": 252, ""x"": 489, ""u"": -19.714847916148585, ""v"": 11.845875722931249, ""base_weight"": 0.5669373788524215, ""time_conf"": 1.0, ""qc_flags"": ""ok""}, {""distance_vox"": 1.4142135623730951, ""source_role"": ""context_wind"", ""z"": 26, ""y"": 252, ""x"": 490, ""u"": 10.000000000000002, ""v"": 17.32050807568877, ""base_weight"": 0.11371413630145333, ""time_conf"": 0.9187713517408406, ""qc_flags"": ""ok""}]",3,1.9569499564739878,1.6851911284977394,default_timepower15_8_4_conservative_v2;moderate_current_support_fresh_context_prefers_10_5,14,664
20260205060000,gaussian,diagnostic_weighted,pydda_3dvar_proxy,diagnostic_adaptive_v3,10,5.0,2,1.0,True,False,29,253,486,33.92,111.91999999999999,14500.0,-15.981019249451784,14.37763209955181,21.496727216983775,-15.73386287689209,14.246363639831543,21.225299008192025,0.2471563725596937,-0.13126845972026757,0.2471563725596937,0.13126845972026757,0.27985296320424696,0.013018398585955234,1.0,2,1.0,41.27003921324224,2,1,0.9776255488395691,0.04195594787597656,21.477909088134766,27,0.5633415756402192,0.23423078656196594,0.5633415756402192,0.249788823293729,0.04562217664228102,True,True,40.89545440673828,12.412967681884766,0.13384783267974854,1.0,0.844838559627533,0.6189520955085754,0.5361067056655884,True,nearest_current_context_role_gap_ge_30mps;role_conflict_triggered_at_holdout_voxel,0.0,context_wind,21.962558017121935,2.819944503652834,0.16463278352612723,"[{""distance_vox"": 0.0, ""source_role"": ""context_wind"", ""z"": 29, ""y"": 253, ""x"": 486, ""u"": 21.962558017121935, ""v"": 2.819944503652834, ""base_weight"": 0.16463278352612723, ""time_conf"": 0.8766081822547152, ""qc_flags"": ""ok""}, {""distance_vox"": 1.0, ""source_role"": ""current_wind_train"", ""z"": 29, ""y"": 253, ""x"": 485, ""u"": -14.384604828057181, ""v"": 13.891051412490459, ""base_weight"": 0.973165761934816, ""time_conf"": 1.0, ""qc_flags"": ""ok""}, {""distance_vox"": 1.4142135623730951, ""source_role"": ""current_wind_train"", ""z"": 29, ""y"": 252, ""x"": 487, ""u"": -17.488671268430124, ""v"": 14.936736344786034, ""base_weight"": 0.973165761934816, ""time_conf"": 1.0, ""qc_flags"": ""ok""}]",3,1.9569499564739878,1.6851911284977394,default_timepower15_8_4_conservative_v2;moderate_current_support_fresh_context_prefers_10_5,14,664
20260218034200,gaussian,diagnostic_weighted,pydda_3dvar_proxy,diagnostic_adaptive_v3,8,4.0,2,1.0,True,False,25,374,546,24.240000000000002,116.72,12500.0,-22.437908126656893,-20.92721465038454,30.682373345677885,-6.3843770027160645,-4.220819473266602,7.653468934980811,16.05353112394083,16.706395177117937,16.05353112394083,16.706395177117937,23.169365579604598,0.7551360293602706,1.0,3,1.0,0.0,3,0,2.498474597930908,0.9140100479125977,10.151659965515137,27,22.678938971625435,20.031972885131836,22.678938971625435,1.4572026059563314,3.137392694472762,True,True,12.142133712768555,11.1940336227417,0.08154171705245972,1.0,0.8087977170944214,0.24239155650138855,0.22262653708457947,True,role_conflict_triggered_at_holdout_voxel,1.0,current_wind_train,22.17440896325727,-11.790342387282726,0.973165761934816,"[{""distance_vox"": 1.0, ""source_role"": ""current_wind_train"", ""z"": 25, ""y"": 373, ""x"": 546, ""u"": 22.17440896325727, ""v"": -11.790342387282726, ""base_weight"": 0.973165761934816, ""time_conf"": 1.0, ""qc_flags"": ""ok""}, {""distance_vox"": 1.0, ""source_role"": ""current_wind_train"", ""z"": 25, ""y"": 375, ""x"": 546, ""u"": -19.054815251579203, ""v"": -12.246359380955344, ""base_weight"": 0.973165761934816, ""time_conf"": 1.0, ""qc_flags"": ""ok""}, {""distance_vox"": 2.0, ""source_role"": ""current_wind_train"", ""z"": 25, ""y"": 376, ""x"": 546, ""u"": -15.956175162946186, ""v"": -0.8362277061412281, ""base_weight"": 0.973165761934816, ""time_conf"": 1.0, ""qc_flags"": ""ok""}]",5,21.012177426466657,17.556920705380882,default_timepower15_8_4_conservative_v2,28,918
20260218034200,gaussian,diagnostic_weighted,pydda_3dvar_proxy,diagnostic_adaptive_v3,8,4.0,2,1.0,True,False,27,372,546,24.400000000000002,116.72,13500.0,14.37543918085127,10.83267041673687,18.0,-14.59834098815918,-9.726374626159668,17.541776505672708,-28.97378016901045,-20.559045042896535,28.97378016901045,20.559045042896535,35.52681058521848,1.9737116991788044,1.0,1,1.0,0.0,3,0,12.04148006439209,2.8456649780273438,29.40373992919922,27,37.34692404005263,28.726112365722656,34.09875541444388,7.425738371613787,6.800698219495821,True,True,44.38698959350586,12.071200370788574,0.05000000074505806,1.0,0.7005367875099182,0.039015039801597595,0.037064287811517715,True,high_vector_error_ge_30mps;role_conflict_triggered_at_holdout_voxel,1.0,current_wind_train,-30.294221822404506,-15.435676991144591,0.5669373788524215,"[{""distance_vox"": 1.0, ""source_role"": ""current_wind_train"", ""z"": 26, ""y"": 372, ""x"": 546, ""u"": -30.294221822404506, ""v"": -15.435676991144591, ""base_weight"": 0.5669373788524215, ""time_conf"": 1.0, ""qc_flags"": ""ok""}, {""distance_vox"": 2.23606797749979, ""source_role"": ""current_wind_train"", ""z"": 25, ""y"": 373, ""x"": 546, ""u"": 22.17440896325727, ""v"": -11.790342387282726, ""base_weight"": 0.973165761934816, ""time_conf"": 1.0, ""qc_flags"": ""ok""}, {""distance_vox"": 3.605551275463989, ""source_role"": ""current_wind_train"", ""z"": 25, ""y"": 375, ""x"": 546, ""u"": -19.054815251579203, ""v"": -12.246359380955344, ""base_weight"": 0.973165761934816, ""time_conf"": 1.0, ""qc_flags"": ""ok""}]",5,21.012177426466657,17.556920705380882,default_timepower15_8_4_conservative_v2,28,918
20260218034200,gaussian,diagnostic_weighted,pydda_3dvar_proxy,diagnostic_adaptive_v3,8,4.0,2,1.0,True,False,30,371,546,24.480000000000004,116.72,15000.0,23.368645203778335,11.39764981651602,25.999999999999996,7.639583587646484,1.4710646867752075,7.779927294346302,-15.729061616131851,-9.926585129740813,15.729061616131851,9.926585129740813,18.59947503727091,0.7153644245104197,0.011267404071986675,1,1.0,79.23904709734374,2,1,37.269161224365234,18.63458251953125,45.04909133911133,18,19.830832693311905,18.596477508544922,20.655145161379455,1.2323147892569257,0.002997528725988019,False,False,0.0,17.600000381469727,0.5699999928474426,0.0,1.0,0.0,0.0,True,nearest_current_context_role_gap_ge_30mps;rapid_reconstructed_vertical_jump_ge_25mps,4.123105625617661,current_wind_train,-30.294221822404506,-15.435676991144591,0.5669373788524215,"[{""distance_vox"": 4.123105625617661, ""source_role"": ""current_wind_train"", ""z"": 26, ""y"": 372, ""x"": 546, ""u"": -30.294221822404506, ""v"": -15.435676991144591, ""base_weight"": 0.5669373788524215, ""time_conf"": 1.0, ""qc_flags"": ""ok""}, {""distance_vox"": 5.385164807134504, ""source_role"": ""current_wind_train"", ""z"": 25, ""y"": 373, ""x"": 546, ""u"": 22.17440896325727, ""v"": -11.790342387282726, ""base_weight"": 0.973165761934816, ""time_conf"": 1.0, ""qc_flags"": ""ok""}, {""distance_vox"": 5.830951894845301, ""source_role"": ""context_wind"", ""z"": 27, ""y"": 375, ""x"": 543, ""u"": 45.15485043859254, ""v"": 8.777213787321053, ""base_weight"": 0.0393463169416289, ""time_conf"": 0.6108495036238286, ""qc_flags"": ""ok""}]",5,21.012177426466657,17.556920705380882,default_timepower15_8_4_conservative_v2,28,918
20260221181800,gaussian,diagnostic_weighted,pydda_3dvar_proxy,diagnostic_adaptive_v3,8,4.0,2,1.0,True,False,24,243,515,34.72,114.24000000000001,12000.0,68.47606917325106,-22.249223594996202,72.0,53.993221282958984,-20.950931549072266,57.915537442766485,-14.482847890292078,1.2982920459239367,14.482847890292078,1.2982920459239367,14.540923122341546,0.20195726558807703,1.0,1,1.0,0.0,0,3,2.9248359203338623,0.6818771362304688,60.82218933105469,27,14.124559614393446,9.607830047607422,14.167017301773326,2.090956300254298,4.933093074734124,False,False,0.0,14.141789436340332,0.3696001172065735,0.0,0.7020573616027832,0.13614192605018616,0.0,True,context_only_nearest_support,2.449489742783178,context_wind,73.27983708687621,-10.298809471044844,0.004304764962593561,"[{""distance_vox"": 2.449489742783178, ""source_role"": ""context_wind"", ""z"": 25, ""y"": 245, ""x"": 516, ""u"": 73.27983708687621, ""v"": -10.298809471044844, ""base_weight"": 0.004304764962593561, ""time_conf"": 0.2608172348012904, ""qc_flags"": ""ok""}, {""distance_vox"": 3.7416573867739413, ""source_role"": ""context_wind"", ""z"": 25, ""y"": 245, ""x"": 512, ""u"": 28.1385760620039, ""v"": -7.015734972390356, ""base_weight"": 0.00443602594334581, ""time_conf"": 0.26384778509077644, ""qc_flags"": ""ok""}, {""distance_vox"": 4.123105625617661, ""source_role"": ""context_wind"", ""z"": 22, ""y"": 241, ""x"": 512, ""u"": 49.70726208643178, ""v"": -21.09948093842077, ""base_weight"": 0.07393351972889005, ""time_conf"": 0.7785647265364468, ""qc_flags"": ""ok""}]",1,14.540923122341546,14.540923122341546,default_timepower15_8_4_conservative_v2,1,348
20260131034200,gaussian,diagnostic_weighted,pydda_3dvar_proxy,diagnostic_adaptive_v3,8,4.0,2,1.0,True,False,27,259,515,33.440000000000005,114.24000000000001,13500.0,32.335921554035224,-10.506577808748206,34.0,30.63206672668457,-11.31616497039795,32.65546051712206,-1.7038548273506535,-0.809587161649743,1.7038548273506535,0.809587161649743,1.8864126391100682,0.055482724679707884,1.0,1,1.0,0.0,3,0,4.024279594421387,0.7085037231445312,35.17313766479492,27,2.8823128430931657,0.9178421497344971,2.8823128430931657,1.8764289827848195,0.9685704893755711,True,True,27.908998489379883,12.35930061340332,0.11992749571800232,1.0,0.8512835502624512,0.12401339411735535,0.1091407760977745,True,role_conflict_triggered_at_holdout_voxel,1.0,current_wind_train,31.105247600972838,-10.98717609709891,0.973165761934816,"[{""distance_vox"": 1.0, ""source_role"": ""current_wind_train"", ""z"": 27, ""y"": 259, ""x"": 514, ""u"": 31.105247600972838, ""v"": -10.98717609709891, ""base_weight"": 0.973165761934816, ""time_conf"": 1.0, ""qc_flags"": ""ok""}, {""distance_vox"": 1.0, ""source_role"": ""current_wind_train"", ""z"": 27, ""y"": 260, ""x"": 515, ""u"": 36.52794444565611, ""v"": -10.474219521045976, ""base_weight"": 0.5669373788524215, ""time_conf"": 1.0, ""qc_flags"": ""ok""}, {""distance_vox"": 1.4142135623730951, ""source_role"": ""current_wind_train"", ""z"": 27, ""y"": 258, ""x"": 514, ""u"": 27.37137537862674, ""v"": -14.553618446362602, ""base_weight"": 0.5669373788524215, ""time_conf"": 1.0, ""qc_flags"": ""ok""}]",4,2.8870946694243775,2.6987901366288343,default_timepower15_8_4_conservative_v2,25,1089
20260131034200,gaussian,diagnostic_weighted,pydda_3dvar_proxy,diagnostic_adaptive_v3,8,4.0,2,1.0,True,False,30,261,514,33.28,114.16,15000.0,35.739255572695534,-9.57630466879325,37.0,36.37773513793945,-7.2226996421813965,37.0878282444152,0.6384795652439195,2.353605026611854,0.6384795652439195,2.353605026611854,2.4386702886053806,0.06591000780014541,1.0,1,1.0,0.0,3,0,1.451440691947937,0.16597747802734375,37.087825775146484,18,1.7392467591497633,1.00761878490448,1.7392467591497633,0.6953482662541699,1.4310515037009006,True,True,59.216773986816406,15.133567810058594,0.29744645953178406,0.5132865309715271,0.8141934871673584,0.006475384347140789,0.004549304023385048,True,role_conflict_triggered_at_holdout_voxel,1.4142135623730951,current_wind_train,36.320205787563566,-7.059932828932169,0.5669373788524215,"[{""distance_vox"": 1.4142135623730951, ""source_role"": ""current_wind_train"", ""z"": 29, ""y"": 260, ""x"": 514, ""u"": 36.320205787563566, ""v"": -7.059932828932169, ""base_weight"": 0.5669373788524215, ""time_conf"": 1.0, ""qc_flags"": ""ok""}, {""distance_vox"": 2.449489742783178, ""source_role"": ""current_wind_train"", ""z"": 28, ""y"": 260, ""x"": 515, ""u"": 38.000432526624174, ""v"": -8.773091119410731, ""base_weight"": 0.5669373788524215, ""time_conf"": 1.0, ""qc_flags"": ""ok""}, {""distance_vox"": 3.3166247903554, ""source_role"": ""current_wind_train"", ""z"": 27, ""y"": 260, ""x"": 515, ""u"": 36.52794444565611, ""v"": -10.474219521045976, ""base_weight"": 0.5669373788524215, ""time_conf"": 1.0, ""qc_flags"": ""ok""}]",4,2.8870946694243775,2.6987901366288343,default_timepower15_8_4_conservative_v2,25,1089
20260202114800,gaussian,diagnostic_weighted,pydda_3dvar_proxy,diagnostic_adaptive_v3,10,5.0,2,1.0,True,False,29,319,503,28.640000000000004,113.28,14500.0,27.615145603573207,11.721933854678214,30.0,25.927875518798828,11.884156227111816,28.521709243113886,-1.6872700847743793,0.16222237243360205,1.6872700847743793,0.16222237243360205,1.6950505706593322,0.05650168568864441,1.0,1,1.0,0.0,0,3,3.211881637573242,0.197052001953125,30.646732330322266,27,2.45271842568009,0.7209946513175964,2.480379957188522,1.7638827653797728,0.9740559193417357,True,False,7.701054096221924,15.358208656311035,0.4151773154735565,0.13955214619636536,0.805184006690979,0.689253032207489,0.0,True,context_only_nearest_support,1.0,context_wind,28.17651083804589,11.967679092052862,0.21874498252630212,"[{""distance_vox"": 1.0, ""source_role"": ""context_wind"", ""z"": 29, ""y"": 319, ""x"": 502, ""u"": 28.17651083804589, ""v"": 11.967679092052862, ""base_weight"": 0.21874498252630212, ""time_conf"": 0.8800952366412375, ""qc_flags"": ""ok""}, {""distance_vox"": 1.4142135623730951, ""source_role"": ""context_wind"", ""z"": 28, ""y"": 319, ""x"": 502, ""u"": 23.143517118957032, ""v"": 13.906028022571471, ""base_weight"": 0.1114597423975158, ""time_conf"": 0.9117224885582168, ""qc_flags"": ""ok""}, {""distance_vox"": 1.7320508075688772, ""source_role"": ""context_wind"", ""z"": 30, ""y"": 318, ""x"": 502, ""u"": 33.13817472428785, ""v"": 14.066320625613859, ""base_weight"": 0.07032347560203997, ""time_conf"": 0.7637175654573216, ""qc_flags"": ""ok""}]",2,3.0267344485335945,2.812789033964146,default_timepower15_8_4_conservative_v2;moderate_current_support_fresh_context_prefers_10_5,10,724
20260205135400,gaussian,diagnostic_weighted,pydda_3dvar_proxy,diagnostic_adaptive_v3,10,5.0,2,1.0,True,False,25,250,513,34.160000000000004,114.08,12500.0,11.643548715311958,-2.9030627471960093,12.0,6.263913154602051,-5.068904399871826,8.057940172490522,-5.379635560709907,-2.165841652675817,5.379635560709907,2.165841652675817,5.799254161572858,0.48327118013107145,1.0,1,1.0,13.659988434219237,2,1,0.5710064768791199,0.25382232666015625,7.897920608520508,27,6.008036984337701,5.706945419311523,6.008036984337701,0.2811511584689061,0.09230874226133423,True,False,7.672481536865234,11.010910034179688,0.053795844316482544,1.0,0.753305971622467,1.0715522766113281,0.0,False,,0.0,context_wind,11.872673346189963,7.41886969926487,0.003894640123590608,"[{""distance_vox"": 0.0, ""source_role"": ""context_wind"", ""z"": 25, ""y"": 250, ""x"": 513, ""u"": 11.872673346189963, ""v"": 7.41886969926487, ""base_weight"": 0.003894640123590608, ""time_conf"": 0.25096456039861875, ""qc_flags"": ""ok""}, {""distance_vox"": 1.0, ""source_role"": ""current_wind_train"", ""z"": 25, ""y"": 249, ""x"": 513, ""u"": 8.019058717695312, ""v"": -4.08591449765592, ""base_weight"": 0.5669373788524215, ""time_conf"": 1.0, ""qc_flags"": ""ok""}, {""distance_vox"": 1.0, ""source_role"": ""current_wind_train"", ""z"": 25, ""y"": 251, ""x"": 513, ""u"": 8.191520442889917, ""v"": -5.7357643635104605, ""base_weight"": 0.5669373788524215, ""time_conf"": 1.0, ""qc_flags"": ""ok""}]",3,6.158781795479161,5.83127304053567,default_timepower15_8_4_conservative_v2;moderate_current_support_fresh_context_prefers_10_5,15,658
20260205135400,gaussian,diagnostic_weighted,pydda_3dvar_proxy,diagnostic_adaptive_v3,10,5.0,2,1.0,True,False,28,323,513,28.320000000000004,114.08,14000.0,54.1476647368377,20.785341073627443,58.00000000000001,57.567054748535156,20.70008659362793,61.1756436615467,3.419390011697459,-0.08525447999951297,3.419390011697459,0.08525447999951297,3.4204526569529268,0.05897332167160218,0.548072099685669,1,1.0,0.0,0,3,1.1606396436691284,0.22943115234375,61.81089782714844,27,3.4781137572394476,2.64337420463562,3.4213577344932364,0.5701419503964276,0.7770784523173067,False,False,0.0,15.611775398254395,0.4174833297729492,0.0,0.7292523384094238,0.18939347565174103,0.0,True,context_only_nearest_support,2.23606797749979,context_wind,57.676633111558324,19.859657421886556,0.07032347560203997,"[{""distance_vox"": 2.23606797749979, ""source_role"": ""context_wind"", ""z"": 28, ""y"": 325, ""x"": 512, ""u"": 57.676633111558324, ""v"": 19.859657421886556, ""base_weight"": 0.07032347560203997, ""time_conf"": 0.7637175654573216, ""qc_flags"": ""ok""}, {""distance_vox"": 4.47213595499958, ""source_role"": ""context_wind"", ""z"": 28, ""y"": 321, ""x"": 509, ""u"": 55.72523087054835, ""v"": 27.179011100922818, ""base_weight"": 0.04526672142981544, ""time_conf"": 0.6446851542197896, ""qc_flags"": ""ok""}, {""distance_vox"": 5.477225575051661, ""source_role"": ""context_wind"", ""z"": 27, ""y"": 321, ""x"": 508, ""u"": 56.79373854471605, ""v"": 15.310322980516457, ""base_weight"": 0.07327590793873, ""time_conf"": 0.6628593469116177, ""qc_flags"": ""ok""}]",3,6.158781795479161,5.83127304053567,default_timepower15_8_4_conservative_v2;moderate_current_support_fresh_context_prefers_10_5,15,658
20260209030600,gaussian,diagnostic_weighted,pydda_3dvar_proxy,diagnostic_adaptive_v3,8,4.0,2,1.0,True,False,27,380,507,23.760000000000005,113.6,13500.0,32.39369705377291,6.296696847425972,33.0,32.573482513427734,5.063372611999512,32.96467056198998,0.1797854596548234,-1.2333242354264602,0.1797854596548234,1.2333242354264602,1.2463592905713659,0.03776846335064745,1.0,1,1.0,2.3203386191810296,1,2,0.4448603093624115,0.22822189331054688,32.875999450683594,27,1.2443083458476596,0.925918698310852,1.2443083458476596,0.21571661487899776,0.3204405922605138,True,False,1.2133805751800537,11.51388931274414,0.06381431221961975,1.0,0.739057183265686,1.1252087354660034,0.0,False,,0.0,context_wind,31.248254755068903,6.356626201880046,0.08200950029741248,"[{""distance_vox"": 0.0, ""source_role"": ""context_wind"", ""z"": 27, ""y"": 380, ""x"": 507, ""u"": 31.248254755068903, ""v"": 6.356626201880046, ""base_weight"": 0.08200950029741248, ""time_conf"": 0.7349890806329047, ""qc_flags"": ""ok""}, {""distance_vox"": 1.0, ""source_role"": ""current_wind_train"", ""z"": 27, ""y"": 380, ""x"": 508, ""u"": 30.430442686877583, ""v"": 5.915078856672883, ""base_weight"": 0.5669373788524215, ""time_conf"": 1.0, ""qc_flags"": ""ok""}, {""distance_vox"": 1.0, ""source_role"": ""context_wind"", ""z"": 27, ""y"": 381, ""x"": 507, ""u"": 32.73836400002881, ""v"": 5.6753487585098705, ""base_weight"": 0.10220784848375006, ""time_conf"": 0.7238866604097524, ""qc_flags"": ""ok""}]",6,3.6114189509503034,3.226064265206576,default_timepower15_8_4_conservative_v2,36,1142
20260209030600,gaussian,diagnostic_weighted,pydda_3dvar_proxy,diagnostic_adaptive_v3,8,4.0,2,1.0,True,False,29,422,468,20.4,110.47999999999999,14500.0,28.1385760620039,-7.015734972390356,29.0,29.844667434692383,-12.72923755645752,32.445919050877826,1.7060913726884834,-5.713502584067164,1.7060913726884834,5.713502584067164,5.962789577882505,0.2056134337200864,0.7841461896896362,1,1.0,0.0,0,3,5.273497581481934,1.6812591552734375,34.312049865722656,27,6.156525611877441,5.347187042236328,5.9010520492666,0.7102024141605146,0.6156025356461772,False,False,0.0,15.52334976196289,0.4101080298423767,0.0,0.6973589658737183,0.26868611574172974,0.0,True,context_only_nearest_support,1.0,context_wind,29.56571397577425,-8.267819726233004,0.0604416344717266,"[{""distance_vox"": 1.0, ""source_role"": ""context_wind"", ""z"": 29, ""y"": 421, ""x"": 468, ""u"": 29.56571397577425, ""v"": -8.267819726233004, ""base_weight"": 0.0604416344717266, ""time_conf"": 0.6648224817197617, ""qc_flags"": ""ok""}, {""distance_vox"": 1.4142135623730951, ""source_role"": ""context_wind"", ""z"": 29, ""y"": 421, ""x"": 469, ""u"": 35.62827284806144, ""v"": -15.86272907995619, ""base_weight"": 0.07032347560203997, ""time_conf"": 0.7637175654573216, ""qc_flags"": ""ok""}, {""distance_vox"": 1.7320508075688772, ""source_role"": ""context_wind"", ""z"": 28, ""y"": 421, ""x"": 469, ""u"": 29.66020352787251, ""v"": -14.466247844039554, ""base_weight"": 0.01801953684608273, ""time_conf"": 0.45236385231635756, ""qc_flags"": ""ok""}]",6,3.6114189509503034,3.226064265206576,default_timepower15_8_4_conservative_v2,36,1142
20260213101800,gaussian,diagnostic_weighted,pydda_3dvar_proxy,diagnostic_adaptive_v3,10,5.0,2,1.0,True,False,29,327,500,28.000000000000004,113.03999999999999,14500.0,50.86367523815789,10.81140792252351,52.0,45.03542709350586,10.914968490600586,46.339251511491696,-5.828248144652029,0.10356056807707681,5.828248144652029,0.10356056807707681,5.829168141930739,0.11209938734482192,1.0,1,1.0,10.91913667081012,1,2,0.5216386914253235,0.33139801025390625,46.19476318359375,27,6.061832639906141,5.662196159362793,6.049972080283022,0.22453212148065305,0.16697198256794632,True,False,6.2008137702941895,13.34815502166748,0.21019265055656433,0.6590415835380554,0.7588573098182678,0.6336145997047424,0.0,False,,1.0,current_wind_train,48.255579897598196,8.508760705679586,0.5669373788524215,"[{""distance_vox"": 1.0, ""source_role"": ""current_wind_train"", ""z"": 28, ""y"": 327, ""x"": 500, ""u"": 48.255579897598196, ""v"": 8.508760705679586, ""base_weight"": 0.5669373788524215, ""time_conf"": 1.0, ""qc_flags"": ""ok""}, {""distance_vox"": 1.0, ""source_role"": ""context_wind"", ""z"": 29, ""y"": 327, ""x"": 501, ""u"": 37.671107225273666, ""v"": 10.093942758998304, ""base_weight"": 0.05642085766854281, ""time_conf"": 0.7016818199634473, ""qc_flags"": ""ok""}, {""distance_vox"": 1.4142135623730951, ""source_role"": ""context_wind"", ""z"": 28, ""y"": 327, ""x"": 501, ""u"": 40.79608960093864, ""v"": 16.48269011030014, ""base_weight"": 0.2529122595251796, ""time_conf"": 0.8888762681019858, ""qc_flags"": ""ok""}]",2,5.013682658494471,4.932926607136826,default_timepower15_8_4_conservative_v2;moderate_current_support_fresh_context_prefers_10_5,14,675
20260218065400,gaussian,diagnostic_weighted,pydda_3dvar_proxy,diagnostic_adaptive_v3,10,5.0,2,1.0,True,False,24,326,486,28.080000000000002,111.91999999999999,12000.0,28.841134965679927,3.0313254347619476,29.0,28.362836837768555,1.4943305253982544,28.402174867517065,-0.4782981279113727,-1.5369949093636932,0.4782981279113727,1.5369949093636932,1.6096963845935144,0.05550677188253498,1.0,1,1.0,0.0,0,3,1.7682934999465942,0.06357955932617188,29.33180809020996,27,1.6132398294629875,0.10546386986970901,1.6132398294629875,1.0580606494754496,1.5042325147238054,False,False,0.0,14.586411476135254,0.4369671046733856,0.0,0.8367913365364075,0.5883892178535461,0.0,True,context_only_nearest_support,2.449489742783178,context_wind,30.981115637591966,1.0818843977775237,0.10816167442218368,"[{""distance_vox"": 2.449489742783178, ""source_role"": ""context_wind"", ""z"": 26, ""y"": 325, ""x"": 487, ""u"": 30.981115637591966, ""v"": 1.0818843977775237, ""base_weight"": 0.10816167442218368, ""time_conf"": 0.9012504626108302, ""qc_flags"": ""ok""}, {""distance_vox"": 2.449489742783178, ""source_role"": ""context_wind"", ""z"": 25, ""y"": 328, ""x"": 487, ""u"": 25.529001541181554, ""v"": 8.79034017034323, ""base_weight"": 0.03002633928542097, ""time_conf"": 0.5505283977265715, ""qc_flags"": ""ok""}, {""distance_vox"": 3.0, ""source_role"": ""context_wind"", ""z"": 23, ""y"": 328, ""x"": 488, ""u"": 22.951314143112846, ""v"": 7.0169209133456905, ""base_weight"": 0.03002633928542097, ""time_conf"": 0.5505283977265715, ""qc_flags"": ""ok""}]",2,2.850458732384242,2.6527596836483944,default_timepower15_8_4_conservative_v2;moderate_current_support_fresh_context_prefers_10_5,9,1078
20260222004800,gaussian,diagnostic_weighted,pydda_3dvar_proxy,diagnostic_adaptive_v3,10,5.0,2,1.0,True,False,28,318,502,28.720000000000002,113.2,14000.0,6.973362886642219,-0.6100901992336052,7.000000000000001,8.370392799377441,-0.284818559885025,8.375237144578337,1.3970299127352224,0.32527163934858017,1.3970299127352224,0.32527163934858017,1.434396812754928,0.20491383039356112,1.0,1,1.0,0.0,0,3,1.3732619285583496,0.36171531677246094,9.676963806152344,27,1.6945774157842,0.5385830998420715,1.6945774157842,0.7610312089258825,0.8958137129128565,True,False,3.038722038269043,14.851550102233887,0.37129271030426025,0.13843761384487152,0.7337774634361267,0.5091100931167603,0.0,True,context_only_nearest_support,0.0,context_wind,6.833056108103359,-0.22293363800121171,0.07975659690319693,"[{""distance_vox"": 0.0, ""source_role"": ""context_wind"", ""z"": 28, ""y"": 318, ""x"": 502, ""u"": 6.833056108103359, ""v"": -0.22293363800121171, ""base_weight"": 0.07975659690319693, ""time_conf"": 0.725005881883746, ""qc_flags"": ""ok""}, {""distance_vox"": 1.0, ""source_role"": ""context_wind"", ""z"": 29, ""y"": 318, ""x"": 502, ""u"": 8.912412618674132, ""v"": 1.2525579086405925, ""base_weight"": 0.02689503204719665, ""time_conf"": 0.5276955701815529, ""qc_flags"": ""ok""}, {""distance_vox"": 2.0, ""source_role"": ""context_wind"", ""z"": 26, ""y"": 318, ""x"": 502, ""u"": 10.832885283134289, ""v"": -1.9101299543362296, ""base_weight"": 0.11485837512859912, ""time_conf"": 0.9223161935859392, ""qc_flags"": ""ok""}]",2,5.650037914799007,4.647477107083406,default_timepower15_8_4_conservative_v2;moderate_current_support_fresh_context_prefers_10_5,12,469
20260131042400,gaussian,diagnostic_weighted,pydda_3dvar_proxy,diagnostic_adaptive_v3,8,4.0,2,1.0,True,False,29,392,524,22.800000000000004,114.96000000000001,14500.0,41.72271622986785,10.402641510785715,43.0,41.62749481201172,10.282042503356934,42.878534517458746,-0.09522141785613059,-0.12059900742878149,0.09522141785613059,0.12059900742878149,0.1536594904694764,0.003573476522545963,0.7516577243804932,1,1.0,0.0,0,3,1.5794016122817993,0.17175674438476562,42.906654357910156,27,0.9450047119624085,0.02567760832607746,0.9541591419992727,0.6121656123531879,0.12798188214339895,False,False,0.0,15.674212455749512,0.4101756513118744,0.0,0.6974942088127136,0.22230499982833862,0.0,True,context_only_nearest_support,0.0,context_wind,42.07740926237356,12.864355007800434,0.0505369888983623,"[{""distance_vox"": 0.0, ""source_role"": ""context_wind"", ""z"": 29, ""y"": 392, ""x"": 524, ""u"": 42.07740926237356, ""v"": 12.864355007800434, ""base_weight"": 0.0505369888983623, ""time_conf"": 0.6725799969641958, ""qc_flags"": ""ok""}, {""distance_vox"": 1.0, ""source_role"": ""context_wind"", ""z"": 29, ""y"": 392, ""x"": 525, ""u"": 40.923542720979874, ""v"": 9.447944282442341, ""base_weight"": 0.01713967445892331, ""time_conf"": 0.44373731331093275, ""qc_flags"": ""ok""}, {""distance_vox"": 1.0, ""source_role"": ""context_wind"", ""z"": 29, ""y"": 392, ""x"": 523, ""u"": 41.42988662030029, ""v"": 11.419592765572562, ""base_weight"": 0.04338981079269143, ""time_conf"": 0.5581586551375642, ""qc_flags"": ""ok""}]",3,3.645837155956473,2.884568467986224,default_timepower15_8_4_conservative_v2,19,1135
20260202123000,gaussian,diagnostic_weighted,pydda_3dvar_proxy,diagnostic_adaptive_v3,8,4.0,2,1.0,True,False,24,320,502,28.560000000000002,113.2,12000.0,16.28617871334013,9.785723423291035,19.0,16.16522216796875,11.072906494140625,19.59397014307641,-0.12095654537138145,1.28718307084959,0.12095654537138145,1.28718307084959,1.292853720940602,0.06804493268108432,1.0,1,1.0,0.0,0,3,1.4043254852294922,0.4689788818359375,20.99736785888672,27,1.4342452662962455,0.6219851970672607,1.4342452662962455,0.7029280839660013,0.6708685238733412,True,False,3.6935503482818604,11.836736679077148,0.15952064096927643,0.7261084318161011,0.7901743650436401,1.0490708351135254,0.0,True,context_only_nearest_support,0.0,context_wind,13.986758500346966,10.551868757002612,0.14221988870922367,"[{""distance_vox"": 0.0, ""source_role"": ""context_wind"", ""z"": 24, ""y"": 320, ""x"": 502, ""u"": 13.986758500346966, ""v"": 10.551868757002612, ""base_weight"": 0.14221988870922367, ""time_conf"": 0.8472455707444857, ""qc_flags"": ""ok""}, {""distance_vox"": 1.0, ""source_role"": ""context_wind"", ""z"": 24, ""y"": 320, ""x"": 503, ""u"": 16.03811743539062, ""v"": 8.171828995311845, ""base_weight"": 0.0978568634292133, ""time_conf"": 0.8672046781360163, ""qc_flags"": ""ok""}, {""distance_vox"": 1.0, ""source_role"": ""context_wind"", ""z"": 24, ""y"": 319, ""x"": 502, ""u"": 10.682453088857663, ""v"": 11.76507703890411, ""base_weight"": 0.09303381607658939, ""time_conf"": 0.7473421333722522, ""qc_flags"": ""ok""}]",4,26.093003718284276,15.98887772399724,default_timepower15_8_4_conservative_v2,26,689
20260202123000,gaussian,diagnostic_weighted,pydda_3dvar_proxy,diagnostic_adaptive_v3,8,4.0,2,1.0,True,False,29,319,502,28.640000000000004,113.2,14500.0,30.07016386514907,10.944644586421393,31.999999999999996,26.38793182373047,12.611870765686035,29.246918301664078,-3.682232041418601,1.6672261792646417,3.682232041418601,1.6672261792646417,4.042088066788645,0.1263152520871452,1.0,1,1.0,0.0,0,3,2.7816505432128906,0.00726318359375,31.54438018798828,27,4.239514191945394,1.781308650970459,4.2603457981181,1.9635695319691768,2.2607794158181864,True,False,5.318358421325684,15.411345481872559,0.422524094581604,0.13587863743305206,0.8173061609268188,0.6272454261779785,0.0,True,context_only_nearest_support,0.0,context_wind,27.286344687443744,12.465457043505657,0.14221988870922367,"[{""distance_vox"": 0.0, ""source_role"": ""context_wind"", ""z"": 29, ""y"": 319, ""x"": 502, ""u"": 27.286344687443744, ""v"": 12.465457043505657, ""base_weight"": 0.14221988870922367, ""time_conf"": 0.8472455707444857, ""qc_flags"": ""ok""}, {""distance_vox"": 1.0, ""source_role"": ""context_wind"", ""z"": 29, ""y"": 319, ""x"": 503, ""u"": 27.615145603573207, ""v"": 11.721933854678214, ""base_weight"": 0.0978568634292133, ""time_conf"": 0.8672046781360163, ""qc_flags"": ""ok""}, {""distance_vox"": 1.0, ""source_role"": ""context_wind"", ""z"": 28, ""y"": 319, ""x"": 502, ""u"": 23.14351711895703, ""v"": 13.906028022571471, ""base_weight"": 0.11955163290383952, ""time_conf"": 0.9366328582337723, ""qc_flags"": ""ok""}]",4,26.093003718284276,15.98887772399724,default_timepower15_8_4_conservative_v2,26,689
20260205141200,gaussian,diagnostic_weighted,pydda_3dvar_proxy,diagnostic_adaptive_v3,10,5.0,2,1.0,True,False,29,399,444,22.240000000000002,108.56,14500.0,30.60175219081713,9.355894551127587,32.0,32.75315475463867,4.023393154144287,32.9993460367645,2.1514025638215415,-5.3325013969833,2.1514025638215415,5.3325013969833,5.750139488781707,0.17969185902442836,0.29152828454971313,1,1.0,13.436997305702668,1,2,0.0014426738489419222,0.000896453857421875,32.999000549316406,27,5.733291749601011,5.696041584014893,5.739495649300706,0.025031260761868207,0.054097904766814864,False,False,0.0,16.488143920898438,0.4794984757900238,0.23408594727516174,1.0,0.0,0.0,True,remote_nearest_training_support,9.055385138137417,current_wind_train,32.75402300416363,4.021688332369856,0.5669373788524215,"[{""distance_vox"": 9.055385138137417, ""source_role"": ""current_wind_train"", ""z"": 29, ""y"": 390, ""x"": 445, ""u"": 32.75402300416363, ""v"": 4.021688332369856, ""base_weight"": 0.5669373788524215, ""time_conf"": 1.0, ""qc_flags"": ""ok""}, {""distance_vox"": 12.806248474865697, ""source_role"": ""context_wind"", ""z"": 25, ""y"": 387, ""x"": 442, ""u"": 41.84017731985331, ""v"": 3.6605411954016462, ""base_weight"": 0.04618228985521754, ""time_conf"": 0.6496694531758791, ""qc_flags"": ""ok""}, {""distance_vox"": 13.638181696985855, ""source_role"": ""context_wind"", ""z"": 25, ""y"": 386, ""x"": 443, ""u"": 44.994789633755055, ""v"": 9.56393777761695, ""base_weight"": 0.04618228985521754, ""time_conf"": 0.6496694531758791, ""qc_flags"": ""ok""}]",2,4.274195906981837,3.8069223564054657,default_timepower15_8_4_conservative_v2;moderate_current_support_fresh_context_prefers_10_5,14,661
20260209044800,gaussian,diagnostic_weighted,pydda_3dvar_proxy,diagnostic_adaptive_v3,8,4.0,2,1.0,True,False,25,250,520,34.160000000000004,114.64,12500.0,-27.71372574364812,10.096257482808275,29.495508297930833,-19.868671417236328,7.5510125160217285,21.25516158261848,7.845054326411791,-2.545244966786546,7.845054326411791,2.545244966786546,8.247614765815909,0.27962273721502523,1.0,2,1.0,9.03592592494268,1,2,2.720698595046997,1.0124931335449219,23.5401554107666,27,7.086945692698161,6.041080474853516,7.086945692698161,1.105701788619417,2.2065342909623933,True,False,10.774738311767578,10.970758438110352,0.05000000074505806,1.0,0.7411385774612427,1.2802380323410034,0.0,False,,0.0,context_wind,-19.972186842198226,6.489356881873894,0.032857633951954075,"[{""distance_vox"": 0.0, ""source_role"": ""context_wind"", ""z"": 25, ""y"": 250, ""x"": 520, ""u"": -19.972186842198226, ""v"": 6.489356881873894, ""base_weight"": 0.032857633951954075, ""time_conf"": 0.5699427397449147, ""qc_flags"": ""ok""}, {""distance_vox"": 1.0, ""source_role"": ""current_wind_train"", ""z"": 25, ""y"": 250, ""x"": 519, ""u"": -23.96710217877929, ""v"": 7.108480431199565, ""base_weight"": 0.973165761934816, ""time_conf"": 1.0, ""qc_flags"": ""ok""}, {""distance_vox"": 1.0, ""source_role"": ""context_wind"", ""z"": 25, ""y"": 250, ""x"": 519, ""u"": -15.501586391883231, ""v"": 3.948891884748484, ""base_weight"": 0.07327082923174133, ""time_conf"": 0.5699427397449147, ""qc_flags"": ""ok""}]",7,4.429726429878113,3.3735519997847447,default_timepower15_8_4_conservative_v2,49,1410
20260209044800,gaussian,diagnostic_weighted,pydda_3dvar_proxy,diagnostic_adaptive_v3,8,4.0,2,1.0,True,False,27,383,504,23.520000000000003,113.36,13500.0,34.56909192082982,5.475206276408087,35.0,33.596412658691406,5.547861576080322,34.051398085841186,-0.9726792621384135,0.07265529967223561,0.9726792621384135,0.07265529967223561,0.975389019604276,0.027868257702979314,1.0,1,1.0,4.402245143703208,1,2,0.6942863464355469,0.25406646728515625,34.10573959350586,27,1.1441435438615304,0.7970488667488098,1.1441435438615304,0.29005388805647486,0.17834015285546623,True,False,2.7237870693206787,11.318397521972656,0.05000000074505806,1.0,0.6798171997070312,0.9248822331428528,0.0,False,,1.0,current_wind_train,34.65938240595496,4.871058533602304,0.5669373788524215,"[{""distance_vox"": 1.0, ""source_role"": ""current_wind_train"", ""z"": 27, ""y"": 384, ""x"": 504, ""u"": 34.65938240595496, ""v"": 4.871058533602304, ""base_weight"": 0.5669373788524215, ""time_conf"": 1.0, ""qc_flags"": ""ok""}, {""distance_vox"": 1.0, ""source_role"": ""context_wind"", ""z"": 27, ""y"": 383, ""x"": 505, ""u"": 31.17146450372677, ""v"": 3.283364608378855, ""base_weight"": 0.043454731292477705, ""time_conf"": 0.5147091956039146, ""qc_flags"": ""ok""}, {""distance_vox"": 1.0, ""source_role"": ""context_wind"", ""z"": 27, ""y"": 384, ""x"": 504, ""u"": 30.88073175860576, ""v"": 2.6123948599789033, ""base_weight"": 0.032861478817011354, ""time_conf"": 0.4655627876575969, ""qc_flags"": ""ok""}]",7,4.429726429878113,3.3735519997847447,default_timepower15_8_4_conservative_v2,49,1410
20260209044800,gaussian,diagnostic_weighted,pydda_3dvar_proxy,diagnostic_adaptive_v3,8,4.0,2,1.0,True,False,29,422,466,20.4,110.32,14500.0,28.83363526931849,-18.017254983928957,34.0,27.985248565673828,-10.950813293457031,30.05152989567593,-0.8483867036446604,7.066441690471926,0.8483867036446604,7.066441690471926,7.117187517816345,0.2093290446416572,1.0,1,1.0,0.0,0,3,5.879214763641357,2.2107162475585938,31.443084716796875,27,8.287331369188097,6.832458019256592,8.535967120189724,1.710383518552975,0.28472949855975305,False,False,0.0,15.632253646850586,0.4299517273902893,0.0,0.7370463609695435,0.3461592495441437,0.0,True,context_only_nearest_support,0.0,context_wind,20.673237657289985,-7.524443153164718,0.01731214097573832,"[{""distance_vox"": 0.0, ""source_role"": ""context_wind"", ""z"": 29, ""y"": 422, ""x"": 466, ""u"": 20.673237657289985, ""v"": -7.524443153164718, ""base_weight"": 0.01731214097573832, ""time_conf"": 0.44544935907016964, ""qc_flags"": ""ok""}, {""distance_vox"": 1.0, ""source_role"": ""context_wind"", ""z"": 29, ""y"": 421, ""x"": 466, ""u"": 31.974091017491038, ""v"": -14.23578250765299, ""base_weight"": 0.10601735861952362, ""time_conf"": 0.8943360206311329, ""qc_flags"": ""ok""}, {""distance_vox"": 1.0, ""source_role"": ""context_wind"", ""z"": 28, ""y"": 422, ""x"": 466, ""u"": 27.37137537862674, ""v"": -14.553618446362602, ""base_weight"": 0.07695453640207563, ""time_conf"": 0.7906500072394963, ""qc_flags"": ""ok""}]",7,4.429726429878113,3.3735519997847447,default_timepower15_8_4_conservative_v2,49,1410
20260213130000,gaussian,diagnostic_weighted,pydda_3dvar_proxy,diagnostic_adaptive_v3,10,5.0,2,1.0,True,False,29,251,493,34.08,112.47999999999999,14500.0,11.183858069414931,-16.580751451100838,20.0,13.70328426361084,-13.55382251739502,19.273974796143342,2.5194261941959084,3.0269289337058183,2.5194261941959084,3.0269289337058183,3.9382492452492035,0.19691246226246018,0.4958398640155792,1,1.0,0.0,0,3,3.2612268924713135,0.09605789184570312,21.29328155517578,27,4.722989947707565,2.993664026260376,3.7812203581117956,1.6086935624410919,0.9445852189888275,True,False,7.770699977874756,14.64544677734375,0.24388763308525085,0.21408818662166595,0.514779806137085,0.13252972066402435,0.0,True,context_only_nearest_support,1.0,context_wind,-4.788282006559364,13.155696691002717,0.009686224691513982,"[{""distance_vox"": 1.0, ""source_role"": ""context_wind"", ""z"": 29, ""y"": 251, ""x"": 494, ""u"": -4.788282006559364, ""v"": 13.155696691002717, ""base_weight"": 0.009686224691513982, ""time_conf"": 0.35628684239392616, ""qc_flags"": ""ok""}, {""distance_vox"": 1.4142135623730951, ""source_role"": ""context_wind"", ""z"": 28, ""y"": 251, ""x"": 494, ""u"": -4.5579541624001925, ""v"": 13.237260058390437, ""base_weight"": 0.009686224691513982, ""time_conf"": 0.35628684239392616, ""qc_flags"": ""ok""}, {""distance_vox"": 1.4142135623730951, ""source_role"": ""context_wind"", ""z"": 28, ""y"": 251, ""x"": 492, ""u"": 18.38477631085024, ""v"": -18.38477631085023, ""base_weight"": 0.04759048117633635, ""time_conf"": 0.6572182486030388, ""qc_flags"": ""ok""}]",2,2.9746035991112585,2.708503758451645,default_timepower15_8_4_conservative_v2;moderate_current_support_fresh_context_prefers_10_5,9,594
20260218073000,gaussian,diagnostic_weighted,pydda_3dvar_proxy,diagnostic_adaptive_v3,10,5.0,2,1.0,True,False,28,390,445,22.960000000000004,108.64,14000.0,31.82470065178475,3.3449108245649075,32.0,35.80964660644531,2.3580851554870605,35.88720323010737,3.9849459546605637,-0.986825669077847,3.9849459546605637,0.986825669077847,4.105315963810402,0.12829112386907507,0.8627732396125793,1,1.0,0.0,0,3,1.7051670551300049,0.14690780639648438,37.17219924926758,27,4.110032205228452,2.159008026123047,4.342794255374422,1.374789765405584,1.9463079376873553,False,False,0.0,15.149877548217773,0.3899599611759186,0.0,0.6742056012153625,0.2471603900194168,0.0,True,context_only_nearest_support,0.0,context_wind,33.66911433721339,4.731885432642238,0.010922777115206613,"[{""distance_vox"": 0.0, ""source_role"": ""context_wind"", ""z"": 28, ""y"": 390, ""x"": 445, ""u"": 33.66911433721339, ""v"": 4.731885432642238, ""base_weight"": 0.010922777115206613, ""time_conf"": 0.37313711607747774, ""qc_flags"": ""ok""}, {""distance_vox"": 1.0, ""source_role"": ""context_wind"", ""z"": 28, ""y"": 389, ""x"": 445, ""u"": 33.8137444425213, ""v"": 3.553967751100214, ""base_weight"": 0.08009899561895628, ""time_conf"": 0.8029228818633765, ""qc_flags"": ""ok""}, {""distance_vox"": 1.0, ""source_role"": ""context_wind"", ""z"": 29, ""y"": 390, ""x"": 445, ""u"": 31.658502987807744, ""v"": -5.120090632134539, ""base_weight"": 0.01350510637941082, ""time_conf"": 0.3410553662799, ""qc_flags"": ""ok""}]",3,3.1883483830871837,2.881497072692095,default_timepower15_8_4_conservative_v2;moderate_current_support_fresh_context_prefers_10_5,14,1084
20260222030600,gaussian,diagnostic_weighted,pydda_3dvar_proxy,diagnostic_adaptive_v3,8,4.0,2,1.0,True,False,24,325,505,28.160000000000004,113.44,12000.0,7.853017467581311,-1.5264719630123609,7.999999999999999,5.696372985839844,-2.5404767990112305,6.237201901503613,-2.156644481741467,-1.0140048359988696,2.156644481741467,1.0140048359988696,2.383132650117281,0.2978915812646602,1.0,1,1.0,13.327619829491242,1,2,4.606341361999512,1.0454816818237305,10.19892692565918,27,3.4699834805947765,1.9226751327514648,3.4699834805947765,1.6248824985926194,0.4604575173658163,True,False,3.4447054862976074,10.735966682434082,0.05000000074505806,1.0,0.7533231377601624,0.6642203330993652,0.0,False,,1.0,context_wind,9.993908270190957,-0.3489949670250128,0.06962290108012459,"[{""distance_vox"": 1.0, ""source_role"": ""context_wind"", ""z"": 24, ""y"": 324, ""x"": 505, ""u"": 9.993908270190957, ""v"": -0.3489949670250128, ""base_weight"": 0.06962290108012459, ""time_conf"": 0.7607822836063717, ""qc_flags"": ""ok""}, {""distance_vox"": 1.4142135623730951, ""source_role"": ""current_wind_train"", ""z"": 23, ""y"": 324, ""x"": 505, ""u"": -1.3151134403672322, ""v"": -2.6963821388975013, ""base_weight"": 0.5669373788524215, ""time_conf"": 1.0, ""qc_flags"": ""ok""}, {""distance_vox"": 1.4142135623730951, ""source_role"": ""context_wind"", ""z"": 25, ""y"": 324, ""x"": 505, ""u"": 11.93426274441928, ""v"": -1.2543415592118359, ""base_weight"": 0.06962290108012459, ""time_conf"": 0.7607822836063717, ""qc_flags"": ""ok""}]",5,5.15506706865248,3.8414844502635836,default_timepower15_8_4_conservative_v2,30,560
20260222030600,gaussian,diagnostic_weighted,pydda_3dvar_proxy,diagnostic_adaptive_v3,8,4.0,2,1.0,True,False,27,379,508,23.840000000000003,113.68,13500.0,3.0000000000000027,-5.19615242270663,6.0,5.562131404876709,-5.082282066345215,7.5343809810103135,2.5621314048767063,0.1138703563614154,2.5621314048767063,0.1138703563614154,2.5646605611490503,0.42744342685817505,1.0,1,1.0,0.0,0,3,0.6453989148139954,0.22289562225341797,7.41363525390625,27,2.3680469195048013,1.2060315608978271,2.3680469195048013,0.45427673447907524,1.3586290002512231,True,False,2.4285285472869873,13.184764862060547,0.2553967833518982,0.6787104606628418,0.8973194360733032,0.860688328742981,0.0,True,context_only_nearest_support,0.0,context_wind,3.0778885036395933,-5.406824893744587,0.18258014529979336,"[{""distance_vox"": 0.0, ""source_role"": ""context_wind"", ""z"": 27, ""y"": 379, ""x"": 508, ""u"": 3.0778885036395933, ""v"": -5.406824893744587, ""base_weight"": 0.18258014529979336, ""time_conf"": 0.9149039907592685, ""qc_flags"": ""ok""}, {""distance_vox"": 1.4142135623730951, ""source_role"": ""context_wind"", ""z"": 27, ""y"": 380, ""x"": 507, ""u"": 5.1194759113341926, ""v"": -4.77398852043749, ""base_weight"": 0.12952130177649088, ""time_conf"": 0.9659363289248456, ""qc_flags"": ""ok""}, {""distance_vox"": 1.7320508075688772, ""source_role"": ""context_wind"", ""z"": 28, ""y"": 378, ""x"": 509, ""u"": 3.914350324295226, ""v"": -5.803263007885293, ""base_weight"": 0.12952130177649088, ""time_conf"": 0.9659363289248456, ""qc_flags"": ""ok""}]",5,5.15506706865248,3.8414844502635836,default_timepower15_8_4_conservative_v2,30,560
20260222030600,gaussian,diagnostic_weighted,pydda_3dvar_proxy,diagnostic_adaptive_v3,8,4.0,2,1.0,True,False,29,322,498,28.400000000000002,112.88,14500.0,9.702957262759965,2.4192189559966777,10.0,10.216239929199219,2.5469067096710205,10.528926444739355,0.5132826664392542,0.12768775367434282,0.5132826664392542,0.12768775367434282,0.5289265148443499,0.05289265148443499,1.0,1,1.0,2.88516286821303,1,2,0.8457322120666504,0.012950897216796875,11.251556396484375,27,0.8626389017811528,0.23697054386138916,0.8830159347275689,0.4661643699166296,0.2919559709829608,True,False,3.317909002304077,13.273476600646973,0.2082413136959076,0.7078956961631775,0.7891525030136108,0.3827694356441498,0.0,False,,0.0,context_wind,9.712472558599229,1.6796649115479325,0.03200705536533152,"[{""distance_vox"": 0.0, ""source_role"": ""context_wind"", ""z"": 29, ""y"": 322, ""x"": 498, ""u"": 9.712472558599229, ""v"": 1.6796649115479325, ""base_weight"": 0.03200705536533152, ""time_conf"": 0.5656369015905698, ""qc_flags"": ""ok""}, {""distance_vox"": 1.0, ""source_role"": ""current_wind_train"", ""z"": 28, ""y"": 322, ""x"": 498, ""u"": 11.276311449430901, ""v"": 4.104241719908023, ""base_weight"": 0.5669373788524215, ""time_conf"": 1.0, ""qc_flags"": ""ok""}, {""distance_vox"": 1.0, ""source_role"": ""context_wind"", ""z"": 29, ""y"": 322, ""x"": 499, ""u"": 10.718070712637587, ""v"": 2.474461597782518, ""base_weight"": 0.12952130177649088, ""time_conf"": 0.9659363289248456, ""qc_flags"": ""ok""}]",5,5.15506706865248,3.8414844502635836,default_timepower15_8_4_conservative_v2,30,560
20260131080600,gaussian,diagnostic_weighted,pydda_3dvar_proxy,diagnostic_adaptive_v3,10,5.0,2,1.0,True,False,29,399,442,22.240000000000002,108.4,14500.0,36.94929278591923,-1.936430380988926,37.0,36.06698226928711,0.4362294375896454,36.06962026602568,-0.8823105166321241,2.3726598185785717,0.8823105166321241,2.3726598185785717,2.531400099244872,0.06841621889851006,0.1490163505077362,1,1.0,0.0,0,3,1.366629719734192,0.006221771240234375,37.43470001220703,27,2.744233731870298,2.420393228530884,2.7364407787283205,0.33319194875972624,0.11100687071398818,False,False,0.0,16.135072708129883,0.40197452902793884,0.0,0.6810919642448425,0.05355227366089821,0.0,True,context_only_nearest_support,7.211102550927978,context_wind,35.62293460635899,6.543826926286952e-15,0.032615830954348994,"[{""distance_vox"": 7.211102550927978, ""source_role"": ""context_wind"", ""z"": 29, ""y"": 393, ""x"": 446, ""u"": 35.62293460635899, ""v"": 6.543826926286952e-15, ""base_weight"": 0.032615830954348994, ""time_conf"": 0.5377731366738105, ""qc_flags"": ""ok""}, {""distance_vox"": 8.246211251235321, ""source_role"": ""context_wind"", ""z"": 29, ""y"": 391, ""x"": 444, ""u"": 42.0, ""v"": 7.715274834628325e-15, ""base_weight"": 0.005052668679409314, ""time_conf"": 0.2773923680169612, ""qc_flags"": ""ok""}, {""distance_vox"": 8.306623862918075, ""source_role"": ""context_wind"", ""z"": 28, ""y"": 391, ""x"": 444, ""u"": 32.99497394016091, ""v"": 0.5759294124303554, ""base_weight"": 0.07695453640207563, ""time_conf"": 0.7906500072394963, ""qc_flags"": ""ok""}]",2,2.1744355960812736,2.13867683347091,default_timepower15_8_4_conservative_v2;moderate_current_support_fresh_context_prefers_10_5,7,1317
20260202130000,gaussian,diagnostic_weighted,pydda_3dvar_proxy,diagnostic_adaptive_v3,8,4.0,2,1.0,True,False,24,319,502,28.640000000000004,113.2,12000.0,19.714847916148578,11.845875722931254,23.0,17.13307762145996,12.32323169708252,21.104605853769254,-2.581770294688617,0.4773559741512656,2.581770294688617,0.4773559741512656,2.625529771416514,0.11415346832245712,1.0,1,1.0,24.686730348243398,1,2,1.9869645833969116,0.5274505615234375,23.063539505004883,27,2.6048070854610867,2.2256667613983154,2.6048070854610867,0.2925013547660967,0.3998630100181986,True,False,7.2798614501953125,11.801554679870605,0.14994798600673676,0.7039766311645508,0.7555367946624756,0.8479076623916626,0.0,False,,0.0,context_wind,-2.903062747196013,11.643548715311958,0.027439013174276276,"[{""distance_vox"": 0.0, ""source_role"": ""context_wind"", ""z"": 24, ""y"": 319, ""x"": 502, ""u"": -2.903062747196013, ""v"": 11.643548715311958, ""base_weight"": 0.027439013174276276, ""time_conf"": 0.5317753794688818, ""qc_flags"": ""ok""}, {""distance_vox"": 1.0, ""source_role"": ""current_wind_train"", ""z"": 25, ""y"": 319, ""x"": 502, ""u"": 21.276290347381497, ""v"": 16.622859833792766, ""base_weight"": 0.5669373788524215, ""time_conf"": 1.0, ""qc_flags"": ""ok""}, {""distance_vox"": 1.0, ""source_role"": ""context_wind"", ""z"": 23, ""y"": 319, ""x"": 502, ""u"": 13.130404751747516, ""v"": 10.512182144140297, ""base_weight"": 0.07426809949334251, ""time_conf"": 0.6945096811609772, ""qc_flags"": ""ok""}]",5,4.181801382612323,3.8638382093703507,default_timepower15_8_4_conservative_v2,31,672
20260202130000,gaussian,diagnostic_weighted,pydda_3dvar_proxy,diagnostic_adaptive_v3,8,4.0,2,1.0,True,False,30,318,502,28.720000000000002,113.2,15000.0,33.13817472428785,14.066320625613859,36.0,28.135122299194336,12.669957160949707,30.856327086205887,-5.003052425093514,-1.3963634646641516,5.003052425093514,1.3963634646641516,5.194262651588093,0.1442850736552248,0.7805872559547424,1,1.0,3.71795380357906,1,2,1.2789652347564697,0.15304946899414062,30.856327056884766,18,5.496726592381795,5.108089923858643,5.5399157648717745,0.3130341188504441,0.0861727277294504,True,False,3.674880027770996,15.711637496948242,0.4063760042190552,0.12226314097642899,0.7583362460136414,0.19514106214046478,0.0,False,,1.4142135623730951,context_wind,28.332037298420868,11.894190647400924,0.15884615425685336,"[{""distance_vox"": 1.4142135623730951, ""source_role"": ""context_wind"", ""z"": 29, ""y"": 319, ""x"": 502, ""u"": 28.332037298420868, ""v"": 11.894190647400924, ""base_weight"": 0.15884615425685336, ""time_conf"": 0.8059461161823626, ""qc_flags"": ""ok""}, {""distance_vox"": 1.7320508075688772, ""source_role"": ""context_wind"", ""z"": 29, ""y"": 319, ""x"": 503, ""u"": 27.615145603573207, ""v"": 11.721933854678214, ""base_weight"": 0.07246778044972424, ""time_conf"": 0.7725915361166825, ""qc_flags"": ""ok""}, {""distance_vox"": 2.0, ""source_role"": ""current_wind_train"", ""z"": 28, ""y"": 318, ""x"": 502, ""u"": 29.403215298216136, ""v"": 14.981686491405048, ""base_weight"": 0.5669373788524215, ""time_conf"": 1.0, ""qc_flags"": ""ok""}]",5,4.181801382612323,3.8638382093703507,default_timepower15_8_4_conservative_v2,31,672
20260205190000,gaussian,diagnostic_weighted,pydda_3dvar_proxy,diagnostic_adaptive_v3,8,4.0,2,1.0,True,False,24,360,518,25.360000000000003,114.48,12000.0,81.31459750154124,27.99886128331547,86.0,0.0,0.0,0.0,-81.31459750154124,-27.99886128331547,81.31459750154124,27.99886128331547,86.0,1.0,0.0,1,1.0,0.0,0,3,0.0,0.0,0.0,0,nan,nan,nan,nan,nan,False,False,0.0,15.950000762939453,0.5185714364051819,0.0,1.0,0.0,0.0,True,high_vector_error_ge_30mps;near_zero_reconstruction_confidence;remote_nearest_training_support;context_only_nearest_support;strong_wind_vertical_oversmoothing_candidate;strong_wind_vertically_isolated_candidate,15.297058540778355,context_wind,44.994789633755055,9.56393777761695,0.09496130149357467,"[{""distance_vox"": 15.297058540778355, ""source_role"": ""context_wind"", ""z"": 16, ""y"": 371, ""x"": 511, ""u"": 44.994789633755055, ""v"": 9.56393777761695, ""base_weight"": 0.09496130149357467, ""time_conf"": 0.8572439828530728, ""qc_flags"": ""ok""}, {""distance_vox"": 18.16590212458495, ""source_role"": ""context_wind"", ""z"": 29, ""y"": 376, ""x"": 511, ""u"": -26.414835307797023, ""v"": 22.96206601466775, ""base_weight"": 0.15350026216660487, ""time_conf"": 0.837664503225156, ""qc_flags"": ""ok""}, {""distance_vox"": 19.748417658131498, ""source_role"": ""context_wind"", ""z"": 29, ""y"": 374, ""x"": 505, ""u"": 40.49522196440064, ""v"": 6.413813066649473, ""base_weight"": 0.008763395831710173, ""time_conf"": 0.3428276925231832, ""qc_flags"": ""ok""}]",1,86.0,86.0,default_timepower15_8_4_conservative_v2,0,572
20260209233600,gaussian,diagnostic_weighted,pydda_3dvar_proxy,diagnostic_adaptive_v3,10,5.0,2,1.0,True,False,29,262,517,33.2,114.4,14500.0,-16.362330167295774,20.20579499788124,26.0,-15.310112953186035,18.47984504699707,23.998004742068392,1.0522172141097386,-1.7259499508841714,1.0522172141097386,1.7259499508841714,2.0214015678795576,0.07774621414921376,1.0,1,1.0,0.0,3,0,0.41407641768455505,0.15107154846191406,24.298173904418945,27,1.923437233324404,1.6955581903457642,1.8906641996444224,0.15684237641491466,0.32584337753379344,False,False,0.0,16.50895118713379,0.48153558373451233,0.2282657027244568,1.0,0.0,0.0,False,,1.0,current_wind_train,-15.426902632476947,18.38506663485547,0.5669373788524215,"[{""distance_vox"": 1.0, ""source_role"": ""current_wind_train"", ""z"": 28, ""y"": 262, ""x"": 517, ""u"": -15.426902632476947, ""v"": 18.38506663485547, ""base_weight"": 0.5669373788524215, ""time_conf"": 1.0, ""qc_flags"": ""ok""}, {""distance_vox"": 2.23606797749979, ""source_role"": ""current_wind_train"", ""z"": 27, ""y"": 261, ""x"": 517, ""u"": -14.775875407815802, ""v"": 18.912258086561327, ""base_weight"": 0.5669373788524215, ""time_conf"": 1.0, ""qc_flags"": ""ok""}, {""distance_vox"": 3.1622776601683795, ""source_role"": ""current_wind_train"", ""z"": 26, ""y"": 261, ""x"": 517, ""u"": -16.45798706418925, ""v"": 22.652475842498525, ""base_weight"": 0.5669373788524215, ""time_conf"": 1.0, ""qc_flags"": ""ok""}]",2,8.217072346889578,6.732468247088925,default_timepower15_8_4_conservative_v2;moderate_current_support_fresh_context_prefers_10_5,12,711
20260213132400,gaussian,diagnostic_weighted,pydda_3dvar_proxy,diagnostic_adaptive_v3,10,5.0,2,1.0,True,False,29,237,507,35.2,113.6,14500.0,14.141327413103872,-16.852977748617512,22.0,13.25481128692627,-14.375598907470703,19.553717452200768,-0.886516126177602,2.477378841146809,0.886516126177602,2.477378841146809,2.63121963441573,0.11960089247344227,1.0,1,1.0,37.53420582249571,2,1,6.995428085327148,3.3959827423095703,19.753644943237305,27,4.916672167954622,2.467013120651245,4.609731194335928,3.2682390606781615,0.1642065137644848,True,True,14.185189247131348,12.3850736618042,0.12962141633033752,1.0,0.8363857269287109,0.4701368510723114,0.409197062253952,True,nearest_current_context_role_gap_ge_30mps;role_conflict_triggered_at_holdout_voxel,1.4142135623730951,current_wind_train,14.04960258505656,-15.603664459340397,0.973165761934816,"[{""distance_vox"": 1.4142135623730951, ""source_role"": ""current_wind_train"", ""z"": 28, ""y"": 238, ""x"": 507, ""u"": 14.04960258505656, ""v"": -15.603664459340397, ""base_weight"": 0.973165761934816, ""time_conf"": 1.0, ""qc_flags"": ""ok""}, {""distance_vox"": 1.7320508075688772, ""source_role"": ""context_wind"", ""z"": 28, ""y"": 236, ""x"": 506, ""u"": -6.914522932288607, ""v"": 15.530272779924212, ""base_weight"": 0.02943106416445303, ""time_conf"": 0.5463047142754377, ""qc_flags"": ""ok""}, {""distance_vox"": 2.23606797749979, ""source_role"": ""current_wind_train"", ""z"": 27, ""y"": 238, ""x"": 507, ""u"": 13.667456206434373, ""v"": -13.198509038720948, ""base_weight"": 0.5669373788524215, ""time_conf"": 1.0, ""qc_flags"": ""ok""}]",2,3.97211500472358,3.7971455542548638,default_timepower15_8_4_conservative_v2;moderate_current_support_fresh_context_prefers_10_5,13,571
20260222034800,gaussian,diagnostic_weighted,pydda_3dvar_proxy,diagnostic_adaptive_v3,10,5.0,2,1.0,True,False,25,289,518,31.040000000000006,114.48,12500.0,12.968332653377717,-0.9068341586736278,13.000000000000002,7.8232293128967285,-6.1394758224487305,9.94465083633403,-5.145103340480988,-5.2326416637751025,5.145103340480988,5.2326416637751025,7.338434926174906,0.5644949943211466,1.0,1,1.0,5.125337950879677,1,2,4.438080787658691,1.1185684204101562,11.871724128723145,27,6.706941366195679,2.7596006393432617,6.706941366195679,2.7856456949244546,4.578834286831644,True,False,1.9344626665115356,12.244062423706055,0.1819181740283966,0.6936397552490234,0.7950984239578247,0.2605252265930176,0.0,False,,1.0,current_wind_train,6.293203910498378,-7.7714596145697055,0.5669373788524215,"[{""distance_vox"": 1.0, ""source_role"": ""current_wind_train"", ""z"": 24, ""y"": 289, ""x"": 518, ""u"": 6.293203910498378, ""v"": -7.7714596145697055, ""base_weight"": 0.5669373788524215, ""time_conf"": 1.0, ""qc_flags"": ""ok""}, {""distance_vox"": 1.0, ""source_role"": ""context_wind"", ""z"": 24, ""y"": 289, ""x"": 518, ""u"": 6.710314841648959, ""v"": -9.948450870660501, ""base_weight"": 0.09401528072561947, ""time_conf"": 0.8539492403742903, ""qc_flags"": ""ok""}, {""distance_vox"": 1.0, ""source_role"": ""context_wind"", ""z"": 25, ""y"": 289, ""x"": 519, ""u"": 11.258330249197702, ""v"": -6.500000000000002, ""base_weight"": 0.09401528072561947, ""time_conf"": 0.8539492403742903, ""qc_flags"": ""ok""}]",3,4.342838975761917,3.218190105191192,default_timepower15_8_4_conservative_v2;moderate_current_support_fresh_context_prefers_10_5,18,570
20260222034800,gaussian,diagnostic_weighted,pydda_3dvar_proxy,diagnostic_adaptive_v3,10,5.0,2,1.0,True,False,29,382,501,23.600000000000005,113.12,14500.0,3.9931775502364655,-3.00907511576024,5.0,4.982754230499268,-3.8667521476745605,6.307108045142732,0.9895766802628021,-0.8576770319143208,0.9895766802628021,0.8576770319143208,1.3095311745786378,0.26190623491572756,1.0,1,1.0,3.0301545951334425,1,2,1.0068608522415161,0.03716564178466797,6.6885151863098145,27,1.463194919957055,0.631829023361206,1.463194919957055,0.4390865017586249,0.6777021512174317,True,False,4.220547676086426,12.260725021362305,0.11078083515167236,1.0,0.7987045645713806,0.4471619725227356,0.0,False,,0.0,context_wind,6.6573956140660755,-2.1631189606246304,0.08171908448288782,"[{""distance_vox"": 0.0, ""source_role"": ""context_wind"", ""z"": 29, ""y"": 382, ""x"": 501, ""u"": 6.6573956140660755, ""v"": -2.1631189606246304, ""base_weight"": 0.08171908448288782, ""time_conf"": 0.8091305751159615, ""qc_flags"": ""ok""}, {""distance_vox"": 1.0, ""source_role"": ""context_wind"", ""z"": 28, ""y"": 382, ""x"": 501, ""u"": 5.048330180834727, ""v"": -4.130021737595761, ""base_weight"": 0.0926843631130814, ""time_conf"": 0.6930428086292569, ""qc_flags"": ""ok""}, {""distance_vox"": 2.0, ""source_role"": ""current_wind_train"", ""z"": 27, ""y"": 382, ""x"": 501, ""u"": 5.1194759113341926, ""v"": -4.77398852043749, ""base_weight"": 0.5669373788524215, ""time_conf"": 1.0, ""qc_flags"": ""ok""}]",3,4.342838975761917,3.218190105191192,default_timepower15_8_4_conservative_v2;moderate_current_support_fresh_context_prefers_10_5,18,570
20260126064800,gaussian,diagnostic_weighted,pydda_3dvar_proxy,diagnostic_adaptive_v3,10,5.0,2,1.0,True,False,29,325,489,28.160000000000004,112.16,14500.0,48.09973198893554,9.349640773450686,49.0,46.963924407958984,8.716142654418945,47.765901421083505,-1.1358075809765538,-0.6334981190317404,1.1358075809765538,0.6334981190317404,1.3005301718224624,0.026541432078009436,1.0,1,1.0,0.0,0,3,1.0562068223953247,0.033145904541015625,47.820152282714844,27,1.475291453025959,0.9290290474891663,1.5475737137374241,0.3379665907359686,0.3715011243332962,True,False,2.6370530128479004,14.84720230102539,0.32686683535575867,0.14552608132362366,0.6327447891235352,0.29800739884376526,0.0,True,context_only_nearest_support,1.0,context_wind,45.97293723448886,9.77184946843471,0.029727211745013377,"[{""distance_vox"": 1.0, ""source_role"": ""context_wind"", ""z"": 29, ""y"": 325, ""x"": 490, ""u"": 45.97293723448886, ""v"": 9.77184946843471, ""base_weight"": 0.029727211745013377, ""time_conf"": 0.548412489847313, ""qc_flags"": ""ok""}, {""distance_vox"": 1.0, ""source_role"": ""context_wind"", ""z"": 29, ""y"": 325, ""x"": 488, ""u"": 47.118104805487874, ""v"": 9.158831778074141, ""base_weight"": 0.0689293058017201, ""time_conf"": 0.757858283255199, ""qc_flags"": ""ok""}, {""distance_vox"": 1.4142135623730951, ""source_role"": ""context_wind"", ""z"": 29, ""y"": 324, ""x"": 488, ""u"": 48.514786313799824, ""v"": 12.096094779983389, ""base_weight"": 0.006822870879246071, ""time_conf"": 0.31136240558970574, ""qc_flags"": ""ok""}]",2,2.155881791104269,2.029057480237634,default_timepower15_8_4_conservative_v2;moderate_current_support_fresh_context_prefers_10_5,8,807
20260202133000,gaussian,diagnostic_weighted,pydda_3dvar_proxy,diagnostic_adaptive_v3,10,5.0,2,1.0,True,False,28,297,529,30.400000000000002,115.36,14000.0,24.05717615308593,12.257743492967768,27.0,18.767642974853516,10.113790512084961,21.319314748694627,-5.289533178232414,-2.1439529808828066,5.289533178232414,2.1439529808828066,5.707512210048944,0.21138934111292385,0.028660498559474945,1,1.0,27.359249515167253,1,2,5.238682270050049,0.5870170593261719,26.137197494506836,27,5.849898016011274,1.7877777814865112,6.323016099747637,2.5673694926987785,3.9197344285624327,False,False,0.0,15.928496360778809,0.3869454264640808,0.0,0.668176531791687,0.01056347880512476,0.0,False,,6.48074069840786,current_wind_train,6.037676641782178,-5.248472231924056,0.5669373788524215,"[{""distance_vox"": 6.48074069840786, ""source_role"": ""current_wind_train"", ""z"": 23, ""y"": 298, ""x"": 525, ""u"": 6.037676641782178, ""v"": -5.248472231924056, ""base_weight"": 0.5669373788524215, ""time_conf"": 1.0, ""qc_flags"": ""ok""}, {""distance_vox"": 7.810249675906654, ""source_role"": ""context_wind"", ""z"": 23, ""y"": 297, ""x"": 523, ""u"": 13.071336840360646, ""v"": -20.128093630690177, ""base_weight"": 0.006687606794957115, ""time_conf"": 0.3089736164823223, ""qc_flags"": ""ok""}, {""distance_vox"": 10.862780491200215, ""source_role"": ""context_wind"", ""z"": 29, ""y"": 291, ""x"": 520, ""u"": 32.99497394016091, ""v"": -0.5759294124303433, ""base_weight"": 0.014029375776883833, ""time_conf"": 0.4108451572928951, ""qc_flags"": ""ok""}]",3,3.5590574305162743,2.9920913322262197,default_timepower15_8_4_conservative_v2;moderate_current_support_fresh_context_prefers_10_5,14,684
20260206013000,gaussian,diagnostic_weighted,pydda_3dvar_proxy,diagnostic_adaptive_v3,8,4.0,2,1.0,True,False,24,325,490,28.160000000000004,112.24000000000001,12000.0,28.365557267979504,9.767044633714699,30.0,29.26865005493164,8.428966522216797,30.458190239584187,0.9030927869521364,-1.338078111497902,0.9030927869521364,1.338078111497902,1.6143201709434125,0.05381067236478042,0.5820278525352478,1,1.0,0.0,0,3,1.008653163909912,0.119140625,30.38013458251953,27,1.1831034245314422,0.503784716129303,1.0946663552014484,0.3924357659380543,1.1105354548141095,True,False,2.8103229999542236,14.158988952636719,0.31938767433166504,0.07290894538164139,0.6526687741279602,0.09804652631282806,0.0,True,context_only_nearest_support,0.0,context_wind,36.9098698596135,-2.580989528532633,0.005103510728355253,"[{""distance_vox"": 0.0, ""source_role"": ""context_wind"", ""z"": 24, ""y"": 325, ""x"": 490, ""u"": 36.9098698596135, ""v"": -2.580989528532633, ""base_weight"": 0.005103510728355253, ""time_conf"": 0.27846261478923423, ""qc_flags"": ""ok""}, {""distance_vox"": 1.0, ""source_role"": ""context_wind"", ""z"": 24, ""y"": 325, ""x"": 491, ""u"": 40.84398262176157, ""v"": -3.5733854526539734, ""base_weight"": 0.005103510728355253, ""time_conf"": 0.27846261478923423, ""qc_flags"": ""ok""}, {""distance_vox"": 1.4142135623730951, ""source_role"": ""context_wind"", ""z"": 24, ""y"": 326, ""x"": 491, ""u"": 27.251086002791343, ""v"": 9.918584156444387, ""base_weight"": 0.022459716355252762, ""time_conf"": 0.49235737646721556, ""qc_flags"": ""ok""}]",4,7.651415006099031,5.865517033374847,default_timepower15_8_4_conservative_v2,21,744
20260219015400,gaussian,diagnostic_weighted,pydda_3dvar_proxy,diagnostic_adaptive_v3,10,5.0,2,1.0,True,False,29,400,444,22.160000000000004,108.56,14500.0,35.92970587277404,-12.37158986937194,38.0,32.715232849121094,-12.93896198272705,35.181006204522745,-3.2144730236529497,-0.5673721133551108,3.2144730236529497,0.5673721133551108,3.264161137996343,0.08589897731569324,0.7318774461746216,1,1.0,0.0,0,3,1.150413155555725,0.06464004516601562,35.50432205200195,27,3.404820618806062,2.389510154724121,3.6052865918127446,0.6625618923151451,0.8746509832722218,False,False,0.0,16.179460525512695,0.4946991205215454,0.0,0.8665411472320557,0.2357185333967209,0.0,True,context_only_nearest_support,1.0,context_wind,34.23803458662553,-11.124611797498101,0.13082459886210773,"[{""distance_vox"": 1.0, ""source_role"": ""context_wind"", ""z"": 29, ""y"": 400, ""x"": 443, ""u"": 34.23803458662553, ""v"": -11.124611797498101, ""base_weight"": 0.13082459886210773, ""time_conf"": 0.969663144646718, ""qc_flags"": ""ok""}, {""distance_vox"": 2.23606797749979, ""source_role"": ""context_wind"", ""z"": 27, ""y"": 399, ""x"": 444, ""u"": 29.73707004273945, ""v"": -16.483527088375467, ""base_weight"": 0.12695352926682754, ""time_conf"": 0.958525613502759, ""qc_flags"": ""ok""}, {""distance_vox"": 7.3484692283495345, ""source_role"": ""context_wind"", ""z"": 28, ""y"": 393, ""x"": 446, ""u"": 32.318631134662134, ""v"": -15.151208738509453, ""base_weight"": 0.1293129878303153, ""time_conf"": 0.7154502604266505, ""qc_flags"": ""ok""}]",2,3.0331704055612128,3.0236172630471607,default_timepower15_8_4_conservative_v2;moderate_current_support_fresh_context_prefers_10_5,10,755
20260222070000,gaussian,diagnostic_weighted,pydda_3dvar_proxy,diagnostic_adaptive_v3,8,4.0,2,1.0,True,False,25,385,510,23.360000000000003,113.84,12500.0,1.433471798181203,-3.734321705988806,3.9999999999999996,2.3531391620635986,-4.274251461029053,4.879189427368686,0.9196673638823956,-0.5399297550402467,0.9196673638823956,0.5399297550402467,1.066448405019303,0.2666121012548258,1.0,1,1.0,4.233872879403759,2,1,1.1456143856048584,0.07720661163330078,5.231324195861816,27,1.4505390900152701,0.7067695260047913,1.4505390900152701,0.7724772508766979,0.3596788790145118,True,True,13.512290954589844,10.616700172424316,0.05000000074505806,1.0,0.5279698371887207,0.08237886428833008,0.0782599225640297,True,role_conflict_triggered_at_holdout_voxel,1.0,current_wind_train,1.7260410080550095,-4.155629842764675,0.973165761934816,"[{""distance_vox"": 1.0, ""source_role"": ""current_wind_train"", ""z"": 25, ""y"": 385, ""x"": 509, ""u"": 1.7260410080550095, ""v"": -4.155629842764675, ""base_weight"": 0.973165761934816, ""time_conf"": 1.0, ""qc_flags"": ""ok""}, {""distance_vox"": 1.0, ""source_role"": ""current_wind_train"", ""z"": 26, ""y"": 385, ""x"": 510, ""u"": 2.9088577214780216, ""v"": -5.247718242836375, ""base_weight"": 0.5669373788524215, ""time_conf"": 1.0, ""qc_flags"": ""ok""}, {""distance_vox"": 1.0, ""source_role"": ""context_wind"", ""z"": 26, ""y"": 385, ""x"": 510, ""u"": 5.936336673094983, ""v"": -3.7094348496324328, ""base_weight"": 0.022459716355252762, ""time_conf"": 0.49235737646721556, ""qc_flags"": ""ok""}]",3,2.344618445456779,1.8774236105145237,default_timepower15_8_4_conservative_v2,14,658
20260222070000,gaussian,diagnostic_weighted,pydda_3dvar_proxy,diagnostic_adaptive_v3,8,4.0,2,1.0,True,False,29,401,456,22.080000000000005,109.52,14500.0,28.467188319982252,-5.533460865919809,28.999999999999996,29.158008575439453,-1.742788314819336,29.210045792426815,0.6908202554572007,3.7906725511004726,0.6908202554572007,3.7906725511004726,3.8531066705992605,0.13286574726204348,1.0,1,1.0,0.0,0,3,1.3672714233398438,0.15719032287597656,30.19186019897461,27,3.8849420370878995,2.4602067470550537,4.008341164756389,0.9109677081159268,1.3928999235442068,True,False,3.570183515548706,15.214801788330078,0.3969690203666687,0.15791824460029602,0.7816236615180969,0.31667548418045044,0.0,True,context_only_nearest_support,1.0,context_wind,31.0,5.694607616035192e-15,0.06298976748409173,"[{""distance_vox"": 1.0, ""source_role"": ""context_wind"", ""z"": 28, ""y"": 401, ""x"": 456, ""u"": 31.0, ""v"": 5.694607616035192e-15, ""base_weight"": 0.06298976748409173, ""time_conf"": 0.7320428479728127, ""qc_flags"": ""ok""}, {""distance_vox"": 1.0, ""source_role"": ""context_wind"", ""z"": 29, ""y"": 400, ""x"": 456, ""u"": 29.231101943557057, ""v"": -6.748531630315948, ""base_weight"": 0.06298976748409173, ""time_conf"": 0.7320428479728127, ""qc_flags"": ""ok""}, {""distance_vox"": 1.7320508075688772, ""source_role"": ""context_wind"", ""z"": 28, ""y"": 400, ""x"": 455, ""u"": 30.768930700880986, ""v"": 3.7779496455595627, ""base_weight"": 0.03631770507712375, ""time_conf"": 0.5923182505897684, ""qc_flags"": ""ok""}]",3,2.344618445456779,1.8774236105145237,default_timepower15_8_4_conservative_v2,14,658
20260126090000,gaussian,diagnostic_weighted,pydda_3dvar_proxy,diagnostic_adaptive_v3,8,4.0,2,1.0,True,False,29,327,492,28.000000000000004,112.4,14500.0,47.409040348566606,7.508854321931089,47.99999999999999,46.542911529541016,8.588129997253418,47.32862337419509,-0.8661288190255902,1.0792756753223287,0.8661288190255902,1.0792756753223287,1.3838407113859357,0.02883001482054033,1.0,1,1.0,6.546333061610136,1,2,1.599799394607544,0.18501663208007812,48.69132614135742,27,1.514942350210967,0.6238700747489929,1.3206679920875388,0.6712663023290244,0.7599706366369428,True,False,4.743794918060303,15.465024948120117,0.42358696460723877,0.0989883542060852,0.7936086058616638,0.3329311013221741,0.0,False,,2.23606797749979,current_wind_train,50.372105370352024,7.978157717051783,0.5669373788524215,"[{""distance_vox"": 2.23606797749979, ""source_role"": ""current_wind_train"", ""z"": 27, ""y"": 327, ""x"": 493, ""u"": 50.372105370352024, ""v"": 7.978157717051783, ""base_weight"": 0.5669373788524215, ""time_conf"": 1.0, ""qc_flags"": ""ok""}, {""distance_vox"": 2.23606797749979, ""source_role"": ""context_wind"", ""z"": 27, ""y"": 327, ""x"": 491, ""u"": 45.43366366737633, ""v"": 7.195985391850629, ""base_weight"": 0.07851102517563166, ""time_conf"": 0.7967628143670084, ""qc_flags"": ""ok""}, {""distance_vox"": 2.449489742783178, ""source_role"": ""context_wind"", ""z"": 27, ""y"": 326, ""x"": 491, ""u"": 45.887946311951914, ""v"": 3.208797792229776, ""base_weight"": 0.007928486995611049, ""time_conf"": 0.32987697769322355, ""qc_flags"": ""ok""}]",4,2.449740720336148,2.1103022397459568,default_timepower15_8_4_conservative_v2,21,790
20260131094200,gaussian,diagnostic_weighted,pydda_3dvar_proxy,diagnostic_adaptive_v3,8,4.0,2,1.0,True,False,27,355,468,25.76,110.47999999999999,13500.0,16.038117435390625,-8.17182899531184,18.0,14.158777236938477,1.603690266609192,14.249308590821668,-1.879340198452148,9.775519261921032,1.879340198452148,9.775519261921032,9.954531451640868,0.5530295250911593,0.3211895227432251,1,1.0,0.0,0,3,1.8491994142532349,0.29053783416748047,16.0965518951416,27,10.215057090476707,8.691030502319336,9.96869852933681,0.9880487662893201,1.2635009493215321,False,False,0.0,15.223753929138184,0.349397212266922,0.0,0.6102229952812195,0.08421941846609116,0.0,True,context_only_nearest_support,1.4142135623730951,context_wind,15.844289099865124,2.2267696153610532,0.04711637664278757,"[{""distance_vox"": 1.4142135623730951, ""source_role"": ""context_wind"", ""z"": 28, ""y"": 356, ""x"": 468, ""u"": 15.844289099865124, ""v"": 2.2267696153610532, ""base_weight"": 0.04711637664278757, ""time_conf"": 0.6546922875874867, ""qc_flags"": ""ok""}, {""distance_vox"": 3.0, ""source_role"": ""context_wind"", ""z"": 27, ""y"": 358, ""x"": 468, ""u"": 12.778168160756685, ""v"": 9.629040370432772, ""base_weight"": 0.015199315723233457, ""time_conf"": 0.4236988479567101, ""qc_flags"": ""ok""}, {""distance_vox"": 3.3166247903554, ""source_role"": ""context_wind"", ""z"": 26, ""y"": 358, ""x"": 467, ""u"": 10.72462220366569, ""v"": 8.999026535611552, ""base_weight"": 0.015199315723233457, ""time_conf"": 0.4236988479567101, ""qc_flags"": ""ok""}]",1,9.954531451640868,9.954531451640868,default_timepower15_8_4_conservative_v2,0,1167
20260202143000,gaussian,diagnostic_weighted,pydda_3dvar_proxy,diagnostic_adaptive_v3,10,5.0,2,1.0,True,False,29,292,511,30.8,113.92,14500.0,16.71247785185002,19.917155521093427,25.999999999999996,22.236413955688477,15.960325241088867,27.37133696789537,5.523936103838455,-3.95683028000456,5.523936103838455,3.95683028000456,6.794878655579579,0.26134148675306074,0.5690465569496155,1,1.0,29.214990926701205,2,1,6.807021141052246,2.6573104858398438,28.678943634033203,27,6.962037757590965,5.590008735656738,6.872073059167031,0.7369820540845305,1.2048699199228405,True,True,22.942901611328125,15.5609712600708,0.37922489643096924,0.2206755131483078,0.7900655269622803,0.09775512665510178,0.060683947056531906,True,role_conflict_triggered_at_holdout_voxel,3.0,current_wind_train,5.47023579884983,12.887067948334165,0.5669373788524215,"[{""distance_vox"": 3.0, ""source_role"": ""current_wind_train"", ""z"": 26, ""y"": 292, ""x"": 511, ""u"": 5.47023579884983, ""v"": 12.887067948334165, ""base_weight"": 0.5669373788524215, ""time_conf"": 1.0, ""qc_flags"": ""ok""}, {""distance_vox"": 5.0990195135927845, ""source_role"": ""current_wind_train"", ""z"": 24, ""y"": 292, ""x"": 512, ""u"": -0.8530854038360328, ""v"": 6.947823061489254, ""base_weight"": 0.5669373788524215, ""time_conf"": 1.0, ""qc_flags"": ""ok""}, {""distance_vox"": 5.0990195135927845, ""source_role"": ""context_wind"", ""z"": 28, ""y"": 288, ""x"": 514, ""u"": 27.931793407275077, ""v"": 1.9531812648355162, ""base_weight"": 0.009494194337092345, ""time_conf"": 0.3535533905932738, ""qc_flags"": ""ok""}]",3,4.916078752325073,4.641572283953209,default_timepower15_8_4_conservative_v2;moderate_current_support_fresh_context_prefers_10_5,15,679
20260206074200,gaussian,diagnostic_weighted,pydda_3dvar_proxy,diagnostic_adaptive_v3,10,5.0,2,1.0,True,False,26,295,450,30.560000000000002,109.03999999999999,13000.0,33.53338812035605,-15.636875684405885,37.00000000000001,32.09417724609375,-13.586115837097168,34.85138098616329,-1.4392108742623009,2.0507598473087167,1.4392108742623009,2.0507598473087167,2.505382983084328,0.06771305359687373,1.0,1,1.0,173.348045183151,1,2,10.592367172241211,4.897682189941406,35.14952850341797,27,6.089134578351621,2.1121749877929688,3.893937834374785,5.302832716043383,0.3932079952913594,True,True,165.49610900878906,12.883275032043457,0.12997767329216003,0.686565637588501,0.6691227555274963,0.020787756890058517,0.018085811287164688,True,nearest_current_context_role_gap_ge_30mps;role_conflict_triggered_at_holdout_voxel,1.0,context_wind,-7.2223619615262455,137.8108757961312,0.007860900724338466,"[{""distance_vox"": 1.0, ""source_role"": ""context_wind"", ""z"": 25, ""y"": 295, ""x"": 450, ""u"": -7.2223619615262455, ""v"": 137.8108757961312, ""base_weight"": 0.007860900724338466, ""time_conf"": 0.49235737646721556, ""qc_flags"": ""high_speed_qc_candidate""}, {""distance_vox"": 1.4142135623730951, ""source_role"": ""current_wind_train"", ""z"": 25, ""y"": 295, ""x"": 449, ""u"": 32.88763647513364, ""v"": -14.642519150728791, ""base_weight"": 0.5669373788524215, ""time_conf"": 1.0, ""qc_flags"": ""ok""}, {""distance_vox"": 2.23606797749979, ""source_role"": ""context_wind"", ""z"": 28, ""y"": 295, ""x"": 451, ""u"": -40.79432866091589, ""v"": 142.2667309988712, ""base_weight"": 0.007860900724338466, ""time_conf"": 0.49235737646721556, ""qc_flags"": ""high_speed_qc_candidate""}]",2,3.078450338973092,3.0329140258843292,default_timepower15_8_4_conservative_v2;moderate_current_support_fresh_context_prefers_10_5,7,1007
20260210001800,gaussian,diagnostic_weighted,pydda_3dvar_proxy,diagnostic_adaptive_v3,8,4.0,2,1.0,True,False,26,325,502,28.160000000000004,113.2,13000.0,36.339580726595344,11.11012477946401,38.0,35.301212310791016,13.72454833984375,37.87530617360407,-1.038368415804328,2.6144235603797394,1.038368415804328,2.6144235603797394,2.81308007707009,0.07402842308079184,1.0,1,1.0,0.0,3,0,3.7625362873077393,0.6908721923828125,39.79417419433594,27,3.1474050460038363,1.405173659324646,3.1474050460038363,1.2300390043139673,1.4079064177454441,True,False,6.03472375869751,11.248688697814941,0.05672755837440491,1.0,0.7420265674591064,0.38867050409317017,0.0,False,,1.0,current_wind_train,32.6270803333194,15.21425742266517,0.5669373788524215,"[{""distance_vox"": 1.0, ""source_role"": ""current_wind_train"", ""z"": 27, ""y"": 325, ""x"": 502, ""u"": 32.6270803333194, ""v"": 15.21425742266517, ""base_weight"": 0.5669373788524215, ""time_conf"": 1.0, ""qc_flags"": ""ok""}, {""distance_vox"": 2.0, ""source_role"": ""current_wind_train"", ""z"": 26, ""y"": 325, ""x"": 500, ""u"": 35.70831958986452, ""v"": 12.996765446375404, ""base_weight"": 0.5669373788524215, ""time_conf"": 1.0, ""qc_flags"": ""ok""}, {""distance_vox"": 2.23606797749979, ""source_role"": ""current_wind_train"", ""z"": 24, ""y"": 326, ""x"": 502, ""u"": 38.97480259140941, ""v"": 8.99804217375461, ""base_weight"": 0.5669373788524215, ""time_conf"": 1.0, ""qc_flags"": ""ok""}]",5,8.742003520643062,6.443482394360044,default_timepower15_8_4_conservative_v2,30,675
20260210001800,gaussian,diagnostic_weighted,pydda_3dvar_proxy,diagnostic_adaptive_v3,8,4.0,2,1.0,True,False,29,325,499,28.160000000000004,112.96000000000001,14500.0,43.25677631722436,12.40368101176495,45.0,34.357872009277344,15.542637825012207,37.70990532426969,-8.898904307947014,3.1389568132472565,8.898904307947014,3.1389568132472565,9.43628887632364,0.20969530836274758,1.0,1,1.0,21.095999417839064,1,2,0.15242160856723785,0.044036865234375,37.79754638671875,27,9.336573883339211,8.656225204467773,9.336573883339211,0.3635758074696396,0.7800636718558671,True,False,9.73707103729248,12.513280868530273,0.11322581022977829,0.813108503818512,0.6727704405784607,0.20992103219032288,0.0,False,,2.0,current_wind_train,32.90896534380866,19.000000000000018,0.5669373788524215,"[{""distance_vox"": 2.0, ""source_role"": ""current_wind_train"", ""z"": 27, ""y"": 325, ""x"": 499, ""u"": 32.90896534380866, ""v"": 19.000000000000018, ""base_weight"": 0.5669373788524215, ""time_conf"": 1.0, ""qc_flags"": ""ok""}, {""distance_vox"": 2.449489742783178, ""source_role"": ""context_wind"", ""z"": 28, ""y"": 323, ""x"": 498, ""u"": 41.08219923081983, ""v"": 8.732291014345911, ""base_weight"": 0.008335494579753872, ""time_conf"": 0.3362899984820979, ""qc_flags"": ""ok""}, {""distance_vox"": 3.0, ""source_role"": ""context_wind"", ""z"": 27, ""y"": 323, ""x"": 498, ""u"": 45.9369585987104, ""v"": 2.407453987175438, ""base_weight"": 0.008335494579753872, ""time_conf"": 0.3362899984820979, ""qc_flags"": ""ok""}]",5,8.742003520643062,6.443482394360044,default_timepower15_8_4_conservative_v2,30,675
20260214015400,gaussian,diagnostic_weighted,pydda_3dvar_proxy,diagnostic_adaptive_v3,10,5.0,2,1.0,True,False,29,321,510,28.480000000000004,113.84,14500.0,29.0,5.327213576290986e-15,29.0,24.00443458557129,-4.834660053253174,24.486461924979956,-4.995565414428711,-4.834660053253179,4.995565414428711,4.834660053253179,6.9519502041052,0.2397224208312138,1.0,1,1.0,2.418703801899953,2,1,9.386584281921387,0.03182220458984375,24.55185317993164,27,9.817887818371808,6.091104984283447,9.111981789614251,4.510241389280078,0.8608452198217531,True,True,22.25404930114746,12.342486381530762,0.11292111873626709,0.9465340375900269,0.7655589580535889,0.48600536584854126,0.43112510442733765,True,role_conflict_triggered_at_holdout_voxel,1.0,current_wind_train,25.85756927957511,-2.7177400449589775,0.5669373788524215,"[{""distance_vox"": 1.0, ""source_role"": ""current_wind_train"", ""z"": 28, ""y"": 321, ""x"": 510, ""u"": 25.85756927957511, ""v"": -2.7177400449589775, ""base_weight"": 0.5669373788524215, ""time_conf"": 1.0, ""qc_flags"": ""ok""}, {""distance_vox"": 2.23606797749979, ""source_role"": ""current_wind_train"", ""z"": 27, ""y"": 321, ""x"": 511, ""u"": 24.81365379103305, ""v"": -3.0467335851286923, ""base_weight"": 0.5669373788524215, ""time_conf"": 1.0, ""qc_flags"": ""ok""}, {""distance_vox"": 2.23606797749979, ""source_role"": ""context_wind"", ""z"": 29, ""y"": 319, ""x"": 509, ""u"": 26.934229357015255, ""v"": -1.883424791091381, ""base_weight"": 0.06556360866610655, ""time_conf"": 0.7434059922341357, ""qc_flags"": ""ok""}]",2,5.805741892550272,5.660217888779163,default_timepower15_8_4_conservative_v2;moderate_current_support_fresh_context_prefers_10_5,8,310
20260219024200,gaussian,diagnostic_weighted,pydda_3dvar_proxy,diagnostic_adaptive_v3,8,4.0,2,1.0,True,False,29,328,506,27.920000000000005,113.52000000000001,14500.0,32.95477464690094,-1.7270865560171502,33.0,31.999042510986328,2.8887696266174316,32.129172282764735,-0.9557321359146087,4.615856182634582,0.9557321359146087,4.615856182634582,4.713762002306204,0.1428412727971577,1.0,1,1.0,14.2260268377372,1,2,1.871541976928711,0.02007293701171875,32.93614196777344,27,4.732603629430135,2.902573823928833,4.673803483212888,1.214704106728753,1.8111881783773711,True,False,6.675014495849609,13.163711547851562,0.19126591086387634,0.7061001658439636,0.7539448738098145,0.47827252745628357,0.0,False,,1.0,current_wind_train,31.0,5.694607616035192e-15,0.5669373788524215,"[{""distance_vox"": 1.0, ""source_role"": ""current_wind_train"", ""z"": 28, ""y"": 328, ""x"": 506, ""u"": 31.0, ""v"": 5.694607616035192e-15, ""base_weight"": 0.5669373788524215, ""time_conf"": 1.0, ""qc_flags"": ""ok""}, {""distance_vox"": 1.4142135623730951, ""source_role"": ""context_wind"", ""z"": 29, ""y"": 329, ""x"": 505, ""u"": 37.71675376237024, ""v"": 4.631035049395592, ""base_weight"": 0.012820484812002975, ""time_conf"": 0.39685026299204984, ""qc_flags"": ""ok""}, {""distance_vox"": 2.0, ""source_role"": ""context_wind"", ""z"": 29, ""y"": 326, ""x"": 506, ""u"": 38.04226065180614, ""v"": 12.360679774997902, ""base_weight"": 0.055302308632161776, ""time_conf"": 0.6962984793343721, ""qc_flags"": ""ok""}]",3,5.838411322932169,5.516133207824311,default_timepower15_8_4_conservative_v2,19,825
20260222160000,gaussian,diagnostic_weighted,pydda_3dvar_proxy,diagnostic_adaptive_v3,10,5.0,2,1.0,True,False,29,412,467,21.200000000000003,110.4,14500.0,26.915327486272933,7.717845962875969,28.000000000000004,27.50173568725586,8.29240894317627,28.724719526786547,0.5864082009829268,0.5745629803003007,0.5864082009829268,0.5745629803003007,0.820973322655247,0.02932047580911596,0.15603969991207123,1,1.0,0.0,0,3,2.689469814300537,0.630706787109375,29.52509117126465,27,1.5388716922865973,0.6756817102432251,1.5033683701332612,0.5448769901283063,0.14529161241202193,False,False,0.0,15.49209213256836,0.30322030186653137,0.0,0.4835835099220276,0.031029852107167244,0.0,True,context_only_nearest_support,1.4142135623730951,context_wind,28.531695488854606,9.270509831248427,0.02115022544339099,"[{""distance_vox"": 1.4142135623730951, ""source_role"": ""context_wind"", ""z"": 29, ""y"": 411, ""x"": 468, ""u"": 28.531695488854606, ""v"": 9.270509831248427, ""base_weight"": 0.02115022544339099, ""time_conf"": 0.4811119184470726, ""qc_flags"": ""ok""}, {""distance_vox"": 2.23606797749979, ""source_role"": ""context_wind"", ""z"": 27, ""y"": 412, ""x"": 468, ""u"": 23.908672754201895, ""v"": 2.091737825943798, ""base_weight"": 0.02115022544339099, ""time_conf"": 0.4811119184470726, ""qc_flags"": ""ok""}, {""distance_vox"": 9.055385138137417, ""source_role"": ""context_wind"", ""z"": 29, ""y"": 421, ""x"": 466, ""u"": 26.6295824562643, ""v"": 8.652475842498532, ""base_weight"": 0.01582037889443478, ""time_conf"": 0.430275718622165, ""qc_flags"": ""ok""}]",1,0.820973322655247,0.820973322655247,default_timepower15_8_4_conservative_v2;low_current_but_stable_context_prefers_10_5,0,476
20260126090600,gaussian,diagnostic_weighted,pydda_3dvar_proxy,diagnostic_adaptive_v3,10,5.0,2,1.0,True,False,29,287,516,31.2,114.32,14500.0,21.32522865503611,-8.615951648565975,23.0,19.754236221313477,-9.878721237182617,22.08662450374471,-1.5709924337226333,-1.2627695886166421,1.5709924337226333,1.2627695886166421,2.015590300817308,0.08763436090510035,0.90273118019104,1,1.0,6.098600555557092,1,2,0.9855551719665527,0.2065868377685547,22.20290184020996,27,2.26747794063003,1.7794781923294067,2.447131927003603,0.5199838226446788,0.2361121084879012,True,False,5.409605026245117,12.533978462219238,0.05000000074505806,0.6982606649398804,0.31371214985847473,0.011901830323040485,0.0,False,,1.0,context_wind,24.257393156899916,-6.0480473899916865,0.006754900269668017,"[{""distance_vox"": 1.0, ""source_role"": ""context_wind"", ""z"": 29, ""y"": 286, ""x"": 516, ""u"": 24.257393156899916, ""v"": -6.0480473899916865, ""base_weight"": 0.006754900269668017, ""time_conf"": 0.3101657113410298, ""qc_flags"": ""ok""}, {""distance_vox"": 1.7320508075688772, ""source_role"": ""current_wind_train"", ""z"": 28, ""y"": 288, ""x"": 515, ""u"": 19.602143532144098, ""v"": -9.987790994270027, ""base_weight"": 0.5669373788524215, ""time_conf"": 1.0, ""qc_flags"": ""ok""}, {""distance_vox"": 2.23606797749979, ""source_role"": ""context_wind"", ""z"": 27, ""y"": 286, ""x"": 516, ""u"": 22.31680170434792, ""v"": -5.564203598792352, ""base_weight"": 0.006754900269668017, ""time_conf"": 0.3101657113410298, ""qc_flags"": ""ok""}]",2,1.4869017793866388,1.3074405835198142,default_timepower15_8_4_conservative_v2;moderate_current_support_fresh_context_prefers_10_5,11,799
20260131123000,gaussian,diagnostic_weighted,pydda_3dvar_proxy,diagnostic_adaptive_v3,8,4.0,2,1.0,True,False,25,249,509,34.24,113.76,12500.0,-11.330837648021197,18.85768061544647,22.0,-2.712895154953003,9.628357887268066,10.003253257170122,8.617942493068194,-9.229322728178403,8.617942493068194,9.229322728178403,12.627324769510794,0.5739693077050361,1.0,1,1.0,46.05689262435639,1,2,7.188450813293457,3.550726890563965,16.649330139160156,27,10.704108825436345,0.9412973523139954,10.704108825436345,6.147877858144095,11.686027417196799,True,True,13.222123146057129,12.131404876708984,0.14956849813461304,0.6139169335365295,0.6745930910110474,0.5313681960105896,0.45189225673675537,True,nearest_current_context_role_gap_ge_30mps;role_conflict_triggered_at_holdout_voxel,0.0,context_wind,22.692445814383607,-7.813635706971752,0.05313129696404512,"[{""distance_vox"": 0.0, ""source_role"": ""context_wind"", ""z"": 25, ""y"": 249, ""x"": 509, ""u"": 22.692445814383607, ""v"": -7.813635706971752, ""base_weight"": 0.05313129696404512, ""time_conf"": 0.6856553850463664, ""qc_flags"": ""ok""}, {""distance_vox"": 1.4142135623730951, ""source_role"": ""current_wind_train"", ""z"": 26, ""y"": 249, ""x"": 508, ""u"": -13.192258036074056, ""v"": 18.840497018646815, ""base_weight"": 0.5669373788524215, ""time_conf"": 1.0, ""qc_flags"": ""ok""}, {""distance_vox"": 1.4142135623730951, ""source_role"": ""context_wind"", ""z"": 24, ""y"": 248, ""x"": 509, ""u"": 20.353154307754227, ""v"": -12.718062341596914, ""base_weight"": 0.05313129696404512, ""time_conf"": 0.6856553850463664, ""qc_flags"": ""ok""}]",9,8.682520625417848,7.010201489364004,default_timepower15_8_4_conservative_v2,59,1004
20260131123000,gaussian,diagnostic_weighted,pydda_3dvar_proxy,diagnostic_adaptive_v3,8,4.0,2,1.0,True,False,28,387,507,23.200000000000003,113.6,14000.0,22.82856148775041,2.802994898318385,23.000000000000004,31.145708084106445,0.018189765512943268,31.145713395713752,8.317146596356036,-2.7848051328054417,8.317146596356036,2.7848051328054417,8.770978687294612,0.38134689944759176,1.0,1,1.0,7.43025527026475,1,2,3.216809034347534,0.7975025177001953,32.2003059387207,27,8.555072448871753,7.039713382720947,8.555072448871753,0.9598992758916356,1.7312653045736646,True,False,5.254462718963623,12.647787094116211,0.15269926190376282,0.7400556206703186,0.7177231907844543,0.4151763617992401,0.0,False,,1.0,current_wind_train,32.95477464690094,1.7270865560171622,0.5669373788524215,"[{""distance_vox"": 1.0, ""source_role"": ""current_wind_train"", ""z"": 29, ""y"": 387, ""x"": 507, ""u"": 32.95477464690094, ""v"": 1.7270865560171622, ""base_weight"": 0.5669373788524215, ""time_conf"": 1.0, ""qc_flags"": ""ok""}, {""distance_vox"": 1.4142135623730951, ""source_role"": ""context_wind"", ""z"": 29, ""y"": 387, ""x"": 508, ""u"": 30.61833855844927, ""v"": -4.849468416247151, ""base_weight"": 0.01913519491786358, ""time_conf"": 0.4629373561436452, ""qc_flags"": ""ok""}, {""distance_vox"": 1.4142135623730951, ""source_role"": ""context_wind"", ""z"": 28, ""y"": 388, ""x"": 508, ""u"": 30.492197791232996, ""v"": -5.283220756164358, ""base_weight"": 0.03438880547444188, ""time_conf"": 0.45610843031906584, ""qc_flags"": ""ok""}]",9,8.682520625417848,7.010201489364004,default_timepower15_8_4_conservative_v2,59,1004
20260131123000,gaussian,diagnostic_weighted,pydda_3dvar_proxy,diagnostic_adaptive_v3,8,4.0,2,1.0,True,False,29,395,510,22.560000000000006,113.84,14500.0,30.99527854984813,0.5410245995557884,31.000000000000004,32.336883544921875,0.14707468450069427,32.33721800589315,1.3416049950737445,-0.39394991505509414,1.3416049950737445,0.39394991505509414,1.3982490830959762,0.045104809132128255,1.0,1,1.0,6.750933535725445,2,1,0.9571630358695984,0.22218704223632812,32.848453521728516,27,1.2702458191801,0.4385133385658264,1.2702458191801,0.5716175330556915,0.9597357445301498,True,False,2.543241024017334,12.487030982971191,0.145069420337677,1.0,0.8672817349433899,0.796621561050415,0.0,False,,1.0,current_wind_train,28.995583159535347,0.5061197866812215,0.5669373788524215,"[{""distance_vox"": 1.0, ""source_role"": ""current_wind_train"", ""z"": 28, ""y"": 395, ""x"": 510, ""u"": 28.995583159535347, ""v"": 0.5061197866812215, ""base_weight"": 0.5669373788524215, ""time_conf"": 1.0, ""qc_flags"": ""ok""}, {""distance_vox"": 1.0, ""source_role"": ""current_wind_train"", ""z"": 29, ""y"": 394, ""x"": 510, ""u"": 33.49741081765865, ""v"": 0.29669090943382254, ""base_weight"": 0.973165761934816, ""time_conf"": 1.0, ""qc_flags"": ""ok""}, {""distance_vox"": 1.4142135623730951, ""source_role"": ""context_wind"", ""z"": 28, ""y"": 395, ""x"": 511, ""u"": 26.931344561756724, ""v"": 1.8657280431207772, ""base_weight"": 0.19324932056061542, ""time_conf"": 0.9152401341861904, ""qc_flags"": ""ok""}]",9,8.682520625417848,7.010201489364004,default_timepower15_8_4_conservative_v2,59,1004
20260206091200,gaussian,diagnostic_weighted,pydda_3dvar_proxy,diagnostic_adaptive_v3,10,5.0,2,1.0,True,False,29,328,490,27.920000000000005,112.24000000000001,14500.0,47.64221527878345,-5.849728483447089,48.0,37.7680778503418,-1.510664463043213,37.79827789237732,-9.874137428441657,4.339064020403876,9.874137428441657,4.339064020403876,10.785456250382543,0.22469700521630298,0.9015033841133118,1,1.0,0.0,0,3,1.8950505256652832,0.47791290283203125,38.146610260009766,27,11.008966622529206,10.143486022949219,11.126083555206678,0.5076205217597698,0.6419702274333243,False,False,0.0,15.33735466003418,0.38527020812034607,0.0,0.647683322429657,0.2719865143299103,0.0,True,context_only_nearest_support,1.0,context_wind,49.6273075820661,-6.093467170257385,0.016140363177283717,"[{""distance_vox"": 1.0, ""source_role"": ""context_wind"", ""z"": 29, ""y"": 328, ""x"": 491, ""u"": 49.6273075820661, ""v"": -6.093467170257385, ""base_weight"": 0.016140363177283717, ""time_conf"": 0.4336023390680082, ""qc_flags"": ""ok""}, {""distance_vox"": 1.4142135623730951, ""source_role"": ""context_wind"", ""z"": 28, ""y"": 328, ""x"": 491, ""u"": 44.6645768238595, ""v"": -5.484120453231646, ""base_weight"": 0.016140363177283717, ""time_conf"": 0.4336023390680082, ""qc_flags"": ""ok""}, {""distance_vox"": 2.8284271247461903, ""source_role"": ""context_wind"", ""z"": 29, ""y"": 326, ""x"": 488, ""u"": 30.90962644125019, ""v"": 8.28220944328066, ""base_weight"": 0.008851576757094049, ""time_conf"": 0.34415040458621404, ""qc_flags"": ""ok""}]",3,17.159523452040023,13.740096414382633,default_timepower15_8_4_conservative_v2;moderate_current_support_fresh_context_prefers_10_5,18,986
20260210011200,gaussian,diagnostic_weighted,pydda_3dvar_proxy,diagnostic_adaptive_v3,8,4.0,2,1.0,True,False,26,253,503,33.92,113.28,13000.0,24.467851612086214,-10.111309337525626,26.47478685523649,25.591815948486328,-13.561019897460938,28.962774456196883,1.123964336400114,-3.449710559935312,1.123964336400114,3.449710559935312,3.6281949750293947,0.13704340642545224,1.0,2,1.0,0.0,3,0,4.440982818603516,0.06163597106933594,29.314973831176758,27,3.803799028749819,2.6391849517822266,3.803799028749819,0.7789546115945751,0.9890100232471681,True,True,19.438106536865234,11.190422058105469,0.05000000074505806,1.0,0.7095843553543091,0.20740264654159546,0.19703251123428345,True,role_conflict_triggered_at_holdout_voxel,1.7320508075688772,current_wind_train,24.23270704907048,-14.010967488364043,1.2642411176571153,"[{""distance_vox"": 1.7320508075688772, ""source_role"": ""current_wind_train"", ""z"": 25, ""y"": 252, ""x"": 504, ""u"": 24.23270704907048, ""v"": -14.010967488364043, ""base_weight"": 1.2642411176571153, ""time_conf"": 1.0, ""qc_flags"": ""ok""}, {""distance_vox"": 2.23606797749979, ""source_role"": ""current_wind_train"", ""z"": 28, ""y"": 253, ""x"": 502, ""u"": 28.36628042128036, ""v"": -6.029439033715024, ""base_weight"": 0.5669373788524215, ""time_conf"": 1.0, ""qc_flags"": ""ok""}, {""distance_vox"": 2.449489742783178, ""source_role"": ""current_wind_train"", ""z"": 25, ""y"": 251, ""x"": 504, ""u"": 26.48867607251145, ""v"": -14.044752775230702, ""base_weight"": 0.973165761934816, ""time_conf"": 1.0, ""qc_flags"": ""ok""}]",5,16.083122233828586,12.659900076215143,default_timepower15_8_4_conservative_v2,30,710
20260210011200,gaussian,diagnostic_weighted,pydda_3dvar_proxy,diagnostic_adaptive_v3,8,4.0,2,1.0,True,False,29,368,469,24.720000000000002,110.56,14500.0,31.0,5.694607616035192e-15,31.0,0.023005131632089615,-0.0009421998402103782,0.023024417950268855,-30.97699486836791,-0.0009421998402160727,30.97699486836791,0.0009421998402160727,30.97699488269694,0.9992578994418367,4.443910802365281e-05,1,1.0,0.0,0,3,0.0006600344786420465,0.000325523316860199,0.023683588951826096,24,30.81026045481364,30.511259078979492,30.567081079199433,0.22673570889937905,0.46573580371744683,False,False,0.0,17.325000762939453,0.5614285469055176,0.0,1.0,0.0,0.0,True,high_vector_error_ge_30mps;remote_nearest_training_support;context_only_nearest_support,11.224972160321824,context_wind,37.97685142672564,1.326180874695029,0.04618228985521754,"[{""distance_vox"": 11.224972160321824, ""source_role"": ""context_wind"", ""z"": 28, ""y"": 357, ""x"": 467, ""u"": 37.97685142672564, ""v"": 1.326180874695029, ""base_weight"": 0.04618228985521754, ""time_conf"": 0.6496694531758791, ""qc_flags"": ""ok""}, {""distance_vox"": 11.74734012447073, ""source_role"": ""context_wind"", ""z"": 21, ""y"": 361, ""x"": 464, ""u"": 27.03622006879594, ""v"": 11.73190087162114, ""base_weight"": 0.017133689881491488, ""time_conf"": 0.3604266960894828, ""qc_flags"": ""ok""}, {""distance_vox"": 12.36931687685298, ""source_role"": ""context_wind"", ""z"": 20, ""y"": 362, ""x"": 463, ""u"": 28.88162933337307, ""v"": 13.77583053647643, ""base_weight"": 0.017133689881491488, ""time_conf"": 0.3604266960894828, ""qc_flags"": ""ok""}]",5,16.083122233828586,12.659900076215143,default_timepower15_8_4_conservative_v2,30,710
20260219045400,gaussian,diagnostic_weighted,pydda_3dvar_proxy,diagnostic_adaptive_v3,10,5.0,2,1.0,True,False,28,389,508,23.04,113.68,14000.0,39.26508733790656,-7.632359815061804,40.0,29.71944236755371,-10.367874145507812,31.47599194521812,-9.545644970352846,-2.7355143304460086,9.545644970352846,2.7355143304460086,9.929872937359171,0.24824682343397927,1.0,1,1.0,12.953379319376204,1,2,5.397911071777344,0.06150245666503906,35.82776641845703,27,10.194849173227945,4.463044166564941,10.194849173227945,4.081605813099484,5.46682877079423,True,False,11.130385398864746,12.927842140197754,0.18443557620048523,0.6842485666275024,0.7421308755874634,0.8330391049385071,0.0,False,,0.0,context_wind,34.477474587174704,-8.50354930927117,0.035291042745499476,"[{""distance_vox"": 0.0, ""source_role"": ""context_wind"", ""z"": 28, ""y"": 389, ""x"": 508, ""u"": 34.477474587174704, ""v"": -8.50354930927117, ""base_weight"": 0.035291042745499476, ""time_conf"": 0.5105046802150633, ""qc_flags"": ""ok""}, {""distance_vox"": 1.0, ""source_role"": ""current_wind_train"", ""z"": 27, ""y"": 389, ""x"": 508, ""u"": 22.897298596223507, ""v"": -14.307820134296527, ""base_weight"": 0.5669373788524215, ""time_conf"": 1.0, ""qc_flags"": ""ok""}, {""distance_vox"": 1.0, ""source_role"": ""context_wind"", ""z"": 27, ""y"": 389, ""x"": 508, ""u"": 24.26743925007751, ""v"": -11.836020963305089, ""base_weight"": 0.11371413630145333, ""time_conf"": 0.9187713517408406, ""qc_flags"": ""ok""}]",2,8.306361964539345,8.10296616977364,default_timepower15_8_4_conservative_v2;moderate_current_support_fresh_context_prefers_10_5,9,1034
20260131131800,gaussian,diagnostic_weighted,pydda_3dvar_proxy,diagnostic_adaptive_v3,10,5.0,2,1.0,True,False,29,388,508,23.120000000000005,113.68,14500.0,29.885840942752367,2.6146722824297477,30.000000000000004,30.86659049987793,0.07170800119638443,30.86667379431399,0.9807495571255629,-2.5429642812333633,0.9807495571255629,2.5429642812333633,2.725534264952599,0.09085114216508662,1.0,1,1.0,0.0,0,3,1.5559953451156616,0.366424560546875,31.636337280273438,27,2.926332959422359,2.582378625869751,2.926332959422359,0.18873421238945087,0.14315563908284812,False,False,0.0,15.84461784362793,0.4621281623840332,0.0,0.8013992309570312,0.9959546327590942,0.0,True,context_only_nearest_support,0.0,context_wind,30.937354101921375,2.29430336006826,0.1040002345788606,"[{""distance_vox"": 0.0, ""source_role"": ""context_wind"", ""z"": 29, ""y"": 388, ""x"": 508, ""u"": 30.937354101921375, ""v"": 2.29430336006826, ""base_weight"": 0.1040002345788606, ""time_conf"": 0.7858659610447167, ""qc_flags"": ""ok""}, {""distance_vox"": 1.0, ""source_role"": ""context_wind"", ""z"": 29, ""y"": 387, ""x"": 508, ""u"": 30.61833855844927, ""v"": -4.849468416247151, ""base_weight"": 0.011833651089600375, ""time_conf"": 0.38481107396674813, ""qc_flags"": ""ok""}, {""distance_vox"": 1.0, ""source_role"": ""context_wind"", ""z"": 28, ""y"": 388, ""x"": 508, ""u"": 30.711125726550534, ""v"": -4.743587321471786, ""base_weight"": 0.025326684788871196, ""time_conf"": 0.44580277702526777, ""qc_flags"": ""ok""}]",3,12.827769504825696,9.49824141716208,default_timepower15_8_4_conservative_v2;moderate_current_support_fresh_context_prefers_10_5,17,993
20260202181200,gaussian,diagnostic_weighted,pydda_3dvar_proxy,diagnostic_adaptive_v3,8,4.0,2,1.0,True,False,24,242,509,34.8,113.76,12000.0,52.0,9.552245033349354e-15,52.0,11.348189353942871,3.022296667098999,11.743750625626381,-40.65181064605713,3.0222966670989893,40.65181064605713,3.0222966670989893,40.764003556407964,0.7839231453155378,0.8627061247825623,1,1.0,0.0,0,3,2.9690299034118652,0.013813972473144531,14.006940841674805,27,40.88825593171296,37.30410385131836,41.181718599568505,2.130522635714631,3.4598997050896045,False,False,0.0,13.929075241088867,0.32037830352783203,0.0,0.6036137342453003,0.08869702368974686,0.0,True,high_vector_error_ge_30mps;context_only_nearest_support,0.0,context_wind,20.990872971345503,11.635430885912085,0.01028593570819972,"[{""distance_vox"": 0.0, ""source_role"": ""context_wind"", ""z"": 24, ""y"": 242, ""x"": 509, ""u"": 20.990872971345503, ""v"": 11.635430885912085, ""base_weight"": 0.01028593570819972, ""time_conf"": 0.3646146525679137, ""qc_flags"": ""ok""}, {""distance_vox"": 1.0, ""source_role"": ""context_wind"", ""z"": 23, ""y"": 242, ""x"": 509, ""u"": 15.563888841490842, ""v"": 10.897952290669881, ""base_weight"": 0.01028593570819972, ""time_conf"": 0.3646146525679137, ""qc_flags"": ""ok""}, {""distance_vox"": 1.4142135623730951, ""source_role"": ""context_wind"", ""z"": 25, ""y"": 241, ""x"": 509, ""u"": 24.722532600049956, ""v"": 13.145203758004943, ""base_weight"": 0.01028593570819972, ""time_conf"": 0.3646146525679137, ""qc_flags"": ""ok""}]",1,40.764003556407964,40.764003556407964,default_timepower15_8_4_conservative_v2,1,618
20260206100000,gaussian,diagnostic_weighted,pydda_3dvar_proxy,diagnostic_adaptive_v3,8,4.0,2,1.0,True,False,26,244,510,34.64,113.84,13000.0,35.89968928464518,-15.238514011081666,39.0,38.80046844482422,-10.71958065032959,40.25401546251902,2.9007791601790416,4.518933360752076,2.9007791601790416,4.518933360752076,5.369849016038261,0.13768843630867336,1.0,1,1.0,4.063352119305408,2,1,1.9009785652160645,1.3511466979980469,39.007530212402344,27,5.918259232132523,5.334733486175537,5.918259232132523,0.5022722737993447,0.035115529862723704,True,True,33.63518142700195,11.308826446533203,0.0658394992351532,1.0,0.760250449180603,0.40161213278770447,0.37517017126083374,True,role_conflict_triggered_at_holdout_voxel,1.0,current_wind_train,41.334252925347705,-11.852406300130973,0.5669373788524215,"[{""distance_vox"": 1.0, ""source_role"": ""current_wind_train"", ""z"": 26, ""y"": 245, ""x"": 510, ""u"": 41.334252925347705, ""v"": -11.852406300130973, ""base_weight"": 0.5669373788524215, ""time_conf"": 1.0, ""qc_flags"": ""ok""}, {""distance_vox"": 1.0, ""source_role"": ""current_wind_train"", ""z"": 27, ""y"": 244, ""x"": 510, ""u"": 35.92970587277404, ""v"": -12.37158986937194, ""base_weight"": 0.5669373788524215, ""time_conf"": 1.0, ""qc_flags"": ""ok""}, {""distance_vox"": 1.0, ""source_role"": ""context_wind"", ""z"": 26, ""y"": 244, ""x"": 511, ""u"": 37.29588548255838, ""v"": -11.402496484186733, ""base_weight"": 0.04759048117633635, ""time_conf"": 0.6572182486030388, ""qc_flags"": ""ok""}]",4,5.487323251368465,4.831859144561293,default_timepower15_8_4_conservative_v2,22,1036
20260206100000,gaussian,diagnostic_weighted,pydda_3dvar_proxy,diagnostic_adaptive_v3,8,4.0,2,1.0,True,False,29,243,510,34.72,113.84,14500.0,37.71675376237024,-4.631035049395612,38.0,37.133750915527344,-4.741710662841797,37.43526782415928,-0.5830028468428949,-0.11067561344618504,0.5830028468428949,0.11067561344618504,0.5934150409608855,0.015616185288444355,1.0,1,1.0,6.416491632727113,2,1,1.5890668630599976,0.045383453369140625,37.513065338134766,27,1.0447499023543463,0.5703175663948059,1.0447499023543463,0.587810955287506,0.02309747456607958,True,True,37.5816650390625,12.281310081481934,0.10334524512290955,1.0,0.783833384513855,0.19326011836528778,0.17328760027885437,True,role_conflict_triggered_at_holdout_voxel,1.0,current_wind_train,35.950663251164656,-1.884094424745982,0.5669373788524215,"[{""distance_vox"": 1.0, ""source_role"": ""current_wind_train"", ""z"": 29, ""y"": 243, ""x"": 509, ""u"": 35.950663251164656, ""v"": -1.884094424745982, ""base_weight"": 0.5669373788524215, ""time_conf"": 1.0, ""qc_flags"": ""ok""}, {""distance_vox"": 1.0, ""source_role"": ""context_wind"", ""z"": 29, ""y"": 243, ""x"": 511, ""u"": 40.49522196440065, ""v"": -6.413813066649457, ""base_weight"": 0.04759048117633635, ""time_conf"": 0.6572182486030388, ""qc_flags"": ""ok""}, {""distance_vox"": 1.4142135623730951, ""source_role"": ""current_wind_train"", ""z"": 28, ""y"": 244, ""x"": 510, ""u"": 37.841533324763866, ""v"": -9.434953928387031, ""base_weight"": 0.5669373788524215, ""time_conf"": 1.0, ""qc_flags"": ""ok""}]",4,5.487323251368465,4.831859144561293,default_timepower15_8_4_conservative_v2,22,1036
20260210024800,gaussian,diagnostic_weighted,pydda_3dvar_proxy,diagnostic_adaptive_v3,10,5.0,2,1.0,True,False,29,392,527,22.800000000000004,115.2,14500.0,23.90761889907588,7.309292618068428,24.999999999999996,26.075096130371094,5.808473587036133,26.714209769697288,2.167477231295212,-1.5008190310322949,2.167477231295212,1.5008190310322949,2.6363640325440407,0.10545456130176165,1.0,1,1.0,1.8845728219350573,1,2,0.14489582180976868,0.037868499755859375,26.728553771972656,27,2.6500915509683116,2.632627248764038,2.6500915509683116,0.015162194462665327,0.0037367837800026393,True,False,0.4634300768375397,12.128795623779297,0.05000000074505806,1.0,0.6619399189949036,0.17851075530052185,0.0,False,,1.0,current_wind_train,26.30799174920135,6.073678467284362,0.5669373788524215,"[{""distance_vox"": 1.0, ""source_role"": ""current_wind_train"", ""z"": 29, ""y"": 392, ""x"": 526, ""u"": 26.30799174920135, ""v"": 6.073678467284362, ""base_weight"": 0.5669373788524215, ""time_conf"": 1.0, ""qc_flags"": ""ok""}, {""distance_vox"": 1.0, ""source_role"": ""context_wind"", ""z"": 29, ""y"": 392, ""x"": 528, ""u"": 27.574617084341824, ""v"": 4.862148974674049, ""base_weight"": 0.052601993873566906, ""time_conf"": 0.6830201283771977, ""qc_flags"": ""ok""}, {""distance_vox"": 1.0, ""source_role"": ""context_wind"", ""z"": 29, ""y"": 392, ""x"": 526, ""u"": 25.82022841100195, ""v"": 7.894036027513901, ""base_weight"": 0.052601993873566906, ""time_conf"": 0.6830201283771977, ""qc_flags"": ""ok""}]",2,4.60235812241524,4.293622540876369,default_timepower15_8_4_conservative_v2;moderate_current_support_fresh_context_prefers_10_5,11,766
20260214102400,gaussian,diagnostic_weighted,pydda_3dvar_proxy,diagnostic_adaptive_v3,8,4.0,2,1.0,True,False,27,250,493,34.160000000000004,112.47999999999999,13500.0,19.92389396183491,-1.7431148549531579,20.0,19.037675857543945,-0.6068859100341797,19.047346601684698,-0.8862181042909647,1.1362289449189782,0.8862181042909647,1.1362289449189782,1.440971458303309,0.07204857291516545,1.0,1,1.0,4.04891102726912,1,2,0.6951592564582825,0.01541900634765625,19.63610076904297,27,1.480254336639687,1.2485017776489258,1.480254336639687,0.2023387097201535,0.1924696806543833,True,False,2.9970695972442627,11.666792869567871,0.07110700011253357,1.0,0.7536425590515137,0.15095014870166779,0.0,False,,1.4142135623730951,context_wind,16.69316877906675,1.6555131221626604,0.021167167728081013,"[{""distance_vox"": 1.4142135623730951, ""source_role"": ""context_wind"", ""z"": 27, ""y"": 251, ""x"": 492, ""u"": 16.69316877906675, ""v"": 1.6555131221626604, ""base_weight"": 0.021167167728081013, ""time_conf"": 0.47256569405041116, ""qc_flags"": ""ok""}, {""distance_vox"": 1.4142135623730951, ""source_role"": ""context_wind"", ""z"": 26, ""y"": 250, ""x"": 494, ""u"": 17.975331625582328, ""v"": 0.9420472123729975, ""base_weight"": 0.053665926121863335, ""time_conf"": 0.6883008091724281, ""qc_flags"": ""ok""}, {""distance_vox"": 1.7320508075688772, ""source_role"": ""current_wind_train"", ""z"": 28, ""y"": 251, ""x"": 492, ""u"": 19.987816540381914, ""v"": -0.6979899340500256, ""base_weight"": 0.5669373788524215, ""time_conf"": 1.0, ""qc_flags"": ""ok""}]",1,1.440971458303309,1.440971458303309,default_timepower15_8_4_conservative_v2;low_current_but_stable_context_prefers_10_5;v3_low_error_guard_prefers_8_4,2,313
20260219054800,gaussian,diagnostic_weighted,pydda_3dvar_proxy,diagnostic_adaptive_v3,10,5.0,2,1.0,True,False,25,382,510,23.600000000000005,113.84,12500.0,15.893056671460688,-8.450488130146027,18.0,16.149269104003906,-9.214767456054688,18.593300725333833,0.2562124325432187,-0.7642793259086602,0.2562124325432187,0.7642793259086602,0.8060816947438451,0.04478231637465806,1.0,1,1.0,0.0,0,3,3.0496435165405273,1.2547149658203125,21.243698120117188,27,1.6829869614707098,0.5971641540527344,1.6829869614707098,1.226409479730863,0.20891754069111068,True,False,3.5958592891693115,10.802389144897461,0.05000000074505806,0.9645910263061523,0.6517581343650818,0.44923490285873413,0.0,True,context_only_nearest_support,0.0,context_wind,16.617774435648517,-9.211382784680408,0.0754289051710977,"[{""distance_vox"": 0.0, ""source_role"": ""context_wind"", ""z"": 25, ""y"": 382, ""x"": 510, ""u"": 16.617774435648517, ""v"": -9.211382784680408, ""base_weight"": 0.0754289051710977, ""time_conf"": 0.7845840978967508, ""qc_flags"": ""ok""}, {""distance_vox"": 1.0, ""source_role"": ""context_wind"", ""z"": 25, ""y"": 382, ""x"": 511, ""u"": 19.850923032826444, ""v"": 2.4373868681029434, ""base_weight"": 0.006425070334134128, ""time_conf"": 0.3042508784176477, ""qc_flags"": ""ok""}, {""distance_vox"": 1.4142135623730951, ""source_role"": ""context_wind"", ""z"": 25, ""y"": 381, ""x"": 511, ""u"": 16.834557168606697, ""v"": -2.365942716321113, ""base_weight"": 0.02115022544339099, ""time_conf"": 0.4811119184470726, ""qc_flags"": ""ok""}]",3,6.973747847643037,4.802467983604713,default_timepower15_8_4_conservative_v2;moderate_current_support_fresh_context_prefers_10_5,14,1104
20260219054800,gaussian,diagnostic_weighted,pydda_3dvar_proxy,diagnostic_adaptive_v3,10,5.0,2,1.0,True,False,29,385,512,23.360000000000003,114.0,14500.0,38.40750236747612,-6.772278929010269,39.0,26.543968200683594,-8.089213371276855,27.749191354072753,-11.863534166792526,-1.3169344422665867,11.863534166792526,1.3169344422665867,11.936404787534714,0.3060616612188388,1.0,1,1.0,19.853074347828695,2,1,2.473256826400757,0.28376007080078125,29.28594207763672,27,12.384897938481084,9.296666145324707,12.384897938481084,1.9103266629417854,2.6397386422100073,True,False,11.252068519592285,11.862970352172852,0.05051487684249878,1.0,0.6781726479530334,0.33782312273979187,0.0,False,,2.23606797749979,current_wind_train,19.602143532144098,-9.987790994270027,0.5669373788524215,"[{""distance_vox"": 2.23606797749979, ""source_role"": ""current_wind_train"", ""z"": 27, ""y"": 386, ""x"": 512, ""u"": 19.602143532144098, ""v"": -9.987790994270027, ""base_weight"": 0.5669373788524215, ""time_conf"": 1.0, ""qc_flags"": ""ok""}, {""distance_vox"": 3.1622776601683795, ""source_role"": ""current_wind_train"", ""z"": 29, ""y"": 382, ""x"": 511, ""u"": 25.954065790334607, ""v"": -7.4422086070589835, ""base_weight"": 0.5669373788524215, ""time_conf"": 1.0, ""qc_flags"": ""ok""}, {""distance_vox"": 3.1622776601683795, ""source_role"": ""context_wind"", ""z"": 28, ""y"": 382, ""x"": 512, ""u"": 39.41172953347107, ""v"": -11.301131588496975, ""base_weight"": 0.006425070334134128, ""time_conf"": 0.3042508784176477, ""qc_flags"": ""ok""}]",3,6.973747847643037,4.802467983604713,default_timepower15_8_4_conservative_v2;moderate_current_support_fresh_context_prefers_10_5,14,1104
20260223002400,gaussian,diagnostic_weighted,pydda_3dvar_proxy,diagnostic_adaptive_v3,8,4.0,2,1.0,True,False,25,248,512,34.32000000000001,114.0,12500.0,31.50342775709159,21.24933033188837,38.0,25.05571746826172,24.66124725341797,35.15630944714719,-6.447710288829871,3.411916921529599,6.447710288829871,3.411916921529599,7.294802605149957,0.1919684896092094,1.0,1,1.0,18.16329751456944,2,1,4.550045013427734,0.5746192932128906,36.17382049560547,27,6.568799221957171,2.360034465789795,6.568799221957171,2.7684073594560843,4.934768139360162,True,True,16.2174015045166,12.135496139526367,0.17304110527038574,0.7331480383872986,0.8050001263618469,0.34956094622612,0.28907254338264465,True,role_conflict_triggered_at_holdout_voxel,2.23606797749979,current_wind_train,22.750440616201182,25.266924066231404,0.5669373788524215,"[{""distance_vox"": 2.23606797749979, ""source_role"": ""current_wind_train"", ""z"": 23, ""y"": 248, ""x"": 513, ""u"": 22.750440616201182, ""v"": 25.266924066231404, ""base_weight"": 0.5669373788524215, ""time_conf"": 1.0, ""qc_flags"": ""ok""}, {""distance_vox"": 2.23606797749979, ""source_role"": ""current_wind_train"", ""z"": 27, ""y"": 249, ""x"": 512, ""u"": 32.57235742668026, ""v"": 19.57144684658207, ""base_weight"": 0.5669373788524215, ""time_conf"": 1.0, ""qc_flags"": ""ok""}, {""distance_vox"": 2.23606797749979, ""source_role"": ""context_wind"", ""z"": 25, ""y"": 249, ""x"": 510, ""u"": 15.106135807111675, ""v"": 14.587825779638942, ""base_weight"": 0.004571289336591604, ""time_conf"": 0.2669135486784332, ""qc_flags"": ""ok""}]",4,4.415889767264163,3.6590384531327675,default_timepower15_8_4_conservative_v2,22,401
20260223002400,gaussian,diagnostic_weighted,pydda_3dvar_proxy,diagnostic_adaptive_v3,8,4.0,2,1.0,True,False,29,387,525,23.200000000000003,115.03999999999999,14500.0,38.904997960133144,2.7205024760208976,39.0,35.73481750488281,5.954521656036377,36.22752420825201,-3.170180455250332,3.2340191800154794,3.170180455250332,3.2340191800154794,4.528677972163531,0.1161199480041931,0.44162341952323914,1,1.0,0.0,0,3,1.7044874429702759,0.29924774169921875,37.0361442565918,27,5.0869885550604925,2.4840993881225586,5.006139544616583,1.6047899683838753,2.0445785840409725,False,False,0.0,15.534913063049316,0.3624567985534668,0.0,0.6020565032958984,0.07387275993824005,0.0,True,context_only_nearest_support,4.0,context_wind,35.73925557269553,9.576304668793263,0.013614249795355712,"[{""distance_vox"": 4.0, ""source_role"": ""context_wind"", ""z"": 29, ""y"": 391, ""x"": 525, ""u"": 35.73925557269553, ""v"": 9.576304668793263, ""base_weight"": 0.013614249795355712, ""time_conf"": 0.40612619817811774, ""qc_flags"": ""ok""}, {""distance_vox"": 4.123105625617661, ""source_role"": ""context_wind"", ""z"": 29, ""y"": 391, ""x"": 526, ""u"": 34.930646145935874, ""v"": 8.70918824158804, ""base_weight"": 0.013614249795355712, ""time_conf"": 0.40612619817811774, ""qc_flags"": ""ok""}, {""distance_vox"": 4.47213595499958, ""source_role"": ""context_wind"", ""z"": 29, ""y"": 385, ""x"": 529, ""u"": 35.077322332268466, ""v"": 8.09823795637915, ""base_weight"": 0.021363047788460366, ""time_conf"": 0.48296816446242274, ""qc_flags"": ""ok""}]",4,4.415889767264163,3.6590384531327675,default_timepower15_8_4_conservative_v2,22,401
20260127070600,gaussian,diagnostic_weighted,pydda_3dvar_proxy,diagnostic_adaptive_v3,10,5.0,2,1.0,True,False,29,353,458,25.92,109.68,14500.0,36.87522444837336,-12.697158023829097,39.0,36.838382720947266,-16.045978546142578,40.181337322173015,-0.036841727426093485,-3.3488205223134813,0.036841727426093485,3.3488205223134813,3.3490231715453502,0.08587238901398334,0.2389485239982605,1,1.0,17.461290078479713,2,1,2.4515421390533447,0.9676094055175781,40.44051742553711,27,3.0649520556131997,2.032465934753418,3.5000832625467977,0.6176168433954834,1.3165572367919323,True,False,3.810743808746338,14.741559982299805,0.20222312211990356,0.12768571078777313,0.37096911668777466,0.021738296374678612,0.0,False,,2.449489742783178,current_wind_train,37.45536376334665,-16.67620236610779,0.5669373788524215,"[{""distance_vox"": 2.449489742783178, ""source_role"": ""current_wind_train"", ""z"": 27, ""y"": 354, ""x"": 457, ""u"": 37.45536376334665, ""v"": -16.67620236610779, ""base_weight"": 0.5669373788524215, ""time_conf"": 1.0, ""qc_flags"": ""ok""}, {""distance_vox"": 4.242640687119285, ""source_role"": ""current_wind_train"", ""z"": 25, ""y"": 354, ""x"": 457, ""u"": 25.774135896668334, ""v"": -10.940471597699657, ""base_weight"": 0.5669373788524215, ""time_conf"": 1.0, ""qc_flags"": ""ok""}, {""distance_vox"": 4.47213595499958, ""source_role"": ""context_wind"", ""z"": 29, ""y"": 357, ""x"": 460, ""u"": 34.99466933047369, ""v"": 0.6108342253049224, ""base_weight"": 0.008335494579753872, ""time_conf"": 0.3362899984820979, ""qc_flags"": ""ok""}]",3,2.6605348492936765,2.3701352261288346,default_timepower15_8_4_conservative_v2;moderate_current_support_fresh_context_prefers_10_5,14,1261
20260131182400,gaussian,diagnostic_weighted,pydda_3dvar_proxy,diagnostic_adaptive_v3,8,4.0,2,1.0,True,False,24,259,523,33.440000000000005,114.88,12000.0,101.99761108038174,-14.334829398886743,103.0,100.77252960205078,-15.126424789428711,101.90147913208348,-1.2250814783309636,-0.7915953905419677,1.2250814783309636,0.7915953905419677,1.4585773516947498,0.014160945162084949,1.0,1,1.0,0.0,3,0,1.0412817001342773,0.6575088500976562,101.61459350585938,27,1.8082304309915613,1.3549237251281738,1.8082304309915613,0.5136822736832254,0.10365362656657595,True,True,70.52367401123047,11.26611042022705,0.1255578100681305,1.0,0.9139727354049683,0.25455451011657715,0.22259321808815002,True,strong_truth_speed_ge_90mps;role_conflict_triggered_at_holdout_voxel;strong_wind_vertical_oversmoothing_candidate,1.0,current_wind_train,101.99761108038174,-14.334829398886743,0.7785326095478529,"[{""distance_vox"": 1.0, ""source_role"": ""current_wind_train"", ""z"": 24, ""y"": 259, ""x"": 522, ""u"": 101.99761108038174, ""v"": -14.334829398886743, ""base_weight"": 0.7785326095478529, ""time_conf"": 1.0, ""qc_flags"": ""ok""}, {""distance_vox"": 1.4142135623730951, ""source_role"": ""current_wind_train"", ""z"": 24, ""y"": 258, ""x"": 522, ""u"": 102.98787914912332, ""v"": -14.474002499846808, ""base_weight"": 0.4535499030819372, ""time_conf"": 1.0, ""qc_flags"": ""ok""}, {""distance_vox"": 1.4142135623730951, ""source_role"": ""current_wind_train"", ""z"": 24, ""y"": 260, ""x"": 524, ""u"": 101.73189908129919, ""v"": -16.11274989914376, ""base_weight"": 0.7785326095478529, ""time_conf"": 1.0, ""qc_flags"": ""ok""}]",6,39.07398864407974,27.43686085345195,default_timepower15_8_4_conservative_v2;dense_current_stale_conflict_prefers_6_3,42,640
20260131182400,gaussian,diagnostic_weighted,pydda_3dvar_proxy,diagnostic_adaptive_v3,8,4.0,2,1.0,True,False,28,383,548,23.520000000000003,116.88,14000.0,86.52340489703978,9.093976304285842,87.0,0.9422391653060913,0.016446776688098907,0.9423826935487237,-85.58116573173369,-9.077529527597743,85.58116573173369,9.077529527597743,86.06124255625687,0.9892096845546767,5.36917541467119e-05,1,1.0,0.0,0,3,11.014942169189453,5.0589213371276855,11.957324981689453,27,82.70351522940176,75.0919418334961,76.84060973655394,5.392601598935296,10.969300722760778,False,False,0.0,17.049999237060547,0.5528571605682373,0.0,1.0,0.0,0.0,True,high_vector_error_ge_30mps;remote_nearest_training_support;context_only_nearest_support;strong_wind_vertically_isolated_candidate,8.12403840463596,context_wind,73.98872944157296,1.2914780763589788,0.00894064499554136,"[{""distance_vox"": 8.12403840463596, ""source_role"": ""context_wind"", ""z"": 24, ""y"": 388, ""x"": 543, ""u"": 73.98872944157296, ""v"": 1.2914780763589788, ""base_weight"": 0.00894064499554136, ""time_conf"": 0.345478219991944, ""qc_flags"": ""ok""}, {""distance_vox"": 23.790754506740637, ""source_role"": ""context_wind"", ""z"": 29, ""y"": 392, ""x"": 526, ""u"": 32.819222547153025, ""v"": 3.449439287832561, ""base_weight"": 0.010599574668919998, ""time_conf"": 0.3688512707566328, ""qc_flags"": ""ok""}, {""distance_vox"": 26.589471600616662, ""source_role"": ""context_wind"", ""z"": 29, ""y"": 392, ""x"": 523, ""u"": 32.67884626847182, ""v"": -4.5927123316821605, ""base_weight"": 0.038182068531744315, ""time_conf"": 0.6038332986577618, ""qc_flags"": ""ok""}]",6,39.07398864407974,27.43686085345195,default_timepower15_8_4_conservative_v2;dense_current_stale_conflict_prefers_6_3,42,640
20260202224200,gaussian,diagnostic_weighted,pydda_3dvar_proxy,diagnostic_adaptive_v3,8,4.0,2,1.0,True,False,25,292,530,30.8,115.44,12500.0,65.50804600832726,8.043376664739712,66.0,61.193702697753906,7.591857433319092,61.662837667017364,-4.314343310573349,-0.45151923142062067,4.314343310573349,0.45151923142062067,4.337905925424349,0.06572584735491438,1.0,1,1.0,50.394913858083115,1,2,0.7430101633071899,0.30889892578125,61.77560043334961,27,3.9298381275600858,2.7721939086914062,3.9298381275600858,0.6343827098569359,1.5657120167329426,True,False,9.796810150146484,13.411194801330566,0.2817361354827881,0.5521907806396484,0.8957200646400452,0.10449980199337006,0.0,True,nearest_current_context_role_gap_ge_30mps;strong_wind_vertical_oversmoothing_candidate,4.123105625617661,current_wind_train,63.522953705044614,7.799637977929419,0.5669373788524215,"[{""distance_vox"": 4.123105625617661, ""source_role"": ""current_wind_train"", ""z"": 25, ""y"": 293, ""x"": 526, ""u"": 63.522953705044614, ""v"": 7.799637977929419, ""base_weight"": 0.5669373788524215, ""time_conf"": 1.0, ""qc_flags"": ""ok""}, {""distance_vox"": 4.123105625617661, ""source_role"": ""context_wind"", ""z"": 25, ""y"": 291, ""x"": 534, ""u"": 63.756460677871715, ""v"": 5.577967535850128, ""base_weight"": 0.12443666309898561, ""time_conf"": 0.9511717534876208, ""qc_flags"": ""ok""}, {""distance_vox"": 6.0, ""source_role"": ""context_wind"", ""z"": 23, ""y"": 296, ""x"": 526, ""u"": 13.2114813447685, ""v"": 10.698446647847243, ""base_weight"": 0.020939523271014636, ""time_conf"": 0.4792628067513795, ""qc_flags"": ""ok""}]",1,4.337905925424349,4.337905925424349,default_timepower15_8_4_conservative_v2;moderate_current_support_fresh_context_prefers_10_5;v3_low_error_guard_prefers_8_4,5,623
20260206145400,gaussian,diagnostic_weighted,pydda_3dvar_proxy,diagnostic_adaptive_v3,10,5.0,2,1.0,True,False,28,379,515,23.840000000000003,114.24000000000001,14000.0,51.641613433617465,11.922405880224858,53.0,43.30507278442383,14.891651153564453,45.79400182276826,-8.336540649193637,2.9692452733395953,8.336540649193637,2.9692452733395953,8.849538264164261,0.16697242007857097,0.48119401931762695,1,1.0,0.0,0,3,3.197784185409546,1.1934165954589844,47.335636138916016,27,7.628110920941388,4.496743679046631,8.026946129338096,1.3830743433831028,4.35279458511763,False,False,0.0,14.7020902633667,0.26210856437683105,0.0,0.4185028076171875,0.14388413727283478,0.0,True,context_only_nearest_support,2.449489742783178,context_wind,48.66031890365384,13.499228700896488,0.022228204783940754,"[{""distance_vox"": 2.449489742783178, ""source_role"": ""context_wind"", ""z"": 29, ""y"": 381, ""x"": 516, ""u"": 48.66031890365384, ""v"": 13.499228700896488, ""base_weight"": 0.022228204783940754, ""time_conf"": 0.3983814071835042, ""qc_flags"": ""ok""}, {""distance_vox"": 2.449489742783178, ""source_role"": ""context_wind"", ""z"": 29, ""y"": 380, ""x"": 517, ""u"": 47.81523779815176, ""v"": 14.618585236136855, ""base_weight"": 0.012949489850266976, ""time_conf"": 0.3983814071835042, ""qc_flags"": ""ok""}, {""distance_vox"": 3.0, ""source_role"": ""context_wind"", ""z"": 29, ""y"": 381, ""x"": 517, ""u"": 48.41731367551539, ""v"": 14.346412365854768, ""base_weight"": 0.022228204783940754, ""time_conf"": 0.3983814071835042, ""qc_flags"": ""ok""}]",2,6.402853220963286,5.383770077010294,default_timepower15_8_4_conservative_v2;moderate_current_support_fresh_context_prefers_10_5,9,926
20260210041800,gaussian,diagnostic_weighted,pydda_3dvar_proxy,diagnostic_adaptive_v3,8,4.0,2,1.0,True,False,25,320,502,28.560000000000002,113.2,12500.0,42.59646599072255,19.86305830181286,46.99999999999999,42.92616653442383,15.582283973693848,45.66687363043286,0.32970054370127855,-4.280774328119012,0.32970054370127855,4.280774328119012,4.2934521421345435,0.09135004557733073,1.0,1,1.0,32.832144236328105,1,2,3.518390417098999,0.4571876525878906,46.95592498779297,27,5.156107010664763,3.4173460006713867,5.156107010664763,1.6411732478089878,0.8761061414631568,True,False,6.356341361999512,11.542304992675781,0.10883109271526337,0.8670654296875,0.7703222632408142,0.6335384249687195,0.0,True,nearest_current_context_role_gap_ge_30mps,1.0,current_wind_train,46.85893304218873,14.326213531414117,0.5669373788524215,"[{""distance_vox"": 1.0, ""source_role"": ""current_wind_train"", ""z"": 26, ""y"": 320, ""x"": 502, ""u"": 46.85893304218873, ""v"": 14.326213531414117, ""base_weight"": 0.5669373788524215, ""time_conf"": 1.0, ""qc_flags"": ""ok""}, {""distance_vox"": 1.4142135623730951, ""source_role"": ""context_wind"", ""z"": 26, ""y"": 319, ""x"": 502, ""u"": 23.86852548883856, ""v"": -2.5086831184236718, ""base_weight"": 0.003894640123590608, ""time_conf"": 0.25096456039861875, ""qc_flags"": ""ok""}, {""distance_vox"": 1.4142135623730951, ""source_role"": ""context_wind"", ""z"": 24, ""y"": 319, ""x"": 502, ""u"": 20.37621025179593, ""v"": -5.080359807593016, ""base_weight"": 0.003894640123590608, ""time_conf"": 0.25096456039861875, ""qc_flags"": ""ok""}]",4,4.487471321125626,4.0678616401766545,default_timepower15_8_4_conservative_v2,25,860
20260210041800,gaussian,diagnostic_weighted,pydda_3dvar_proxy,diagnostic_adaptive_v3,8,4.0,2,1.0,True,False,29,319,502,28.640000000000004,113.2,14500.0,42.79754323328191,13.90576474687264,45.0,41.151668548583984,10.892645835876465,42.568880154854355,-1.6458746846979224,-3.013118910996175,1.6458746846979224,3.013118910996175,3.433334974850584,0.07629633277445742,1.0,1,1.0,0.0,0,3,3.292027473449707,0.16016006469726562,45.523536682128906,27,4.229223110057689,3.018273115158081,4.121911801017942,0.7693939886923152,0.4150618596925031,True,False,11.70950698852539,15.36462116241455,0.4133922755718231,0.12517039477825165,0.7915467023849487,0.36780673265457153,0.0,True,context_only_nearest_support,1.0,context_wind,36.85920382939459,3.224762481663355,0.003894640123590608,"[{""distance_vox"": 1.0, ""source_role"": ""context_wind"", ""z"": 29, ""y"": 318, ""x"": 502, ""u"": 36.85920382939459, ""v"": 3.224762481663355, ""base_weight"": 0.003894640123590608, ""time_conf"": 0.25096456039861875, ""qc_flags"": ""ok""}, {""distance_vox"": 1.4142135623730951, ""source_role"": ""context_wind"", ""z"": 28, ""y"": 318, ""x"": 502, ""u"": 41.5340453654504, ""v"": 6.496252892509498, ""base_weight"": 0.0273909936932134, ""time_conf"": 0.5443145318118874, ""qc_flags"": ""ok""}, {""distance_vox"": 1.7320508075688772, ""source_role"": ""context_wind"", ""z"": 28, ""y"": 318, ""x"": 503, ""u"": 43.74859974957705, ""v"": 14.214781741247588, ""base_weight"": 0.0675627755544156, ""time_conf"": 0.7520439537809918, ""qc_flags"": ""ok""}]",4,4.487471321125626,4.0678616401766545,default_timepower15_8_4_conservative_v2,25,860
20260214153000,gaussian,diagnostic_weighted,pydda_3dvar_proxy,diagnostic_adaptive_v3,8,4.0,2,1.0,True,False,29,248,493,34.32000000000001,112.47999999999999,14500.0,19.890437907365467,2.090569265353067,20.0,15.906991004943848,4.489064693450928,16.5282807531017,-3.983446902421619,2.3984954280978608,3.983446902421619,2.3984954280978608,4.649798871243651,0.23248994356218255,0.6538589596748352,1,1.0,8.526258729861285,1,2,2.0953781604766846,0.49476051330566406,18.579998016357422,27,4.463230936615555,3.021341562271118,5.012063751088955,1.0124193730350224,1.628457308972533,True,False,3.6902337074279785,15.57772159576416,0.3734527826309204,0.1244131401181221,0.7111376523971558,0.061678048223257065,0.0,False,,2.0,current_wind_train,14.265847744427303,4.6352549156242135,0.5669373788524215,"[{""distance_vox"": 2.0, ""source_role"": ""current_wind_train"", ""z"": 27, ""y"": 248, ""x"": 493, ""u"": 14.265847744427303, ""v"": 4.6352549156242135, ""base_weight"": 0.5669373788524215, ""time_conf"": 1.0, ""qc_flags"": ""ok""}, {""distance_vox"": 2.8284271247461903, ""source_role"": ""context_wind"", ""z"": 27, ""y"": 250, ""x"": 493, ""u"": 19.92389396183491, ""v"": -1.7431148549531579, ""base_weight"": 0.006754900269668017, ""time_conf"": 0.3101657113410298, ""qc_flags"": ""ok""}, {""distance_vox"": 3.3166247903554, ""source_role"": ""context_wind"", ""z"": 28, ""y"": 251, ""x"": 492, ""u"": 19.987816540381914, ""v"": -0.6979899340500256, ""base_weight"": 0.006754900269668017, ""time_conf"": 0.3101657113410298, ""qc_flags"": ""ok""}]",2,3.511427681140102,3.196624618339288,default_timepower15_8_4_conservative_v2,11,275
20260219081800,gaussian,diagnostic_weighted,pydda_3dvar_proxy,diagnostic_adaptive_v3,10,5.0,2,1.0,True,False,29,393,496,22.720000000000006,112.72,14500.0,36.64801221065042,-13.338785589701091,39.0,33.37892532348633,-14.563395500183105,36.41764880172291,-3.269086887164093,-1.2246099104820143,3.269086887164093,1.2246099104820143,3.4909308942857904,0.08951104857143052,0.7487598061561584,1,1.0,16.921257351967572,1,2,5.834392070770264,1.0607986450195312,39.0401611328125,27,3.931101163228353,2.461184501647949,4.40800035087365,1.0887867632579682,1.0297463926378412,True,False,9.827280044555664,14.296217918395996,0.19407139718532562,0.3594234585762024,0.5168821215629578,0.055297207087278366,0.0,False,,1.4142135623730951,context_wind,39.84778792366982,-3.4862297099063158,0.00921326332450244,"[{""distance_vox"": 1.4142135623730951, ""source_role"": ""context_wind"", ""z"": 29, ""y"": 392, ""x"": 495, ""u"": 39.84778792366982, ""v"": -3.4862297099063158, ""base_weight"": 0.00921326332450244, ""time_conf"": 0.3494924835447548, ""qc_flags"": ""ok""}, {""distance_vox"": 2.23606797749979, ""source_role"": ""context_wind"", ""z"": 27, ""y"": 393, ""x"": 497, ""u"": 37.82074302397268, ""v"": -13.022726178286252, ""base_weight"": 0.004952499027332987, ""time_conf"": 0.27526419886328574, ""qc_flags"": ""ok""}, {""distance_vox"": 2.449489742783178, ""source_role"": ""current_wind_train"", ""z"": 27, ""y"": 394, ""x"": 497, ""u"": 32.042939940024226, ""v"": -18.500000000000004, ""base_weight"": 0.5669373788524215, ""time_conf"": 1.0, ""qc_flags"": ""ok""}]",2,5.04948246959053,4.860266721410853,default_timepower15_8_4_conservative_v2;moderate_current_support_fresh_context_prefers_10_5,14,1064
20260223060000,gaussian,diagnostic_weighted,pydda_3dvar_proxy,diagnostic_adaptive_v3,8,4.0,2,1.0,True,False,27,248,494,34.32000000000001,112.56,13500.0,20.78460969082652,12.00000000000001,24.0,24.207677841186523,15.504301071166992,28.747087124925596,3.4230681503600024,3.5043010711669815,3.4230681503600024,3.5043010711669815,4.898726524250063,0.20411360517708596,1.0,1,1.0,10.15921460132055,1,2,2.055771589279175,0.6686077117919922,28.444992065429688,27,4.453428259602299,3.6140174865722656,4.476174679470891,0.5267596447421256,1.2847090376777972,True,False,5.037764072418213,12.70160961151123,0.14937596023082733,0.6333727240562439,0.6535413861274719,0.17060111463069916,0.0,False,,1.4142135623730951,context_wind,17.40978902365588,11.743050972885678,0.0072453007693241865,"[{""distance_vox"": 1.4142135623730951, ""source_role"": ""context_wind"", ""z"": 28, ""y"": 248, ""x"": 493, ""u"": 17.40978902365588, ""v"": 11.743050972885678, ""base_weight"": 0.0072453007693241865, ""time_conf"": 0.3186401568298155, ""qc_flags"": ""ok""}, {""distance_vox"": 1.4142135623730951, ""source_role"": ""context_wind"", ""z"": 26, ""y"": 248, ""x"": 493, ""u"": 14.433298637791156, ""v"": 16.603610764900985, ""base_weight"": 0.0072453007693241865, ""time_conf"": 0.3186401568298155, ""qc_flags"": ""ok""}, {""distance_vox"": 1.7320508075688772, ""source_role"": ""current_wind_train"", ""z"": 26, ""y"": 247, ""x"": 495, ""u"": 24.57456132866975, ""v"": 17.20729309053139, ""base_weight"": 0.5669373788524215, ""time_conf"": 1.0, ""qc_flags"": ""ok""}]",2,5.140996752393742,5.135539617879383,default_timepower15_8_4_conservative_v2;moderate_current_support_fresh_context_prefers_10_5;v3_low_error_guard_prefers_8_4,8,796
20260127080600,gaussian,diagnostic_weighted,pydda_3dvar_proxy,diagnostic_adaptive_v3,8,4.0,2,1.0,True,False,29,324,486,28.240000000000002,111.91999999999999,14500.0,28.929357457534906,-2.0229377385796314,29.000000000000004,25.013471603393555,-2.948359489440918,25.186635053788983,-3.915885854141351,-0.9254217508612865,3.915885854141351,0.9254217508612865,4.023750419649746,0.13875001447068086,1.0,1,1.0,4.807767471227031,1,2,2.197200298309326,0.19214820861816406,26.942779541015625,27,4.166186253229777,2.0891382694244385,4.195372841297359,1.5935250714880258,1.9346121502253073,True,False,6.651190280914307,14.514729499816895,0.3428349494934082,0.4288961589336395,0.8630400896072388,0.4511798322200775,0.0,False,,1.7320508075688772,current_wind_train,21.78589751231455,-3.0618082211214404,0.5669373788524215,"[{""distance_vox"": 1.7320508075688772, ""source_role"": ""current_wind_train"", ""z"": 28, ""y"": 325, ""x"": 487, ""u"": 21.78589751231455, ""v"": -3.0618082211214404, ""base_weight"": 0.5669373788524215, ""time_conf"": 1.0, ""qc_flags"": ""ok""}, {""distance_vox"": 2.0, ""source_role"": ""context_wind"", ""z"": 29, ""y"": 324, ""x"": 484, ""u"": 21.03870463118678, ""v"": -6.432177503900208, ""base_weight"": 0.013751242026268947, ""time_conf"": 0.4076931311685346, ""qc_flags"": ""ok""}, {""distance_vox"": 2.23606797749979, ""source_role"": ""context_wind"", ""z"": 27, ""y"": 325, ""x"": 486, ""u"": 22.943973155975957, ""v"": 1.6043988961148883, ""base_weight"": 0.013751242026268947, ""time_conf"": 0.4076931311685346, ""qc_flags"": ""ok""}]",3,2.717531111934398,2.439769082896465,default_timepower15_8_4_conservative_v2,19,1280
20260210055400,gaussian,diagnostic_weighted,pydda_3dvar_proxy,diagnostic_adaptive_v3,10,5.0,2,1.0,True,False,29,392,509,22.800000000000004,113.76,14500.0,28.64296187725899,4.5365994861667,28.999999999999996,27.19379425048828,4.5525336265563965,27.57223255666498,-1.4491676267707092,0.01593414038969687,1.4491676267707092,0.01593414038969687,1.4492552250415411,0.04997431810488073,1.0,1,1.0,0.0,0,3,0.4232090413570404,0.14146041870117188,27.71042823791504,27,1.4313741370483681,0.8627429008483887,1.450205426387439,0.3463057319582651,0.5865123241931525,False,False,0.0,15.78395938873291,0.45293760299682617,0.0,0.7830181121826172,0.2539237141609192,0.0,True,context_only_nearest_support,1.4142135623730951,context_wind,26.307991749201346,6.073678467284362,0.07174584399524446,"[{""distance_vox"": 1.4142135623730951, ""source_role"": ""context_wind"", ""z"": 28, ""y"": 391, ""x"": 509, ""u"": 26.307991749201346, ""v"": 6.073678467284362, ""base_weight"": 0.07174584399524446, ""time_conf"": 0.7696221479334963, ""qc_flags"": ""ok""}, {""distance_vox"": 1.4142135623730951, ""source_role"": ""context_wind"", ""z"": 29, ""y"": 391, ""x"": 508, ""u"": 26.40998521981275, ""v"": 5.613615652079515, ""base_weight"": 0.07174584399524446, ""time_conf"": 0.7696221479334963, ""qc_flags"": ""ok""}, {""distance_vox"": 3.0, ""source_role"": ""context_wind"", ""z"": 29, ""y"": 389, ""x"": 509, ""u"": 27.655273536663856, ""v"": 4.380165021126469, ""base_weight"": 0.09884153979646437, ""time_conf"": 0.8705505632961241, ""qc_flags"": ""ok""}]",2,5.71103874298432,4.697396997358809,default_timepower15_8_4_conservative_v2;moderate_current_support_fresh_context_prefers_10_5,7,940
20260215020600,gaussian,diagnostic_weighted,pydda_3dvar_proxy,diagnostic_adaptive_v3,8,4.0,2,1.0,True,False,26,374,520,24.240000000000002,114.64,13000.0,54.971122273069184,10.685303741086498,56.0,54.234161376953125,10.753416061401367,55.28996488740972,-0.7369608961160594,0.06811232031486902,0.7369608961160594,0.06811232031486902,0.7401017839343861,0.013216103284542608,1.0,1,1.0,0.0,3,0,5.843206882476807,1.0230331420898438,60.16743469238281,27,3.622924277076015,0.3828069865703583,3.622924277076015,2.0303368771689163,0.3572947973640278,False,False,0.0,12.924999237060547,0.18571427464485168,1.0,1.0,0.0,0.0,False,,1.0,current_wind_train,53.98949508962152,10.494494745709954,0.5669373788524215,"[{""distance_vox"": 1.0, ""source_role"": ""current_wind_train"", ""z"": 25, ""y"": 374, ""x"": 520, ""u"": 53.98949508962152, ""v"": 10.494494745709954, ""base_weight"": 0.5669373788524215, ""time_conf"": 1.0, ""qc_flags"": ""ok""}, {""distance_vox"": 1.4142135623730951, ""source_role"": ""current_wind_train"", ""z"": 25, ""y"": 375, ""x"": 520, ""u"": 48.7715425541148, ""v"": 14.910956940859592, ""base_weight"": 0.5669373788524215, ""time_conf"": 1.0, ""qc_flags"": ""ok""}, {""distance_vox"": 1.7320508075688772, ""source_role"": ""current_wind_train"", ""z"": 27, ""y"": 373, ""x"": 521, ""u"": 59.771681885504734, ""v"": 5.229344564859495, ""base_weight"": 0.5669373788524215, ""time_conf"": 1.0, ""qc_flags"": ""ok""}]",4,4.641052590322316,3.7371218055228614,default_timepower15_8_4_conservative_v2,24,436
20260215020600,gaussian,diagnostic_weighted,pydda_3dvar_proxy,diagnostic_adaptive_v3,8,4.0,2,1.0,True,False,29,372,522,24.400000000000002,114.8,14500.0,62.458647942061106,8.22283699750421,62.997601153042794,62.15627670288086,9.729575157165527,62.913173233465365,-0.3023712391802462,1.5067381596613174,0.3023712391802462,1.5067381596613174,1.5367785292822682,0.02439423884647458,1.0,2,1.0,0.0,3,0,0.7781501412391663,0.1672515869140625,63.24557876586914,27,1.5220310334806089,1.307317852973938,1.5220310334806089,0.12880168113930077,0.22946067630833022,False,False,0.0,13.75,0.21142855286598206,1.0,1.0,0.0,0.0,True,strong_wind_vertical_oversmoothing_candidate,1.4142135623730951,current_wind_train,61.53786140176197,7.5558992911191245,0.5669373788524215,"[{""distance_vox"": 1.4142135623730951, ""source_role"": ""current_wind_train"", ""z"": 28, ""y"": 373, ""x"": 522, ""u"": 61.53786140176197, ""v"": 7.5558992911191245, ""base_weight"": 0.5669373788524215, ""time_conf"": 1.0, ""qc_flags"": ""ok""}, {""distance_vox"": 1.4142135623730951, ""source_role"": ""current_wind_train"", ""z"": 29, ""y"": 371, ""x"": 523, ""u"": 62.224365457493676, ""v"": 9.855371297534555, ""base_weight"": 0.973165761934816, ""time_conf"": 1.0, ""qc_flags"": ""ok""}, {""distance_vox"": 1.7320508075688772, ""source_role"": ""current_wind_train"", ""z"": 28, ""y"": 373, ""x"": 521, ""u"": 59.8792581903075, ""v"": 11.639348717969222, ""base_weight"": 0.5669373788524215, ""time_conf"": 1.0, ""qc_flags"": ""ok""}]",4,4.641052590322316,3.7371218055228614,default_timepower15_8_4_conservative_v2,24,436
20260219084800,gaussian,diagnostic_weighted,pydda_3dvar_proxy,diagnostic_adaptive_v3,10,5.0,2,1.0,True,False,29,236,515,35.28,114.24000000000001,14500.0,15.492561571934397,-29.137270564344586,33.0,13.488724708557129,-26.82557487487793,30.02594147784415,-2.003836863377268,2.3116956894666565,2.003836863377268,2.3116956894666565,3.0592971636845556,0.09270597465710774,1.0,1,1.0,9.24272208154837,2,1,0.7335069179534912,0.49827003479003906,29.64190673828125,27,3.404856310950385,2.9714195728302,3.4092469373202006,0.29032859317284104,0.08787759085435543,True,False,5.504022121429443,12.22236442565918,0.05000000074505806,0.9867425560951233,0.5994070172309875,0.09494370967149734,0.0,False,,1.4142135623730951,current_wind_train,13.5926564987692,-27.29198459195198,0.973165761934816,"[{""distance_vox"": 1.4142135623730951, ""source_role"": ""current_wind_train"", ""z"": 28, ""y"": 237, ""x"": 515, ""u"": 13.5926564987692, ""v"": -27.29198459195198, ""base_weight"": 0.973165761934816, ""time_conf"": 1.0, ""qc_flags"": ""ok""}, {""distance_vox"": 2.8284271247461903, ""source_role"": ""current_wind_train"", ""z"": 27, ""y"": 238, ""x"": 515, ""u"": 12.503396111656764, ""v"": -29.45615531047809, ""base_weight"": 0.5669373788524215, ""time_conf"": 1.0, ""qc_flags"": ""ok""}, {""distance_vox"": 3.0, ""source_role"": ""context_wind"", ""z"": 27, ""y"": 234, ""x"": 514, ""u"": 15.647190601953255, ""v"": -20.764523261229613, ""base_weight"": 0.03156773650534164, ""time_conf"": 0.5612310241546865, ""qc_flags"": ""ok""}]",3,2.363261005027124,2.2642003898306458,default_timepower15_8_4_conservative_v2;moderate_current_support_fresh_context_prefers_10_5,17,1044
20260223065400,gaussian,diagnostic_weighted,pydda_3dvar_proxy,diagnostic_adaptive_v3,8,4.0,2,1.0,True,False,29,384,511,23.440000000000005,113.92,14500.0,34.60542105377949,9.922944809411959,36.0,33.61475372314453,9.932650566101074,35.05152229413049,-0.990667330634956,0.00970575668911522,0.990667330634956,0.00970575668911522,0.9907148740683657,0.027519857613010158,1.0,2,1.0,0.0,0,3,1.3142811059951782,0.0840911865234375,36.10947799682617,27,1.3662362937574033,0.18393868207931519,1.4003487977298188,0.6952357090677781,0.8067761919890505,True,False,1.855724811553955,14.167134284973145,0.27065005898475647,0.3270573019981384,0.6473830938339233,0.36178353428840637,0.0,True,context_only_nearest_support,0.0,context_wind,29.13047124436316,10.602624443095724,0.01388961272985696,"[{""distance_vox"": 0.0, ""source_role"": ""context_wind"", ""z"": 29, ""y"": 384, ""x"": 511, ""u"": 29.13047124436316, ""v"": 10.602624443095724, ""base_weight"": 0.01388961272985696, ""time_conf"": 0.40926610976499084, ""qc_flags"": ""ok""}, {""distance_vox"": 1.0, ""source_role"": ""context_wind"", ""z"": 29, ""y"": 383, ""x"": 511, ""u"": 29.45615531047809, ""v"": 12.503396111656762, ""base_weight"": 0.01388961272985696, ""time_conf"": 0.40926610976499084, ""qc_flags"": ""ok""}, {""distance_vox"": 1.0, ""source_role"": ""context_wind"", ""z"": 29, ""y"": 384, ""x"": 510, ""u"": 31.202112994777455, ""v"": 10.74374909708617, ""base_weight"": 0.022235968809881455, ""time_conf"": 0.49046504383445744, ""qc_flags"": ""ok""}]",2,2.837164705923647,2.4394183398467293,default_timepower15_8_4_conservative_v2;moderate_current_support_fresh_context_prefers_10_5;v3_low_error_guard_prefers_8_4,7,813
20260201011200,gaussian,diagnostic_weighted,pydda_3dvar_proxy,diagnostic_adaptive_v3,8,4.0,2,1.0,True,False,25,247,507,34.400000000000006,113.6,12500.0,24.321446470417303,-15.794532015435772,28.999999999999996,25.485275268554688,-9.4503755569458,27.181038495269526,1.1638287981373843,6.344156458489971,1.1638287981373843,6.344156458489971,6.450024700818899,0.22241464485582413,1.0,1,1.0,0.0,0,3,5.910416603088379,1.7926368713378906,29.471418380737305,27,6.77841971538685,3.9566590785980225,6.77841971538685,2.0364523912445973,2.4933656222208764,True,False,7.53936243057251,13.447000503540039,0.29176902770996094,0.31583648920059204,0.7503378391265869,0.4125034809112549,0.0,True,context_only_nearest_support,1.4142135623730951,context_wind,28.53169548885461,-9.270509831248416,0.03125325330153454,"[{""distance_vox"": 1.4142135623730951, ""source_role"": ""context_wind"", ""z"": 24, ""y"": 248, ""x"": 507, ""u"": 28.53169548885461, ""v"": -9.270509831248416, ""base_weight"": 0.03125325330153454, ""time_conf"": 0.5590739816642407, ""qc_flags"": ""ok""}, {""distance_vox"": 1.4142135623730951, ""source_role"": ""context_wind"", ""z"": 24, ""y"": 247, ""x"": 506, ""u"": -20.15164429555601, ""v"": 31.030811013980685, ""base_weight"": 0.018944566825088396, ""time_conf"": 0.4611580967929696, ""qc_flags"": ""ok""}, {""distance_vox"": 1.7320508075688772, ""source_role"": ""context_wind"", ""z"": 26, ""y"": 248, ""x"": 506, ""u"": -18.026332621851903, ""v"": 30.00085552457393, ""base_weight"": 0.018944566825088396, ""time_conf"": 0.4611580967929696, ""qc_flags"": ""ok""}]",4,3.9537128216148067,3.362088232037798,default_timepower15_8_4_conservative_v2,28,891
20260201011200,gaussian,diagnostic_weighted,pydda_3dvar_proxy,diagnostic_adaptive_v3,8,4.0,2,1.0,True,False,29,375,515,24.160000000000004,114.24000000000001,14500.0,36.909869859613494,2.5809895285326463,37.0,40.9093017578125,2.975407838821411,41.01736244712818,3.9994318981990062,0.39441831028876484,3.9994318981990062,0.39441831028876484,4.01883332720116,0.10861711695138271,1.0,1,1.0,12.371724256960357,2,1,3.12804913520813,0.9791030883789062,42.076026916503906,27,3.51843210944423,0.7507408857345581,3.51843210944423,1.6093157254669799,3.268092441466602,True,False,4.274665355682373,12.353558540344238,0.12484651803970337,1.0,0.8268359303474426,0.3835989236831665,0.0,False,,1.4142135623730951,current_wind_train,40.84398262176157,3.573385452653988,0.5669373788524215,"[{""distance_vox"": 1.4142135623730951, ""source_role"": ""current_wind_train"", ""z"": 29, ""y"": 374, ""x"": 516, ""u"": 40.84398262176157, ""v"": 3.573385452653988, ""base_weight"": 0.5669373788524215, ""time_conf"": 1.0, ""qc_flags"": ""ok""}, {""distance_vox"": 2.23606797749979, ""source_role"": ""current_wind_train"", ""z"": 27, ""y"": 376, ""x"": 515, ""u"": 30.322575622747973, ""v"": 6.4452624153505536, ""base_weight"": 0.5669373788524215, ""time_conf"": 1.0, ""qc_flags"": ""ok""}, {""distance_vox"": 2.23606797749979, ""source_role"": ""context_wind"", ""z"": 29, ""y"": 373, ""x"": 516, ""u"": 41.9424404596921, ""v"": 2.198110162203661, ""base_weight"": 0.12443666309898561, ""time_conf"": 0.9511717534876208, ""qc_flags"": ""ok""}]",4,3.9537128216148067,3.362088232037798,default_timepower15_8_4_conservative_v2,28,891
20260207001200,gaussian,diagnostic_weighted,pydda_3dvar_proxy,diagnostic_adaptive_v3,8,4.0,2,1.0,True,False,25,256,520,33.68000000000001,114.64,12500.0,100.93847352892867,3.5248491669525768,101.0,4.194063663482666,22.593637466430664,22.979613225157753,-96.744409865446,19.068788299478086,96.744409865446,19.068788299478086,98.60577836731333,0.976294835319934,1.0,1,1.0,0.0,0,3,5.616888523101807,2.608072280883789,20.703590393066406,27,97.05008019341363,88.08859252929688,97.05008019341363,3.8944738288835716,10.51718583801646,False,False,0.0,14.553825378417969,0.3989346921443939,0.0,0.7435837388038635,0.9929018616676331,0.0,True,strong_truth_speed_ge_90mps;high_vector_error_ge_30mps;context_only_nearest_support;strong_wind_vertically_isolated_candidate,1.0,context_wind,100.98461721079552,1.7626930501656333,0.10571280821106094,"[{""distance_vox"": 1.0, ""source_role"": ""context_wind"", ""z"": 25, ""y"": 255, ""x"": 520, ""u"": 100.98461721079552, ""v"": 1.7626930501656333, ""base_weight"": 0.10571280821106094, ""time_conf"": 0.9734043393240235, ""qc_flags"": ""ok""}, {""distance_vox"": 2.0, ""source_role"": ""context_wind"", ""z"": 25, ""y"": 254, ""x"": 520, ""u"": 48.49742261192856, ""v"": -28.000000000000007, ""base_weight"": 0.04262749129063968, ""time_conf"": 0.6299605249474366, ""qc_flags"": ""ok""}, {""distance_vox"": 2.23606797749979, ""source_role"": ""context_wind"", ""z"": 26, ""y"": 254, ""x"": 520, ""u"": 46.67704258503954, ""v"": -28.117658662762935, ""base_weight"": 0.07616129995330519, ""time_conf"": 0.6397390950731328, ""qc_flags"": ""ok""}]",4,49.37070361343369,26.857288006147893,default_timepower15_8_4_conservative_v2,22,870
20260207001200,gaussian,diagnostic_weighted,pydda_3dvar_proxy,diagnostic_adaptive_v3,8,4.0,2,1.0,True,False,29,369,469,24.640000000000004,110.56,14500.0,35.45307910843949,6.251334396009492,36.0,36.023555755615234,8.38010311126709,36.985438992032904,0.5704766471757452,2.128768715257598,0.5704766471757452,2.128768715257598,2.2038829025228095,0.061218969514522485,0.21321852505207062,1,1.0,5.420104381898623,1,2,2.6568963527679443,1.0224647521972656,36.99934005737305,27,1.8479407650453072,0.9624490141868591,1.4158532887859843,0.5249610191246172,1.2414338883359504,False,False,0.0,16.58831787109375,0.48022523522377014,0.0,0.8375933766365051,0.050477396696805954,0.0,False,,3.1622776601683795,context_wind,36.0516923970537,8.323189010723015,0.0978568634292133,"[{""distance_vox"": 3.1622776601683795, ""source_role"": ""context_wind"", ""z"": 28, ""y"": 369, ""x"": 472, ""u"": 36.0516923970537, ""v"": 8.323189010723015, ""base_weight"": 0.0978568634292133, ""time_conf"": 0.8672046781360163, ""qc_flags"": ""ok""}, {""distance_vox"": 3.3166247903554, ""source_role"": ""current_wind_train"", ""z"": 26, ""y"": 368, ""x"": 468, ""u"": 32.75402300416363, ""v"": 4.021688332369856, ""base_weight"": 0.5669373788524215, ""time_conf"": 1.0, ""qc_flags"": ""ok""}, {""distance_vox"": 3.605551275463989, ""source_role"": ""context_wind"", ""z"": 26, ""y"": 369, ""x"": 471, ""u"": 32.498655849402866, ""v"": 5.730389863008701, ""base_weight"": 0.0978568634292133, ""time_conf"": 0.8672046781360163, ""qc_flags"": ""ok""}]",4,49.37070361343369,26.857288006147893,default_timepower15_8_4_conservative_v2,22,870
20260210100600,gaussian,diagnostic_weighted,pydda_3dvar_proxy,diagnostic_adaptive_v3,8,4.0,2,1.0,True,False,24,239,510,35.040000000000006,113.84,12000.0,-8.343458848123582,25.678525939969145,26.999999999999996,-8.513636589050293,24.230531692504883,25.682692111067706,-0.1701777409267109,-1.447994247464262,0.1701777409267109,1.447994247464262,1.4579601517862253,0.053998524140230576,1.0,1,1.0,13.353187428852927,2,1,4.544284820556641,2.025114059448242,26.069992065429688,27,2.9099205555739225,1.1327987909317017,2.9099205555739225,2.1510975495952973,0.32516136085452363,True,True,36.20081329345703,10.97261905670166,0.05000000074505806,0.7907660007476807,0.5983656644821167,0.39019590616226196,0.3706861138343811,True,role_conflict_triggered_at_holdout_voxel,1.4142135623730951,current_wind_train,-8.790340170343228,25.529001541181554,0.5669373788524215,"[{""distance_vox"": 1.4142135623730951, ""source_role"": ""current_wind_train"", ""z"": 23, ""y"": 240, ""x"": 510, ""u"": -8.790340170343228, ""v"": 25.529001541181554, ""base_weight"": 0.5669373788524215, ""time_conf"": 1.0, ""qc_flags"": ""ok""}, {""distance_vox"": 1.4142135623730951, ""source_role"": ""context_wind"", ""z"": 24, ""y"": 240, ""x"": 511, ""u"": -2.6713259352716294, ""v"": 13.742780568267296, ""base_weight"": 0.03063365448987567, ""time_conf"": 0.5547847360339225, ""qc_flags"": ""ok""}, {""distance_vox"": 1.7320508075688772, ""source_role"": ""current_wind_train"", ""z"": 23, ""y"": 240, ""x"": 511, ""u"": -9.23454386979306, ""v"": 25.371700761219525, ""base_weight"": 0.5669373788524215, ""time_conf"": 1.0, ""qc_flags"": ""ok""}]",6,18.106069804708508,9.159480723750521,default_timepower15_8_4_conservative_v2,42,858
20260210100600,gaussian,diagnostic_weighted,pydda_3dvar_proxy,diagnostic_adaptive_v3,8,4.0,2,1.0,True,False,29,377,546,24.000000000000004,116.72,14500.0,34.56909192082982,5.475206276408087,35.0,51.35913848876953,-35.17430114746094,62.249438290806125,16.79004656793971,-40.649507423869025,16.79004656793971,40.649507423869025,43.98054248820456,1.256586928234416,0.3829726278781891,1,1.0,136.32092363172075,2,1,67.78854370117188,17.28878402709961,124.58699798583984,27,53.43525117414969,2.4628920555114746,27.820018629889287,44.52891072182452,41.51765043269309,True,True,116.02835845947266,15.722058296203613,0.4063282608985901,0.06953582912683487,0.738474428653717,0.12273524701595306,0.07286445051431656,True,high_vector_error_ge_30mps;nearest_current_context_role_gap_ge_30mps;role_conflict_triggered_at_holdout_voxel;rapid_reconstructed_vertical_jump_ge_25mps,1.4142135623730951,context_wind,115.01760229563168,-93.13941787537595,0.018783074142652168,"[{""distance_vox"": 1.4142135623730951, ""source_role"": ""context_wind"", ""z"": 28, ""y"": 376, ""x"": 546, ""u"": 115.01760229563168, ""v"": -93.13941787537595, ""base_weight"": 0.018783074142652168, ""time_conf"": 0.6883008091724281, ""qc_flags"": ""high_speed_qc_candidate""}, {""distance_vox"": 2.23606797749979, ""source_role"": ""current_wind_train"", ""z"": 27, ""y"": 378, ""x"": 546, ""u"": 32.15421213791276, ""v"": 7.423384793347553, ""base_weight"": 0.5669373788524215, ""time_conf"": 1.0, ""qc_flags"": ""ok""}, {""distance_vox"": 3.1622776601683795, ""source_role"": ""current_wind_train"", ""z"": 26, ""y"": 378, ""x"": 546, ""u"": 26.888331782436833, ""v"": 10.863591209061456, ""base_weight"": 0.5669373788524215, ""time_conf"": 1.0, ""qc_flags"": ""ok""}]",6,18.106069804708508,9.159480723750521,default_timepower15_8_4_conservative_v2,42,858
20260219093600,gaussian,diagnostic_weighted,pydda_3dvar_proxy,diagnostic_adaptive_v3,10,5.0,2,1.0,True,False,24,377,546,24.000000000000004,116.72,12000.0,21.147757310643012,-6.064021827973987,22.0,20.824077606201172,-7.404442310333252,22.10131159176175,-0.32367970444184024,-1.3404204823592654,0.32367970444184024,1.3404204823592654,1.378947287098315,0.0626794221408325,1.0,1,1.0,81.02204097426078,1,2,1.9828521013259888,0.15898704528808594,23.63705825805664,27,1.7028954293992784,1.1062546968460083,1.7028954293992784,0.6286925464040282,0.27269259025230674,True,True,70.20535278320312,10.358479499816895,0.05000000074505806,1.0,0.6389328241348267,0.5149849057197571,0.48923563957214355,True,nearest_current_context_role_gap_ge_30mps;role_conflict_triggered_at_holdout_voxel,1.0,current_wind_train,24.86392365503892,-7.601664322791154,0.5669373788524215,"[{""distance_vox"": 1.0, ""source_role"": ""current_wind_train"", ""z"": 25, ""y"": 377, ""x"": 546, ""u"": 24.86392365503892, ""v"": -7.601664322791154, ""base_weight"": 0.5669373788524215, ""time_conf"": 1.0, ""qc_flags"": ""ok""}, {""distance_vox"": 1.0, ""source_role"": ""context_wind"", ""z"": 24, ""y"": 378, ""x"": 546, ""u"": 12.203803776610226, ""v"": -18.279876939520488, ""base_weight"": 0.006958440332333025, ""time_conf"": 0.2548601609255362, ""qc_flags"": ""ok""}, {""distance_vox"": 1.0, ""source_role"": ""context_wind"", ""z"": 25, ""y"": 377, ""x"": 546, ""u"": -44.54343489430305, ""v"": -49.401062677766056, ""base_weight"": 0.02473677379321854, ""time_conf"": 0.42929867254887694, ""qc_flags"": ""ok""}]",3,3.51095376796587,3.16337509463986,default_timepower15_8_4_conservative_v2;moderate_current_support_fresh_context_prefers_10_5,16,995
20260219093600,gaussian,diagnostic_weighted,pydda_3dvar_proxy,diagnostic_adaptive_v3,10,5.0,2,1.0,True,False,29,402,450,22.0,109.03999999999999,14500.0,26.995887769222563,-0.4712149738066445,27.0,26.93985939025879,-3.4814646244049072,27.163884477333085,-0.05602837896377366,-3.0102496505982628,0.05602837896377366,3.0102496505982628,3.010771020548768,0.11151003779810252,0.624610424041748,1,1.0,0.0,0,3,1.0633496046066284,0.01445770263671875,27.336633682250977,27,3.121834361994708,1.9319599866867065,3.2860821743915998,0.735553420004657,1.0788110338620616,False,False,0.0,15.737706184387207,0.4082402288913727,0.0,0.6936233639717102,0.21545201539993286,0.0,True,context_only_nearest_support,0.0,context_wind,25.22768888317591,-6.289969285591353,0.013614249795355712,"[{""distance_vox"": 0.0, ""source_role"": ""context_wind"", ""z"": 29, ""y"": 402, ""x"": 450, ""u"": 25.22768888317591, ""v"": -6.289969285591353, ""base_weight"": 0.013614249795355712, ""time_conf"": 0.40612619817811774, ""qc_flags"": ""ok""}, {""distance_vox"": 1.0, ""source_role"": ""context_wind"", ""z"": 28, ""y"": 402, ""x"": 450, ""u"": 22.497394816877527, ""v"": -4.781968888808467, ""base_weight"": 0.02433268061008353, ""time_conf"": 0.5077612562521374, ""qc_flags"": ""ok""}, {""distance_vox"": 3.1622776601683795, ""source_role"": ""context_wind"", ""z"": 29, ""y"": 403, ""x"": 447, ""u"": 28.0, ""v"": 5.143516556418883e-15, ""base_weight"": 0.10391555408794084, ""time_conf"": 0.8874746266218656, ""qc_flags"": ""ok""}]",3,3.51095376796587,3.16337509463986,default_timepower15_8_4_conservative_v2;moderate_current_support_fresh_context_prefers_10_5,16,995
20260223083000,gaussian,diagnostic_weighted,pydda_3dvar_proxy,diagnostic_adaptive_v3,8,4.0,2,1.0,True,False,27,391,444,22.880000000000006,108.56,13500.0,32.70815214987154,21.24092236558605,39.0,30.13345718383789,23.064990997314453,37.947582947486765,-2.574694966033647,1.8240686317284016,2.574694966033647,1.8240686317284016,3.155357434804261,0.08090660089241695,1.0,1,1.0,19.496265710839154,1,2,3.831507921218872,1.2043037414550781,39.32872772216797,27,3.831304161636918,2.2196691036224365,3.7306049492267124,1.5981636520196105,0.9356883311818245,True,False,11.15556812286377,11.501720428466797,0.05000000074505806,1.0,0.6960538029670715,0.19885265827178955,0.0,False,,1.0,context_wind,29.44881550342992,5.724269861296339,0.006687606794957115,"[{""distance_vox"": 1.0, ""source_role"": ""context_wind"", ""z"": 28, ""y"": 391, ""x"": 444, ""u"": 29.44881550342992, ""v"": 5.724269861296339, ""base_weight"": 0.006687606794957115, ""time_conf"": 0.3089736164823223, ""qc_flags"": ""ok""}, {""distance_vox"": 1.0, ""source_role"": ""context_wind"", ""z"": 26, ""y"": 391, ""x"": 444, ""u"": 27.87658918221125, ""v"": 7.993483318692968, ""base_weight"": 0.006687606794957115, ""time_conf"": 0.3089736164823223, ""qc_flags"": ""ok""}, {""distance_vox"": 1.4142135623730951, ""source_role"": ""current_wind_train"", ""z"": 28, ""y"": 391, ""x"": 445, ""u"": 33.97871376374779, ""v"": 24.686980596283878, ""base_weight"": 0.5669373788524215, ""time_conf"": 1.0, ""qc_flags"": ""ok""}]",1,3.155357434804261,3.155357434804261,default_timepower15_8_4_conservative_v2,1,904
20260127121200,gaussian,diagnostic_weighted,pydda_3dvar_proxy,diagnostic_adaptive_v3,8,4.0,2,1.0,True,False,29,323,489,28.320000000000004,112.16,14500.0,22.384014458986123,-15.09820839371017,27.0,27.697845458984375,-5.989935874938965,28.338136404069733,5.3138309999982525,9.108272518771205,5.3138309999982525,9.108272518771205,10.545019116755796,0.390556263583548,0.8698818683624268,1,1.0,9.694710184548876,1,2,3.7695682048797607,0.21504783630371094,28.740262985229492,27,10.32288521307486,6.769655704498291,9.372868283482827,2.626239059926443,3.775363412257505,True,False,8.720027923583984,14.286725044250488,0.23509827256202698,0.15211248397827148,0.45381805300712585,0.1439351737499237,0.0,False,,2.23606797749979,context_wind,26.852091174943382,-2.822268508226631,0.014457159788279933,"[{""distance_vox"": 2.23606797749979, ""source_role"": ""context_wind"", ""z"": 29, ""y"": 325, ""x"": 490, ""u"": 26.852091174943382, ""v"": -2.822268508226631, ""base_weight"": 0.014457159788279933, ""time_conf"": 0.4156189480713939, ""qc_flags"": ""ok""}, {""distance_vox"": 2.8284271247461903, ""source_role"": ""current_wind_train"", ""z"": 27, ""y"": 323, ""x"": 491, ""u"": 26.492818271635432, ""v"": -11.795362649198193, ""base_weight"": 0.5669373788524215, ""time_conf"": 1.0, ""qc_flags"": ""ok""}, {""distance_vox"": 2.8284271247461903, ""source_role"": ""context_wind"", ""z"": 29, ""y"": 325, ""x"": 491, ""u"": 27.406859074035726, ""v"": -2.143837641514531, ""base_weight"": 0.02481616743855084, ""time_conf"": 0.4156189480713939, ""qc_flags"": ""ok""}]",5,5.965762428665507,5.0634693590500275,default_timepower15_8_4_conservative_v2,31,1186
20260203075400,gaussian,diagnostic_weighted,pydda_3dvar_proxy,diagnostic_adaptive_v3,10,5.0,2,1.0,True,False,29,325,489,28.160000000000004,112.16,14500.0,60.99070940453987,1.0645967926742934,61.00000000000001,46.810028076171875,4.837104320526123,47.059285021126826,-14.180681328367996,3.77250752785183,14.180681328367996,3.77250752785183,14.67390663676253,0.24055584650430373,1.0,1,1.0,14.19565629792665,1,2,2.9812428951263428,0.13358688354492188,49.76595687866211,27,14.711084542451081,11.805501937866211,15.550195122999206,2.309714679433829,2.8684046988963185,True,False,4.608922004699707,13.495537757873535,0.15479615330696106,0.7049506902694702,0.6802006959915161,0.07857454568147659,0.0,False,,0.0,context_wind,50.225195403622614,-8.856057061013429,0.004480663077194731,"[{""distance_vox"": 0.0, ""source_role"": ""context_wind"", ""z"": 29, ""y"": 325, ""x"": 489, ""u"": 50.225195403622614, ""v"": -8.856057061013429, ""base_weight"": 0.004480663077194731, ""time_conf"": 0.2648657735898238, ""qc_flags"": ""ok""}, {""distance_vox"": 1.0, ""source_role"": ""context_wind"", ""z"": 29, ""y"": 324, ""x"": 489, ""u"": 57.92051301576528, ""v"": -3.0354854620907483, ""base_weight"": 0.00894064499554136, ""time_conf"": 0.345478219991944, ""qc_flags"": ""ok""}, {""distance_vox"": 1.4142135623730951, ""source_role"": ""current_wind_train"", ""z"": 28, ""y"": 326, ""x"": 489, ""u"": 50.720616663781946, ""v"": 5.330951626650322, ""base_weight"": 0.5669373788524215, ""time_conf"": 1.0, ""qc_flags"": ""ok""}]",2,10.802383920015078,9.461774530058687,default_timepower15_8_4_conservative_v2;moderate_current_support_fresh_context_prefers_10_5,14,648
20260207010600,gaussian,diagnostic_weighted,pydda_3dvar_proxy,diagnostic_adaptive_v3,8,4.0,2,1.0,True,False,29,323,506,28.320000000000004,113.52000000000001,14500.0,37.16960882788461,7.900644251074872,38.0,34.192222595214844,9.287447929382324,35.43112720535022,-2.9773862326697653,1.3868036783074524,2.9773862326697653,1.3868036783074524,3.2845171974977596,0.08643466309204631,1.0,1,1.0,7.131012452224294,2,1,1.4747257232666016,0.15020370483398438,35.904014587402344,27,3.062846068982725,1.6805930137634277,3.062846068982725,0.7485584512596809,1.6039241837343319,True,False,5.731324672698975,12.080423355102539,0.0834624171257019,1.0,0.7440677285194397,0.8166188597679138,0.0,False,,0.0,context_wind,34.3454727952909,3.1704232878185,0.11150686253319174,"[{""distance_vox"": 0.0, ""source_role"": ""context_wind"", ""z"": 29, ""y"": 323, ""x"": 506, ""u"": 34.3454727952909, ""v"": 3.1704232878185, ""base_weight"": 0.11150686253319174, ""time_conf"": 0.7630396962665538, ""qc_flags"": ""ok""}, {""distance_vox"": 1.0, ""source_role"": ""current_wind_train"", ""z"": 28, ""y"": 323, ""x"": 506, ""u"": 37.71675376237024, ""v"": 4.631035049395592, ""base_weight"": 0.5669373788524215, ""time_conf"": 1.0, ""qc_flags"": ""ok""}, {""distance_vox"": 1.0, ""source_role"": ""current_wind_train"", ""z"": 29, ""y"": 324, ""x"": 506, ""u"": 35.56126577166391, ""v"": 10.197028871767268, ""base_weight"": 0.973165761934816, ""time_conf"": 1.0, ""qc_flags"": ""ok""}]",4,10.237787174153176,8.557396249679792,default_timepower15_8_4_conservative_v2,23,897
20260207010600,gaussian,diagnostic_weighted,pydda_3dvar_proxy,diagnostic_adaptive_v3,8,4.0,2,1.0,True,False,29,331,507,27.680000000000003,113.6,14500.0,24.485621953007115,13.572601879002477,27.995735464378956,31.06730079650879,10.893259048461914,32.92172947276089,6.581678843501674,-2.6793428305405627,6.581678843501674,2.6793428305405627,7.1061504629839245,0.2538297474637023,1.0,2,1.0,8.714965352384215,1,2,0.3738805651664734,0.058319091796875,33.081546783447266,27,7.14881995872215,6.6148810386657715,7.14881995872215,0.422867519542861,0.491269424318153,True,False,5.364405155181885,11.453065872192383,0.05000000074505806,1.0,0.5104933977127075,0.21553157269954681,0.0,False,,1.0,current_wind_train,26.739360780916783,12.847481837592186,1.2642411176571153,"[{""distance_vox"": 1.0, ""source_role"": ""current_wind_train"", ""z"": 29, ""y"": 330, ""x"": 507, ""u"": 26.739360780916783, ""v"": 12.847481837592186, ""base_weight"": 1.2642411176571153, ""time_conf"": 1.0, ""qc_flags"": ""ok""}, {""distance_vox"": 1.0, ""source_role"": ""context_wind"", ""z"": 29, ""y"": 331, ""x"": 508, ""u"": 31.513848096390657, ""v"": 5.556741685341771, ""base_weight"": 0.017662297760962342, ""time_conf"": 0.4488932925326846, ""qc_flags"": ""ok""}, {""distance_vox"": 1.4142135623730951, ""source_role"": ""context_wind"", ""z"": 29, ""y"": 330, ""x"": 508, ""u"": 31.727467680697266, ""v"": 7.038279449757933, ""base_weight"": 0.030317887123369195, ""time_conf"": 0.4488932925326846, ""qc_flags"": ""ok""}]",4,10.237787174153176,8.557396249679792,default_timepower15_8_4_conservative_v2,23,897
20260211000000,gaussian,diagnostic_weighted,pydda_3dvar_proxy,diagnostic_adaptive_v3,10,5.0,2,1.0,True,False,25,374,516,24.240000000000002,114.32,12500.0,27.580638972559456,-8.96149283687347,29.0,31.272201538085938,-5.623676300048828,31.773830807228695,3.691562565526482,3.3378165368246417,3.691562565526482,3.3378165368246417,4.976811570543585,0.17161419208770984,1.0,1,1.0,0.0,0,3,5.864758491516113,1.3317756652832031,36.91217041015625,27,6.051585206279048,1.9147543907165527,6.051585206279048,3.5572191986994834,3.0620571798270326,True,False,8.032092094421387,14.535181045532227,0.40752631425857544,0.059565600007772446,0.8024628758430481,0.7277714014053345,0.0,True,context_only_nearest_support,1.0,context_wind,23.012621336311014,-9.768278212231838,0.12443666309898561,"[{""distance_vox"": 1.0, ""source_role"": ""context_wind"", ""z"": 25, ""y"": 373, ""x"": 516, ""u"": 23.012621336311014, ""v"": -9.768278212231838, ""base_weight"": 0.12443666309898561, ""time_conf"": 0.9511717534876208, ""qc_flags"": ""ok""}, {""distance_vox"": 1.4142135623730951, ""source_role"": ""context_wind"", ""z"": 26, ""y"": 373, ""x"": 516, ""u"": 36.99436472078648, ""v"": 0.6457390381794893, ""base_weight"": 0.07695453640207563, ""time_conf"": 0.7906500072394963, ""qc_flags"": ""ok""}, {""distance_vox"": 1.4142135623730951, ""source_role"": ""context_wind"", ""z"": 24, ""y"": 374, ""x"": 515, ""u"": 18.584804413942305, ""v"": -3.9503221255374292, ""base_weight"": 0.06962290108012459, ""time_conf"": 0.7607822836063717, ""qc_flags"": ""ok""}]",2,3.552872061255761,2.833784692635507,default_timepower15_8_4_conservative_v2;moderate_current_support_fresh_context_prefers_10_5,12,904
20260215041800,gaussian,diagnostic_weighted,pydda_3dvar_proxy,diagnostic_adaptive_v3,8,4.0,2,1.0,True,False,24,330,503,27.760000000000005,113.28,12000.0,16.914467174146353,6.156362579862034,18.0,18.21111297607422,9.737703323364258,20.651089604212125,1.2966458019278662,3.581340743502224,1.2966458019278662,3.581340743502224,3.808843900283421,0.2116024389046345,1.0,1,1.0,14.282609460307041,1,2,2.584219217300415,0.050662994384765625,20.768756866455078,27,4.150316732901114,2.500434398651123,4.150316732901114,1.273406553992797,1.308409501632298,True,False,3.1323740482330322,10.653573989868164,0.05000000074505806,1.0,0.728355348110199,0.5190979838371277,0.0,False,,1.4142135623730951,current_wind_train,17.213485607334636,5.262690685009268,0.5669373788524215,"[{""distance_vox"": 1.4142135623730951, ""source_role"": ""current_wind_train"", ""z"": 25, ""y"": 331, ""x"": 503, ""u"": 17.213485607334636, ""v"": 5.262690685009268, ""base_weight"": 0.5669373788524215, ""time_conf"": 1.0, ""qc_flags"": ""ok""}, {""distance_vox"": 2.23606797749979, ""source_role"": ""context_wind"", ""z"": 24, ""y"": 328, ""x"": 502, ""u"": 20.493150056332464, ""v"": 10.441781494009577, ""base_weight"": 0.09496130149357467, ""time_conf"": 0.8572439828530728, ""qc_flags"": ""ok""}, {""distance_vox"": 2.449489742783178, ""source_role"": ""context_wind"", ""z"": 23, ""y"": 328, ""x"": 502, ""u"": 22.21528885045036, ""v"": 18.640840680909644, ""base_weight"": 0.011255834657055878, ""time_conf"": 0.3774727605221715, ""qc_flags"": ""ok""}]",4,6.751520415217176,5.566381496284362,default_timepower15_8_4_conservative_v2,21,624
20260215041800,gaussian,diagnostic_weighted,pydda_3dvar_proxy,diagnostic_adaptive_v3,8,4.0,2,1.0,True,False,29,332,503,27.600000000000005,113.28,14500.0,30.375002246149805,19.31996973029544,35.9986387497241,22.21783447265625,11.746732711791992,25.13200943133351,-8.157167773493555,-7.573237018503448,8.157167773493555,7.573237018503448,11.13073694879871,0.3091988290497239,1.0,2,1.0,22.28278405501833,1,2,3.523789167404175,0.6289768218994141,27.206966400146484,27,11.272929385856346,5.9992523193359375,12.116678960314951,2.7424806010665943,5.131484629462772,True,False,12.98531723022461,14.681510925292969,0.315114825963974,0.275320440530777,0.700096845626831,0.1917198747396469,0.0,False,,2.23606797749979,current_wind_train,18.79385241571817,6.8404028665133705,0.5669373788524215,"[{""distance_vox"": 2.23606797749979, ""source_role"": ""current_wind_train"", ""z"": 27, ""y"": 331, ""x"": 503, ""u"": 18.79385241571817, ""v"": 6.8404028665133705, ""base_weight"": 0.5669373788524215, ""time_conf"": 1.0, ""qc_flags"": ""ok""}, {""distance_vox"": 2.23606797749979, ""source_role"": ""context_wind"", ""z"": 29, ""y"": 333, ""x"": 505, ""u"": 37.42227401591145, ""v"": 19.06760098906097, ""base_weight"": 0.011833651089600375, ""time_conf"": 0.38481107396674813, ""qc_flags"": ""ok""}, {""distance_vox"": 3.0, ""source_role"": ""context_wind"", ""z"": 27, ""y"": 331, ""x"": 505, ""u"": 38.527397452222246, ""v"": 14.02282587635241, ""base_weight"": 0.010706231987718575, ""time_conf"": 0.37027438807164104, ""qc_flags"": ""ok""}]",4,6.751520415217176,5.566381496284362,default_timepower15_8_4_conservative_v2,21,624
20260223133000,gaussian,diagnostic_weighted,pydda_3dvar_proxy,diagnostic_adaptive_v3,10,5.0,2,1.0,True,False,27,345,498,26.560000000000002,112.88,13500.0,147.24109297624045,-106.97691591723007,182.0,145.90147399902344,-46.58116149902344,153.15692841554971,-1.3396189772170146,60.395754418206636,1.3396189772170146,60.395754418206636,60.410609422091134,0.3319264253961051,0.370887815952301,1,1.0,131.66102047050882,1,2,31.55841827392578,13.749771118164062,155.4203643798828,27,67.9346940782335,58.6772346496582,62.474389887254326,12.249446582081267,1.7333747724329314,True,True,126.82325744628906,14.930655479431152,0.32814955711364746,0.30768781900405884,0.783109188079834,0.014089941047132015,0.00946633331477642,True,extreme_truth_speed_ge_120mps;extreme_prediction_speed_ge_120mps;high_vector_error_ge_30mps;nearest_current_context_role_gap_ge_30mps;role_conflict_triggered_at_holdout_voxel;rapid_reconstructed_vertical_jump_ge_25mps,1.4142135623730951,current_wind_train,155.9732686724052,-50.67878707749134,0.28346868942621073,"[{""distance_vox"": 1.4142135623730951, ""source_role"": ""current_wind_train"", ""z"": 26, ""y"": 345, ""x"": 497, ""u"": 155.9732686724052, ""v"": -50.67878707749134, ""base_weight"": 0.28346868942621073, ""time_conf"": 1.0, ""qc_flags"": ""ok""}, {""distance_vox"": 10.04987562112089, ""source_role"": ""context_wind"", ""z"": 29, ""y"": 336, ""x"": 494, ""u"": 40.8954302006916, ""v"": 13.287730758122747, ""base_weight"": 0.0485530501572223, ""time_conf"": 0.6622994455392386, ""qc_flags"": ""ok""}, {""distance_vox"": 10.099504938362077, ""source_role"": ""context_wind"", ""z"": 29, ""y"": 338, ""x"": 505, ""u"": 54.09184627218782, ""v"": 14.493866525741154, ""base_weight"": 0.0867786238595447, ""time_conf"": 0.8280431057900104, ""qc_flags"": ""ok""}]",3,109.69269797723214,80.43043119863744,default_timepower15_8_4_conservative_v2;moderate_current_support_fresh_context_prefers_10_5,17,671
20260223133000,gaussian,diagnostic_weighted,pydda_3dvar_proxy,diagnostic_adaptive_v3,10,5.0,2,1.0,True,False,29,345,498,26.560000000000002,112.88,14500.0,135.03567529237466,-144.8080329205958,198.0,51.40687942504883,14.73408031463623,53.47672741426554,-83.62879586732583,159.54211323523202,83.62879586732583,159.54211323523202,180.13178895959052,0.9097565098969218,0.14510652422904968,1,1.0,131.66102047050882,1,2,81.11493682861328,34.8222541809082,123.3939437866211,27,159.67131240279585,109.47940063476562,159.85149193641357,29.476293882383647,70.6523883248249,False,False,0.0,16.461790084838867,0.4514883756637573,0.0,0.7801196575164795,0.06774400174617767,0.0,True,extreme_truth_speed_ge_120mps;high_vector_error_ge_30mps;nearest_current_context_role_gap_ge_30mps;rapid_reconstructed_vertical_jump_ge_25mps;strong_wind_vertical_context_mismatch_candidate,3.1622776601683795,current_wind_train,155.9732686724052,-50.67878707749134,0.28346868942621073,"[{""distance_vox"": 3.1622776601683795, ""source_role"": ""current_wind_train"", ""z"": 26, ""y"": 345, ""x"": 497, ""u"": 155.9732686724052, ""v"": -50.67878707749134, ""base_weight"": 0.28346868942621073, ""time_conf"": 1.0, ""qc_flags"": ""ok""}, {""distance_vox"": 9.848857801796104, ""source_role"": ""context_wind"", ""z"": 29, ""y"": 336, ""x"": 494, ""u"": 40.8954302006916, ""v"": 13.287730758122747, ""base_weight"": 0.0485530501572223, ""time_conf"": 0.6622994455392386, ""qc_flags"": ""ok""}, {""distance_vox"": 9.899494936611665, ""source_role"": ""context_wind"", ""z"": 29, ""y"": 338, ""x"": 505, ""u"": 54.09184627218782, ""v"": 14.493866525741154, ""base_weight"": 0.0867786238595447, ""time_conf"": 0.8280431057900104, ""qc_flags"": ""ok""}]",3,109.69269797723214,80.43043119863744,default_timepower15_8_4_conservative_v2;moderate_current_support_fresh_context_prefers_10_5,17,671
